"loan_id","issue_month","term","grade","loan_amount","interest_rate"
2,"Feb-2018",36,"C",5000,12.61
3,"Feb-2018",36,"D",2000,17.09
4,"Jan-2018",36,"A",21600,6.72
5,"Mar-2018",36,"C",23000,14.07
6,"Jan-2018",36,"A",5000,6.72
9,"Feb-2018",36,"C",20000,13.59
10,"Mar-2018",36,"A",6400,6.71
13,"Feb-2018",36,"C",16000,13.59
15,"Jan-2018",36,"D",3000,19.03
19,"Feb-2018",36,"E",5000,26.77
21,"Jan-2018",36,"A",7000,6.08
22,"Mar-2018",36,"B",10000,11.98
24,"Mar-2018",36,"A",3500,6.71
25,"Mar-2018",36,"A",8000,7.96
27,"Mar-2018",36,"B",10000,11.98
28,"Feb-2018",36,"A",3200,7.34
29,"Jan-2018",36,"A",10000,5.32
30,"Mar-2018",36,"A",6000,6.07
31,"Feb-2018",36,"C",12000,12.62
36,"Jan-2018",36,"A",2400,6.08
37,"Jan-2018",36,"D",10000,21.45
39,"Jan-2018",36,"B",9500,10.42
40,"Feb-2018",36,"C",30000,12.61
44,"Feb-2018",36,"C",10000,15.05
46,"Jan-2018",36,"A",15000,6.72
47,"Mar-2018",36,"A",20000,6.71
48,"Feb-2018",36,"C",4500,15.05
50,"Jan-2018",36,"B",10000,10.42
54,"Mar-2018",36,"A",10000,6.07
55,"Mar-2018",36,"A",12000,6.07
56,"Mar-2018",36,"D",1925,17.47
57,"Mar-2018",36,"A",15000,7.34
58,"Feb-2018",36,"C",20000,13.59
59,"Jan-2018",36,"A",6000,6.72
60,"Feb-2018",36,"A",10000,5.31
61,"Jan-2018",36,"B",25000,9.93
62,"Mar-2018",36,"B",10000,9.92
63,"Feb-2018",36,"B",6000,9.93
65,"Feb-2018",36,"A",15000,7.97
66,"Mar-2018",36,"A",20000,5.31
69,"Mar-2018",36,"C",5500,12.61
70,"Jan-2018",36,"C",5000,12.62
71,"Mar-2018",36,"D",9600,17.47
72,"Jan-2018",36,"C",15000,12.62
73,"Mar-2018",36,"A",10000,6.71
75,"Feb-2018",36,"C",7200,12.62
77,"Jan-2018",36,"B",4200,10.91
78,"Feb-2018",36,"D",2400,17.47
79,"Jan-2018",36,"D",12800,18.06
80,"Jan-2018",36,"C",8000,16.02
81,"Feb-2018",36,"D",30000,19.03
82,"Jan-2018",36,"C",7000,12.62
83,"Feb-2018",36,"A",25000,6.07
86,"Mar-2018",36,"A",5000,7.96
89,"Mar-2018",36,"C",5000,12.61
90,"Mar-2018",36,"A",7000,7.96
93,"Feb-2018",36,"E",15000,22.91
94,"Jan-2018",36,"A",20000,7.97
96,"Jan-2018",36,"A",12000,6.08
97,"Feb-2018",36,"A",16500,5.32
98,"Feb-2018",36,"A",19200,5.32
99,"Jan-2018",36,"B",7050,9.93
101,"Feb-2018",36,"C",11200,15.05
102,"Mar-2018",36,"A",8000,7.96
105,"Feb-2018",36,"C",7200,13.59
106,"Mar-2018",36,"C",12000,15.04
107,"Mar-2018",36,"A",20000,5.31
108,"Feb-2018",36,"C",7200,14.08
109,"Jan-2018",36,"C",6000,13.59
110,"Feb-2018",36,"A",5000,7.97
112,"Jan-2018",36,"A",15600,6.08
114,"Feb-2018",36,"B",10000,10.42
115,"Mar-2018",36,"D",30000,17.47
116,"Mar-2018",36,"B",30000,10.9
117,"Jan-2018",36,"A",16000,6.08
118,"Mar-2018",36,"C",20000,12.61
119,"Feb-2018",36,"E",6275,23.87
120,"Feb-2018",36,"D",15000,18.06
122,"Feb-2018",36,"C",10000,16.02
123,"Feb-2018",36,"B",25000,9.93
124,"Mar-2018",36,"B",12000,9.92
125,"Jan-2018",36,"A",6000,7.35
126,"Feb-2018",36,"B",12000,10.91
128,"Mar-2018",36,"C",20000,14.07
129,"Mar-2018",36,"A",8500,7.34
131,"Feb-2018",36,"A",40000,6.72
132,"Mar-2018",36,"C",9000,16.01
133,"Mar-2018",36,"A",7200,7.34
134,"Feb-2018",36,"E",6100,23.88
135,"Jan-2018",36,"C",2250,15.05
136,"Feb-2018",36,"A",10000,6.72
137,"Feb-2018",36,"D",25000,21.45
140,"Feb-2018",36,"C",12000,15.05
141,"Jan-2018",36,"B",10000,9.44
142,"Feb-2018",36,"D",2200,17.09
143,"Mar-2018",36,"C",4800,16.01
145,"Jan-2018",36,"C",35000,12.62
147,"Mar-2018",36,"B",2400,10.41
148,"Jan-2018",36,"A",19600,5.32
151,"Feb-2018",36,"A",13000,5.32
154,"Feb-2018",36,"A",7000,6.08
156,"Mar-2018",36,"C",35000,16.01
158,"Mar-2018",36,"B",20000,9.92
160,"Mar-2018",36,"A",12000,6.71
161,"Mar-2018",36,"D",16000,17.47
162,"Jan-2018",36,"B",10000,11.99
163,"Feb-2018",36,"C",10000,13.59
164,"Jan-2018",36,"A",15000,7.35
166,"Feb-2018",36,"A",40000,7.97
168,"Mar-2018",36,"C",32175,12.61
175,"Feb-2018",36,"D",11000,18.06
179,"Feb-2018",36,"A",25000,6.72
181,"Mar-2018",36,"A",28000,6.71
182,"Mar-2018",36,"A",10000,6.07
183,"Jan-2018",36,"A",10000,7.35
184,"Feb-2018",36,"C",10000,13.59
185,"Jan-2018",36,"C",2500,13.59
186,"Mar-2018",36,"A",6500,5.31
187,"Jan-2018",36,"A",10000,7.97
188,"Jan-2018",36,"A",14500,7.35
189,"Jan-2018",36,"B",40000,11.99
190,"Feb-2018",36,"C",16000,16.02
191,"Jan-2018",36,"B",14000,9.93
192,"Feb-2018",36,"D",10000,19.42
193,"Mar-2018",36,"A",2400,7.96
194,"Jan-2018",36,"C",17000,13.59
195,"Mar-2018",36,"C",24000,12.61
196,"Feb-2018",36,"D",20000,19.03
197,"Mar-2018",36,"C",30000,16.01
198,"Jan-2018",36,"A",3600,6.72
199,"Mar-2018",36,"A",20000,6.07
200,"Jan-2018",36,"C",8000,15.05
201,"Mar-2018",36,"A",16000,6.07
202,"Mar-2018",36,"C",24000,13.58
203,"Feb-2018",36,"B",2000,10.42
204,"Mar-2018",36,"B",2000,11.98
205,"Mar-2018",36,"B",6500,9.43
206,"Feb-2018",36,"C",8000,16.02
207,"Feb-2018",36,"D",7000,18.06
210,"Jan-2018",36,"B",35000,10.42
211,"Jan-2018",36,"B",26000,10.42
214,"Jan-2018",36,"A",15000,5.32
216,"Mar-2018",36,"B",15000,9.44
217,"Feb-2018",36,"C",10000,14.08
218,"Jan-2018",36,"A",5000,7.35
220,"Mar-2018",36,"C",10000,15.04
223,"Mar-2018",36,"A",10000,6.72
224,"Feb-2018",36,"A",8000,5.32
226,"Feb-2018",36,"A",20000,5.32
227,"Mar-2018",36,"B",9000,10.41
229,"Feb-2018",36,"A",3000,6.07
230,"Jan-2018",36,"B",8000,9.93
231,"Mar-2018",36,"B",10000,11.99
232,"Mar-2018",36,"A",5000,6.71
233,"Feb-2018",36,"A",15000,5.31
235,"Feb-2018",36,"B",40000,10.9
236,"Jan-2018",36,"C",3000,12.62
237,"Jan-2018",36,"B",1500,10.42
238,"Feb-2018",36,"C",28000,15.05
239,"Feb-2018",36,"A",8000,6.71
241,"Mar-2018",36,"B",40000,9.44
242,"Feb-2018",36,"B",11000,11.99
243,"Jan-2018",36,"B",3300,11.99
244,"Mar-2018",36,"A",15000,6.07
245,"Feb-2018",36,"A",11500,5.31
246,"Mar-2018",36,"A",16500,6.07
249,"Feb-2018",36,"C",4400,14.08
251,"Jan-2018",36,"B",3125,10.91
255,"Feb-2018",36,"A",35000,6.08
256,"Mar-2018",36,"B",14000,11.98
257,"Mar-2018",36,"B",16000,9.92
258,"Feb-2018",36,"C",8000,13.59
259,"Feb-2018",36,"B",7000,10.41
261,"Feb-2018",36,"A",10000,7.97
262,"Mar-2018",36,"D",2500,19.42
264,"Jan-2018",36,"A",5000,6.72
265,"Jan-2018",36,"B",9000,10.91
266,"Mar-2018",36,"D",5000,17.47
267,"Mar-2018",36,"B",10000,10.41
268,"Jan-2018",36,"A",1200,6.72
269,"Feb-2018",36,"B",10000,9.44
270,"Mar-2018",36,"C",6000,12.61
271,"Mar-2018",36,"A",2500,7.96
272,"Mar-2018",36,"B",32000,10.9
274,"Mar-2018",36,"A",10000,7.96
278,"Mar-2018",36,"B",16000,10.9
279,"Feb-2018",36,"A",20000,6.08
280,"Jan-2018",36,"B",10000,9.93
281,"Mar-2018",36,"C",10000,12.61
285,"Mar-2018",36,"B",1950,9.43
287,"Mar-2018",36,"A",8000,7.34
288,"Mar-2018",36,"A",8500,7.96
289,"Mar-2018",36,"C",12000,13.58
293,"Jan-2018",36,"E",1000,22.91
294,"Mar-2018",36,"C",15000,12.61
295,"Feb-2018",36,"B",13250,9.93
296,"Jan-2018",36,"A",10000,6.72
297,"Mar-2018",36,"D",18000,19.42
298,"Mar-2018",36,"B",2400,9.92
300,"Jan-2018",36,"B",36525,10.42
301,"Jan-2018",36,"A",5000,7.35
302,"Mar-2018",36,"A",28000,6.71
303,"Feb-2018",36,"C",35000,12.62
307,"Mar-2018",36,"B",7000,10.9
308,"Jan-2018",36,"B",20000,11.99
309,"Mar-2018",36,"A",40000,7.34
310,"Feb-2018",36,"C",10000,12.61
311,"Mar-2018",36,"A",8000,6.71
312,"Mar-2018",36,"B",4000,9.43
313,"Jan-2018",36,"C",30000,13.59
314,"Jan-2018",36,"A",20000,6.08
315,"Mar-2018",36,"A",24000,7.96
316,"Feb-2018",36,"A",4000,7.35
318,"Mar-2018",36,"A",24000,6.07
319,"Jan-2018",36,"D",2800,19.03
321,"Feb-2018",36,"B",12000,10.42
322,"Mar-2018",36,"B",9600,9.44
323,"Feb-2018",36,"A",9600,5.31
324,"Jan-2018",36,"A",3500,7.97
325,"Jan-2018",36,"A",8000,5.32
326,"Jan-2018",36,"B",12000,10.91
327,"Jan-2018",36,"B",32400,10.91
328,"Jan-2018",36,"D",3600,19.03
330,"Jan-2018",36,"C",8300,13.59
331,"Jan-2018",36,"A",25600,5.32
334,"Jan-2018",36,"A",4000,7.35
335,"Mar-2018",36,"B",1000,9.92
337,"Feb-2018",36,"A",40000,7.35
338,"Mar-2018",36,"B",22000,9.43
339,"Feb-2018",36,"B",6400,9.44
340,"Jan-2018",36,"D",12000,17.09
341,"Jan-2018",36,"D",30000,18.06
343,"Feb-2018",36,"A",20000,6.72
344,"Feb-2018",36,"B",24000,9.43
347,"Feb-2018",36,"D",30000,18.06
348,"Mar-2018",36,"C",9000,15.04
349,"Feb-2018",36,"C",28000,13.59
351,"Feb-2018",36,"C",5000,15.05
353,"Jan-2018",36,"A",25000,7.35
354,"Feb-2018",36,"B",25000,11.98
355,"Jan-2018",36,"C",14000,13.59
356,"Mar-2018",36,"B",6000,11.98
357,"Jan-2018",36,"A",12000,7.35
358,"Mar-2018",36,"B",20000,9.92
359,"Jan-2018",36,"C",10000,14.08
361,"Mar-2018",36,"D",5000,17.47
362,"Mar-2018",36,"B",10000,9.43
363,"Jan-2018",36,"A",10000,7.97
365,"Feb-2018",36,"C",17000,14.08
366,"Jan-2018",36,"A",19475,7.97
367,"Mar-2018",36,"C",10000,14.07
368,"Jan-2018",36,"B",8000,9.93
369,"Jan-2018",36,"B",10000,10.42
372,"Feb-2018",36,"A",11300,7.35
374,"Mar-2018",36,"A",10000,7.96
375,"Mar-2018",36,"C",25000,13.58
377,"Mar-2018",36,"A",19200,7.34
378,"Jan-2018",36,"A",14000,6.08
379,"Mar-2018",36,"C",13000,12.61
382,"Feb-2018",36,"A",7000,6.08
384,"Jan-2018",36,"C",20000,16.02
386,"Mar-2018",36,"C",12000,12.61
387,"Jan-2018",36,"C",8650,14.08
388,"Jan-2018",36,"D",7500,17.09
389,"Mar-2018",36,"A",21000,7.96
390,"Jan-2018",36,"B",12000,10.42
391,"Mar-2018",36,"A",10000,7.34
393,"Jan-2018",36,"A",8500,6.72
394,"Feb-2018",36,"B",18000,10.42
396,"Mar-2018",36,"C",9500,16.01
397,"Jan-2018",36,"C",20000,14.08
398,"Mar-2018",36,"B",10000,10.9
399,"Mar-2018",36,"A",30000,5.31
401,"Feb-2018",36,"B",25000,9.93
402,"Mar-2018",36,"B",30000,9.43
404,"Jan-2018",36,"A",8000,7.97
405,"Jan-2018",36,"A",12000,7.35
407,"Feb-2018",36,"C",8000,14.07
408,"Jan-2018",36,"B",10000,11.99
409,"Mar-2018",36,"A",6650,5.31
410,"Jan-2018",36,"A",10000,5.32
411,"Jan-2018",36,"B",5200,11.99
413,"Jan-2018",36,"A",6000,6.72
414,"Jan-2018",36,"A",5000,7.97
415,"Jan-2018",36,"A",3500,5.32
416,"Feb-2018",36,"E",15000,22.91
418,"Mar-2018",36,"C",11200,15.05
419,"Jan-2018",36,"A",40000,7.35
420,"Jan-2018",36,"B",10000,11.99
421,"Feb-2018",36,"B",36000,9.93
423,"Jan-2018",36,"C",9000,13.59
426,"Feb-2018",36,"A",7000,5.31
428,"Jan-2018",36,"B",1000,11.99
429,"Jan-2018",36,"A",7000,6.08
430,"Jan-2018",36,"D",5000,19.03
431,"Jan-2018",36,"A",30000,7.35
432,"Mar-2018",36,"A",6000,7.96
433,"Feb-2018",36,"D",20000,20.39
435,"Mar-2018",36,"A",12000,7.96
436,"Jan-2018",36,"A",5000,5.32
437,"Jan-2018",36,"C",15000,14.08
438,"Mar-2018",36,"D",15000,18.45
439,"Feb-2018",36,"A",5000,6.72
441,"Mar-2018",36,"B",17975,10.9
445,"Mar-2018",36,"B",3300,9.43
447,"Feb-2018",36,"B",7200,11.98
449,"Mar-2018",36,"B",25000,11.98
451,"Jan-2018",36,"B",4000,9.93
452,"Feb-2018",36,"B",40000,9.43
453,"Feb-2018",36,"B",40000,10.41
454,"Mar-2018",36,"A",13000,7.34
455,"Mar-2018",36,"C",15000,14.07
457,"Feb-2018",36,"A",13000,7.97
459,"Feb-2018",36,"D",3000,21.45
462,"Feb-2018",36,"B",2500,10.42
463,"Mar-2018",36,"D",4000,17.47
465,"Mar-2018",36,"A",6400,7.35
466,"Jan-2018",36,"D",6900,17.09
467,"Jan-2018",36,"C",6000,13.59
468,"Mar-2018",36,"A",3000,6.07
469,"Feb-2018",36,"B",10000,9.93
470,"Jan-2018",36,"B",12000,9.44
471,"Feb-2018",36,"B",16000,11.99
474,"Feb-2018",36,"B",12000,10.41
475,"Mar-2018",36,"C",6000,12.61
476,"Mar-2018",36,"A",6500,6.71
477,"Jan-2018",36,"B",6000,10.42
478,"Feb-2018",36,"D",7500,18.06
479,"Feb-2018",36,"A",10000,6.08
480,"Jan-2018",36,"A",27500,7.97
482,"Mar-2018",36,"C",6000,15.04
484,"Jan-2018",36,"D",2500,17.09
485,"Feb-2018",36,"D",7000,20
486,"Feb-2018",36,"B",8000,9.44
489,"Jan-2018",36,"A",4000,7.97
490,"Mar-2018",36,"B",6500,11.98
491,"Mar-2018",36,"A",40000,6.07
493,"Mar-2018",36,"B",10000,9.44
494,"Mar-2018",36,"B",15000,9.43
498,"Feb-2018",36,"C",15000,13.59
499,"Jan-2018",36,"A",10000,7.35
500,"Mar-2018",36,"A",8000,6.71
501,"Feb-2018",36,"B",6300,9.44
502,"Jan-2018",36,"A",4500,6.72
503,"Feb-2018",36,"A",30000,7.97
505,"Feb-2018",36,"A",16000,6.72
506,"Jan-2018",36,"A",24000,5.32
507,"Feb-2018",36,"D",15000,17.47
508,"Jan-2018",36,"C",15000,15.05
509,"Jan-2018",36,"B",14000,10.91
511,"Jan-2018",36,"A",12000,5.32
512,"Feb-2018",36,"C",35000,12.62
513,"Mar-2018",36,"C",10000,12.61
514,"Jan-2018",36,"B",5000,10.91
515,"Jan-2018",36,"A",36500,5.32
516,"Mar-2018",36,"A",4800,7.96
517,"Feb-2018",36,"B",25000,11.99
518,"Feb-2018",36,"A",20000,6.08
519,"Mar-2018",36,"C",2400,13.58
520,"Feb-2018",36,"A",6000,7.35
521,"Jan-2018",36,"A",20000,7.97
522,"Jan-2018",36,"B",24000,10.42
523,"Mar-2018",36,"A",15000,6.71
524,"Mar-2018",36,"A",20000,5.31
525,"Feb-2018",36,"C",11000,12.61
526,"Jan-2018",36,"E",7500,25.82
527,"Jan-2018",36,"D",14800,18.06
528,"Jan-2018",36,"B",20000,9.44
529,"Jan-2018",36,"D",10000,19.03
530,"Jan-2018",36,"A",22000,5.32
531,"Feb-2018",36,"B",10000,11.99
532,"Mar-2018",36,"A",13000,7.96
533,"Mar-2018",36,"D",32000,18.45
536,"Mar-2018",36,"A",2050,7.96
537,"Feb-2018",36,"C",12000,13.58
538,"Mar-2018",36,"A",12000,7.34
539,"Mar-2018",36,"B",12000,9.43
540,"Feb-2018",36,"C",5400,15.05
541,"Feb-2018",36,"B",6000,11.98
542,"Jan-2018",36,"C",7400,13.59
543,"Feb-2018",36,"C",8000,14.08
545,"Mar-2018",36,"C",10000,16.01
546,"Mar-2018",36,"B",40000,9.43
547,"Jan-2018",36,"B",9500,9.93
553,"Mar-2018",36,"A",21975,7.96
554,"Jan-2018",36,"B",12000,10.91
556,"Feb-2018",36,"A",10000,5.31
558,"Mar-2018",36,"D",20000,21.85
559,"Jan-2018",36,"A",10000,7.35
561,"Feb-2018",36,"A",15000,6.08
562,"Mar-2018",36,"C",8000,16.01
563,"Mar-2018",36,"B",6025,10.9
564,"Jan-2018",36,"A",30000,7.35
566,"Jan-2018",36,"A",35000,6.72
567,"Mar-2018",36,"B",12000,9.92
570,"Jan-2018",36,"D",20000,20
571,"Mar-2018",36,"B",1600,10.9
572,"Feb-2018",36,"C",6000,13.58
574,"Mar-2018",36,"B",15000,10.9
575,"Jan-2018",36,"B",3000,10.42
576,"Feb-2018",36,"E",39600,22.91
577,"Jan-2018",36,"C",5000,12.62
578,"Feb-2018",36,"C",18875,14.07
579,"Jan-2018",36,"C",40000,15.05
581,"Mar-2018",36,"C",6000,16.01
583,"Feb-2018",36,"A",9500,7.35
585,"Feb-2018",36,"B",20000,9.44
586,"Feb-2018",36,"C",35000,16.01
587,"Mar-2018",36,"B",7000,10.9
588,"Feb-2018",36,"A",16700,6.72
589,"Jan-2018",36,"B",15000,9.93
590,"Jan-2018",36,"B",40000,11.99
591,"Feb-2018",36,"B",24000,9.93
592,"Mar-2018",36,"B",4000,10.41
593,"Jan-2018",36,"C",35000,13.59
594,"Feb-2018",36,"C",9525,15.05
596,"Feb-2018",36,"D",20000,19.03
597,"Feb-2018",36,"A",10000,6.08
598,"Feb-2018",36,"B",3500,11.99
599,"Feb-2018",36,"A",9000,5.31
601,"Jan-2018",36,"C",5000,13.59
602,"Jan-2018",36,"C",5000,13.59
603,"Mar-2018",36,"B",2200,11.98
604,"Jan-2018",36,"C",10000,14.08
605,"Jan-2018",36,"C",2000,15.05
606,"Jan-2018",36,"C",6025,12.62
609,"Jan-2018",36,"A",38400,6.72
610,"Mar-2018",36,"B",40000,9.92
612,"Mar-2018",36,"B",10000,9.43
615,"Jan-2018",36,"A",24000,6.72
616,"Feb-2018",36,"C",10000,13.58
617,"Mar-2018",36,"B",6250,9.92
618,"Mar-2018",36,"B",25000,10.41
619,"Feb-2018",36,"B",4000,10.91
621,"Jan-2018",36,"B",12000,10.91
622,"Mar-2018",36,"A",20000,6.07
623,"Feb-2018",36,"B",20000,10.42
624,"Mar-2018",36,"B",16000,9.43
625,"Mar-2018",36,"A",21000,6.08
627,"Mar-2018",36,"A",7200,6.07
629,"Feb-2018",36,"C",10000,16.02
630,"Jan-2018",36,"B",8500,10.42
632,"Feb-2018",36,"A",5000,7.34
633,"Mar-2018",36,"D",30000,19.42
634,"Jan-2018",36,"C",21000,15.05
638,"Mar-2018",36,"B",35000,10.41
639,"Jan-2018",36,"C",5000,14.08
640,"Feb-2018",36,"B",6000,11.99
643,"Jan-2018",36,"A",8000,6.08
644,"Mar-2018",36,"A",35200,6.71
645,"Jan-2018",36,"B",6000,10.42
646,"Mar-2018",36,"A",6000,7.34
647,"Mar-2018",36,"D",10000,17.47
648,"Jan-2018",36,"B",35000,9.93
652,"Jan-2018",36,"A",2000,7.97
654,"Feb-2018",36,"A",7500,7.96
655,"Feb-2018",36,"A",10000,6.72
657,"Mar-2018",36,"A",10000,7.96
658,"Feb-2018",36,"B",9500,10.42
659,"Jan-2018",36,"A",11500,6.08
660,"Jan-2018",36,"A",18000,6.72
661,"Feb-2018",36,"A",10000,5.31
662,"Jan-2018",36,"B",6000,10.42
664,"Feb-2018",36,"A",15000,7.35
666,"Feb-2018",36,"A",9500,5.32
667,"Jan-2018",36,"C",10000,16.02
668,"Mar-2018",36,"B",6000,9.92
669,"Feb-2018",36,"A",30000,6.71
670,"Jan-2018",36,"C",10000,14.08
671,"Jan-2018",36,"B",12000,9.44
672,"Feb-2018",36,"C",16000,16.02
673,"Jan-2018",36,"B",24000,10.42
674,"Feb-2018",36,"A",4000,7.97
675,"Feb-2018",36,"C",8500,16.02
676,"Feb-2018",36,"B",3100,9.43
677,"Feb-2018",36,"B",20000,11.98
679,"Mar-2018",36,"A",21000,6.71
680,"Mar-2018",36,"A",8000,6.71
681,"Jan-2018",36,"D",30000,19.03
683,"Mar-2018",36,"B",2500,10.9
685,"Feb-2018",36,"A",10000,6.72
686,"Feb-2018",36,"B",16000,9.44
687,"Feb-2018",36,"A",9000,5.31
689,"Mar-2018",36,"C",7000,13.58
690,"Jan-2018",36,"C",10000,14.08
691,"Mar-2018",36,"B",5000,9.43
692,"Feb-2018",36,"B",17000,10.91
693,"Jan-2018",36,"C",4000,16.02
694,"Feb-2018",36,"D",18000,18.06
695,"Feb-2018",36,"A",9000,5.31
698,"Mar-2018",36,"C",15600,16.01
699,"Jan-2018",36,"B",6000,10.91
700,"Feb-2018",36,"C",24000,12.62
702,"Jan-2018",36,"D",7500,17.09
703,"Jan-2018",36,"B",16000,10.42
704,"Jan-2018",36,"A",12150,7.97
705,"Feb-2018",36,"C",10000,14.08
706,"Mar-2018",36,"A",10000,7.34
708,"Feb-2018",36,"B",10000,11.99
710,"Jan-2018",36,"B",6000,10.91
712,"Feb-2018",36,"A",6000,6.72
715,"Feb-2018",36,"D",16000,17.09
716,"Feb-2018",36,"C",10000,16.01
717,"Mar-2018",36,"C",10000,15.04
719,"Feb-2018",36,"A",8000,7.97
720,"Jan-2018",36,"B",12000,9.44
724,"Jan-2018",36,"B",22900,10.91
729,"Feb-2018",36,"B",6000,10.91
730,"Mar-2018",36,"A",10000,6.07
733,"Jan-2018",36,"B",5775,11.99
737,"Mar-2018",36,"A",40000,6.07
738,"Jan-2018",36,"C",12000,14.08
740,"Mar-2018",36,"A",8000,6.07
741,"Jan-2018",36,"B",14000,10.91
742,"Feb-2018",36,"A",18000,6.72
745,"Mar-2018",36,"C",6025,12.61
747,"Feb-2018",36,"A",6000,7.35
750,"Jan-2018",36,"A",5400,6.08
751,"Feb-2018",36,"B",5000,11.99
753,"Feb-2018",36,"A",10000,5.32
755,"Feb-2018",36,"D",4000,21.45
757,"Feb-2018",36,"C",4000,14.08
758,"Mar-2018",36,"B",9600,10.9
759,"Jan-2018",36,"C",7000,15.05
760,"Feb-2018",36,"B",8000,11.98
761,"Jan-2018",36,"B",15775,10.91
762,"Mar-2018",36,"C",2000,14.07
764,"Mar-2018",36,"F",16175,30.75
766,"Mar-2018",36,"B",7500,11.98
767,"Feb-2018",36,"A",10000,5.32
773,"Mar-2018",36,"C",7625,12.61
774,"Jan-2018",36,"D",10000,18.06
775,"Feb-2018",36,"C",9800,14.08
776,"Mar-2018",36,"D",16000,18.06
777,"Mar-2018",36,"A",40000,6.07
778,"Jan-2018",36,"B",4800,11.99
779,"Mar-2018",36,"A",40000,5.31
781,"Jan-2018",36,"A",3600,6.08
783,"Jan-2018",36,"C",4000,15.05
784,"Feb-2018",36,"A",8000,6.72
785,"Jan-2018",36,"C",8000,12.62
786,"Mar-2018",36,"A",20000,6.07
787,"Feb-2018",36,"A",6000,5.32
788,"Mar-2018",36,"A",3000,7.34
789,"Feb-2018",36,"B",12000,9.93
791,"Mar-2018",36,"A",35000,6.07
794,"Mar-2018",36,"C",10000,16.01
796,"Feb-2018",36,"A",5000,7.35
797,"Mar-2018",36,"A",16500,5.31
798,"Feb-2018",36,"A",23000,6.72
799,"Jan-2018",36,"A",7000,7.97
803,"Jan-2018",36,"A",20000,6.72
804,"Jan-2018",36,"B",7000,11.99
806,"Jan-2018",36,"A",10400,6.72
807,"Mar-2018",36,"B",8000,9.92
808,"Jan-2018",36,"A",20000,7.97
809,"Mar-2018",36,"A",10000,7.34
810,"Mar-2018",36,"B",3800,9.92
811,"Mar-2018",36,"B",40000,9.43
812,"Feb-2018",36,"B",4375,10.42
813,"Feb-2018",36,"C",14400,16.02
814,"Jan-2018",36,"A",6000,6.08
815,"Feb-2018",36,"D",10000,20.39
816,"Feb-2018",36,"C",8000,13.59
818,"Jan-2018",36,"B",3000,10.42
821,"Mar-2018",36,"A",13500,6.72
822,"Feb-2018",36,"D",35000,18.06
824,"Jan-2018",36,"B",10000,10.42
825,"Jan-2018",36,"C",4000,14.08
827,"Mar-2018",36,"C",8000,16.02
828,"Feb-2018",36,"A",10000,6.72
829,"Mar-2018",36,"B",7000,9.43
830,"Jan-2018",36,"A",10000,7.35
831,"Jan-2018",36,"A",16500,6.08
832,"Jan-2018",36,"A",8000,6.08
833,"Jan-2018",36,"B",16800,10.91
837,"Mar-2018",36,"C",10000,13.58
838,"Jan-2018",36,"B",12000,11.99
840,"Feb-2018",36,"B",8500,9.44
841,"Jan-2018",36,"D",10000,17.09
843,"Mar-2018",36,"D",36000,20.39
846,"Feb-2018",36,"B",20000,9.93
847,"Mar-2018",36,"B",6000,10.41
848,"Feb-2018",36,"C",7000,12.62
849,"Jan-2018",36,"D",3000,17.09
850,"Mar-2018",36,"A",6000,6.07
852,"Jan-2018",36,"B",10000,10.91
853,"Mar-2018",36,"A",5000,5.31
854,"Jan-2018",36,"A",40000,6.08
855,"Mar-2018",36,"A",4000,6.07
856,"Mar-2018",36,"B",22000,9.43
857,"Mar-2018",36,"C",8000,14.07
858,"Jan-2018",36,"D",10000,17.09
860,"Mar-2018",36,"C",30000,14.07
862,"Mar-2018",36,"A",10000,5.32
865,"Mar-2018",36,"B",25600,9.43
866,"Feb-2018",36,"C",30000,16.02
867,"Feb-2018",36,"B",25000,9.93
869,"Jan-2018",36,"B",20000,9.93
871,"Feb-2018",36,"B",20000,10.42
872,"Jan-2018",36,"B",7500,11.99
875,"Feb-2018",36,"A",29600,7.97
876,"Mar-2018",36,"B",6100,11.98
878,"Feb-2018",36,"A",24000,7.97
879,"Jan-2018",36,"C",10000,14.08
880,"Jan-2018",36,"D",13000,19.03
881,"Mar-2018",36,"A",8000,7.96
883,"Jan-2018",36,"B",8000,11.99
885,"Feb-2018",36,"A",9000,7.97
888,"Jan-2018",36,"A",7000,5.32
889,"Feb-2018",36,"A",15000,7.97
890,"Mar-2018",36,"C",30000,12.61
891,"Mar-2018",36,"B",15000,11.98
894,"Mar-2018",36,"B",11200,10.9
895,"Mar-2018",36,"B",11000,9.92
896,"Mar-2018",36,"C",27000,12.61
900,"Mar-2018",36,"D",18000,20.39
901,"Jan-2018",36,"B",19000,9.44
903,"Mar-2018",36,"C",18000,12.61
904,"Mar-2018",36,"C",15000,16.01
905,"Mar-2018",36,"C",16000,12.61
907,"Mar-2018",36,"A",10000,6.71
908,"Mar-2018",36,"B",10000,9.43
909,"Mar-2018",36,"B",10000,10.41
910,"Mar-2018",36,"B",20000,10.9
912,"Jan-2018",36,"C",21275,14.08
913,"Jan-2018",36,"B",5000,10.91
914,"Mar-2018",36,"A",18000,7.34
916,"Feb-2018",36,"E",8000,23.88
917,"Mar-2018",36,"B",5500,10.9
918,"Jan-2018",36,"C",6675,12.62
919,"Jan-2018",36,"B",20000,9.93
920,"Jan-2018",36,"A",5000,6.72
921,"Mar-2018",36,"D",18000,21.45
923,"Jan-2018",36,"A",2000,6.72
925,"Jan-2018",36,"A",6000,7.97
927,"Jan-2018",36,"B",6000,9.44
928,"Mar-2018",36,"B",5200,10.41
929,"Jan-2018",36,"A",1000,6.72
930,"Feb-2018",36,"A",3500,7.96
931,"Feb-2018",36,"B",8000,9.44
932,"Jan-2018",36,"B",4200,10.91
934,"Mar-2018",36,"C",3500,13.58
935,"Jan-2018",36,"B",12000,9.93
936,"Jan-2018",36,"B",15500,9.44
940,"Mar-2018",36,"B",6000,9.44
944,"Feb-2018",36,"C",9000,12.61
945,"Feb-2018",36,"A",11000,7.35
946,"Feb-2018",36,"A",5000,6.07
947,"Jan-2018",36,"A",15000,6.72
948,"Jan-2018",36,"B",40000,10.91
950,"Jan-2018",36,"B",27200,11.99
952,"Mar-2018",36,"A",7500,7.34
953,"Feb-2018",36,"C",7000,15.05
954,"Jan-2018",36,"A",15000,7.35
955,"Feb-2018",36,"A",40000,6.08
957,"Jan-2018",36,"D",7500,21.45
958,"Mar-2018",36,"A",20000,6.71
961,"Feb-2018",36,"A",7000,6.07
962,"Feb-2018",36,"A",8000,6.07
965,"Mar-2018",36,"D",7775,18.45
966,"Mar-2018",36,"A",13000,6.71
968,"Jan-2018",36,"A",6500,7.35
970,"Jan-2018",36,"A",4000,6.72
971,"Jan-2018",36,"A",32000,6.72
972,"Feb-2018",36,"D",28000,20
973,"Feb-2018",36,"A",20000,6.71
974,"Jan-2018",36,"A",3025,6.08
975,"Mar-2018",36,"A",9000,7.96
976,"Mar-2018",36,"A",25000,6.07
977,"Mar-2018",36,"A",30000,7.34
979,"Jan-2018",36,"B",25000,10.91
983,"Jan-2018",36,"A",24725,6.08
984,"Feb-2018",36,"D",9000,21.85
986,"Jan-2018",36,"B",5000,10.91
988,"Mar-2018",36,"B",15000,10.41
989,"Jan-2018",36,"A",8000,7.97
990,"Feb-2018",36,"D",3000,18.06
991,"Mar-2018",36,"B",10000,9.92
992,"Feb-2018",36,"B",3600,9.44
994,"Mar-2018",36,"B",25000,10.41
995,"Mar-2018",36,"A",12000,6.71
996,"Jan-2018",36,"B",10000,9.44
997,"Feb-2018",36,"B",10000,9.93
998,"Mar-2018",36,"A",16000,5.31
999,"Mar-2018",36,"B",25000,10.9
1000,"Mar-2018",36,"E",4800,23.87
1001,"Feb-2018",36,"A",20000,5.32
1002,"Jan-2018",36,"D",15000,18.06
1003,"Feb-2018",36,"E",9300,22.9
1004,"Jan-2018",36,"B",21000,9.93
1006,"Mar-2018",36,"D",9600,19.42
1008,"Feb-2018",36,"D",12000,21.45
1009,"Jan-2018",36,"E",6050,26.3
1010,"Feb-2018",36,"A",4000,6.72
1011,"Jan-2018",36,"A",16000,7.97
1013,"Mar-2018",36,"A",12000,6.71
1014,"Jan-2018",36,"A",12000,5.32
1015,"Feb-2018",36,"A",6000,6.71
1016,"Jan-2018",36,"C",9600,15.05
1018,"Mar-2018",36,"B",4000,10.41
1019,"Mar-2018",36,"B",5000,9.43
1020,"Mar-2018",36,"B",20000,11.98
1022,"Jan-2018",36,"A",6000,7.97
1023,"Mar-2018",36,"B",15000,11.98
1024,"Jan-2018",36,"B",9000,9.44
1026,"Jan-2018",36,"A",1000,7.97
1027,"Feb-2018",36,"A",10000,5.32
1028,"Mar-2018",36,"E",4600,24.84
1029,"Mar-2018",36,"D",14000,20.39
1031,"Feb-2018",36,"A",8000,6.08
1032,"Feb-2018",36,"B",10000,11.99
1034,"Jan-2018",36,"A",5000,6.72
1035,"Feb-2018",36,"A",2000,7.97
1036,"Mar-2018",36,"A",12800,7.34
1038,"Feb-2018",36,"A",6000,6.08
1039,"Jan-2018",36,"B",6500,10.91
1040,"Mar-2018",36,"B",15600,10.41
1042,"Jan-2018",36,"C",9800,14.08
1045,"Mar-2018",36,"C",10000,13.58
1046,"Feb-2018",36,"A",10000,7.96
1049,"Feb-2018",36,"A",3500,6.08
1052,"Feb-2018",36,"C",5000,13.59
1054,"Jan-2018",36,"C",8000,16.02
1055,"Jan-2018",36,"B",26000,11.99
1056,"Mar-2018",36,"A",25000,7.34
1057,"Jan-2018",36,"D",15000,20
1058,"Feb-2018",36,"B",10000,11.98
1059,"Feb-2018",36,"A",16000,6.72
1060,"Mar-2018",36,"A",40000,7.96
1061,"Mar-2018",36,"D",8800,17.47
1062,"Jan-2018",36,"A",6500,7.97
1064,"Mar-2018",36,"A",40000,7.96
1065,"Feb-2018",36,"D",35000,18.06
1066,"Jan-2018",36,"D",7000,17.09
1067,"Mar-2018",36,"D",8000,18.06
1068,"Mar-2018",36,"C",3500,12.61
1069,"Jan-2018",36,"B",10000,10.42
1070,"Feb-2018",36,"C",10000,16.02
1071,"Mar-2018",36,"B",13000,9.92
1072,"Mar-2018",36,"B",10000,10.41
1073,"Feb-2018",36,"C",6050,15.05
1074,"Feb-2018",36,"B",9600,10.41
1075,"Jan-2018",36,"C",14000,12.62
1076,"Feb-2018",36,"A",16000,6.08
1077,"Jan-2018",36,"D",10000,18.06
1078,"Mar-2018",36,"B",15000,11.98
1080,"Feb-2018",36,"A",10000,7.97
1081,"Mar-2018",36,"B",6000,11.98
1082,"Mar-2018",36,"B",14425,10.9
1083,"Feb-2018",36,"A",10000,6.72
1086,"Jan-2018",36,"C",12000,12.62
1087,"Feb-2018",36,"B",8000,10.91
1089,"Jan-2018",36,"A",36000,5.32
1090,"Feb-2018",36,"B",14000,10.41
1091,"Feb-2018",36,"D",7475,18.06
1092,"Jan-2018",36,"B",2800,9.44
1093,"Mar-2018",36,"B",18000,10.41
1094,"Mar-2018",36,"D",16000,17.09
1097,"Mar-2018",36,"B",40000,9.43
1098,"Feb-2018",36,"B",5000,9.93
1100,"Jan-2018",36,"A",10000,6.72
1102,"Mar-2018",36,"D",30000,21.85
1103,"Feb-2018",36,"C",20000,15.04
1104,"Mar-2018",36,"B",20800,10.41
1105,"Mar-2018",36,"A",24000,6.71
1106,"Feb-2018",36,"A",3800,7.35
1107,"Mar-2018",36,"A",9500,6.07
1109,"Jan-2018",36,"A",5075,5.32
1113,"Mar-2018",36,"A",15000,7.96
1115,"Jan-2018",36,"A",10000,7.35
1116,"Feb-2018",36,"B",16000,10.91
1118,"Jan-2018",36,"B",6000,10.42
1119,"Mar-2018",36,"A",15000,6.71
1120,"Jan-2018",36,"A",10000,7.35
1125,"Jan-2018",36,"C",6000,16.02
1127,"Mar-2018",36,"C",15000,12.61
1128,"Feb-2018",36,"A",5000,5.32
1129,"Mar-2018",36,"D",12000,17.47
1130,"Mar-2018",36,"D",20000,17.47
1132,"Mar-2018",36,"D",35000,21.85
1133,"Feb-2018",36,"C",14000,15.04
1136,"Mar-2018",36,"B",6500,9.43
1137,"Mar-2018",36,"D",8000,18.45
1139,"Jan-2018",36,"A",7800,5.32
1140,"Feb-2018",36,"A",6000,6.08
1141,"Mar-2018",36,"C",6300,15.04
1142,"Mar-2018",36,"C",4000,15.04
1143,"Jan-2018",36,"C",2750,13.59
1149,"Jan-2018",36,"A",3600,7.97
1150,"Mar-2018",36,"B",40000,9.92
1151,"Jan-2018",36,"C",20000,13.59
1153,"Jan-2018",36,"C",10000,13.59
1154,"Jan-2018",36,"C",12900,16.02
1155,"Jan-2018",36,"C",15000,15.05
1156,"Mar-2018",36,"B",7200,10.9
1159,"Mar-2018",36,"B",12500,11.98
1160,"Feb-2018",36,"A",15000,7.96
1161,"Mar-2018",36,"B",6000,9.92
1162,"Mar-2018",36,"C",20000,14.08
1163,"Feb-2018",36,"A",20000,6.08
1165,"Jan-2018",36,"C",10000,16.02
1166,"Feb-2018",36,"A",20000,5.31
1167,"Jan-2018",36,"A",5000,6.08
1168,"Mar-2018",36,"D",6000,18.45
1169,"Jan-2018",36,"B",32000,9.44
1170,"Mar-2018",36,"A",12000,6.07
1171,"Jan-2018",36,"B",40000,9.44
1173,"Feb-2018",36,"A",10000,6.07
1175,"Jan-2018",36,"C",3500,15.05
1176,"Mar-2018",36,"A",8000,6.07
1177,"Feb-2018",36,"A",30000,7.97
1179,"Mar-2018",36,"D",30000,18.45
1180,"Mar-2018",36,"B",6600,9.92
1181,"Feb-2018",36,"C",21600,13.59
1182,"Mar-2018",36,"B",22000,9.43
1185,"Jan-2018",36,"B",9600,10.91
1186,"Mar-2018",36,"A",12000,6.71
1187,"Mar-2018",36,"B",3000,11.98
1188,"Feb-2018",36,"B",9000,11.99
1190,"Mar-2018",36,"B",12850,11.98
1191,"Jan-2018",36,"A",15000,6.08
1192,"Jan-2018",36,"A",18000,6.08
1193,"Mar-2018",36,"A",10000,7.96
1195,"Mar-2018",36,"A",8250,6.71
1196,"Jan-2018",36,"B",28000,10.91
1198,"Jan-2018",36,"B",8000,9.93
1199,"Mar-2018",36,"A",15000,7.34
1200,"Mar-2018",36,"C",8000,15.04
1203,"Jan-2018",36,"A",17000,6.08
1204,"Jan-2018",36,"A",22400,7.35
1205,"Jan-2018",36,"C",4000,13.59
1208,"Jan-2018",36,"C",5000,13.59
1209,"Feb-2018",36,"A",3900,5.32
1210,"Jan-2018",36,"B",11000,10.91
1213,"Mar-2018",36,"B",2500,9.43
1215,"Feb-2018",36,"A",7150,6.07
1217,"Jan-2018",36,"B",5000,10.42
1218,"Mar-2018",36,"C",32000,14.07
1219,"Feb-2018",36,"C",25600,13.59
1220,"Mar-2018",36,"B",10700,10.9
1225,"Mar-2018",36,"A",4200,6.71
1226,"Mar-2018",36,"B",40000,9.92
1228,"Jan-2018",36,"B",12000,9.93
1229,"Jan-2018",36,"B",12000,11.99
1230,"Feb-2018",36,"A",25000,5.32
1233,"Feb-2018",36,"B",3200,11.98
1234,"Mar-2018",36,"B",15000,10.9
1235,"Mar-2018",36,"B",8500,11.98
1238,"Feb-2018",36,"A",10000,5.32
1239,"Feb-2018",36,"B",4000,11.98
1241,"Feb-2018",36,"A",8500,6.07
1242,"Feb-2018",36,"C",4000,13.59
1243,"Mar-2018",36,"C",8000,12.61
1244,"Mar-2018",36,"C",35000,14.07
1245,"Jan-2018",36,"C",35000,12.62
1247,"Jan-2018",36,"E",17000,23.88
1248,"Jan-2018",36,"B",12000,9.44
1249,"Jan-2018",36,"A",10000,6.08
1250,"Mar-2018",36,"D",6300,21.85
1252,"Mar-2018",36,"C",8400,14.07
1254,"Jan-2018",36,"A",3600,7.97
1255,"Feb-2018",36,"B",8000,11.98
1258,"Feb-2018",36,"A",30000,7.35
1259,"Jan-2018",36,"C",20000,16.02
1260,"Mar-2018",36,"B",5000,10.9
1262,"Jan-2018",36,"C",10500,14.08
1263,"Mar-2018",36,"B",6000,9.92
1264,"Jan-2018",36,"C",16000,15.05
1265,"Mar-2018",36,"B",8000,9.43
1266,"Feb-2018",36,"A",10000,6.07
1267,"Feb-2018",36,"A",12000,6.08
1268,"Jan-2018",36,"A",25000,6.08
1269,"Mar-2018",36,"B",40000,10.9
1272,"Feb-2018",36,"A",5000,7.35
1273,"Jan-2018",36,"A",40000,6.72
1274,"Jan-2018",36,"C",8000,16.02
1275,"Jan-2018",36,"B",5000,10.42
1277,"Mar-2018",36,"C",27000,13.58
1278,"Jan-2018",36,"A",15000,7.97
1279,"Jan-2018",36,"B",6700,10.91
1280,"Jan-2018",36,"B",12000,9.44
1281,"Mar-2018",36,"C",13550,16.01
1282,"Feb-2018",36,"B",15000,10.42
1284,"Jan-2018",36,"D",12000,18.06
1285,"Jan-2018",36,"B",38500,11.99
1286,"Mar-2018",36,"B",4350,11.98
1287,"Mar-2018",36,"C",11000,15.04
1288,"Jan-2018",36,"A",6000,7.35
1289,"Feb-2018",36,"B",10000,9.44
1291,"Mar-2018",36,"B",10000,11.98
1292,"Jan-2018",36,"B",19000,10.42
1293,"Jan-2018",36,"A",13000,7.35
1294,"Feb-2018",36,"B",4000,9.44
1295,"Mar-2018",36,"B",9000,9.43
1296,"Feb-2018",36,"D",30000,18.06
1297,"Feb-2018",36,"D",20000,21.85
1300,"Mar-2018",36,"A",7000,7.34
1301,"Feb-2018",36,"C",7500,15.05
1303,"Mar-2018",36,"D",1000,20.39
1304,"Jan-2018",36,"E",15000,24.85
1305,"Jan-2018",36,"A",21000,7.35
1306,"Jan-2018",36,"B",22000,9.44
1307,"Mar-2018",36,"D",10000,17.47
1308,"Feb-2018",36,"B",12525,10.91
1309,"Feb-2018",36,"B",2000,9.44
1310,"Feb-2018",36,"A",25000,6.71
1311,"Mar-2018",36,"C",14000,15.04
1312,"Feb-2018",36,"B",35000,10.41
1313,"Feb-2018",36,"C",13000,13.59
1315,"Jan-2018",36,"D",5000,20
1317,"Mar-2018",36,"A",14000,6.71
1318,"Mar-2018",36,"B",1300,11.98
1319,"Jan-2018",36,"A",3700,7.35
1322,"Mar-2018",36,"B",22000,11.98
1323,"Jan-2018",36,"D",9800,18.06
1327,"Mar-2018",36,"B",6000,9.43
1328,"Mar-2018",36,"A",3500,5.31
1329,"Mar-2018",36,"B",12000,10.41
1330,"Jan-2018",36,"C",4500,15.05
1331,"Feb-2018",36,"A",15000,7.35
1333,"Mar-2018",36,"B",5000,10.41
1334,"Feb-2018",36,"B",5600,10.91
1335,"Jan-2018",36,"A",12000,7.97
1336,"Feb-2018",36,"B",8800,9.93
1338,"Jan-2018",36,"C",10000,12.62
1339,"Jan-2018",36,"D",15000,18.06
1340,"Mar-2018",36,"A",12000,6.71
1341,"Mar-2018",36,"A",20000,6.07
1342,"Mar-2018",36,"D",2600,18.06
1343,"Jan-2018",36,"A",20000,5.32
1344,"Mar-2018",36,"C",33550,13.59
1345,"Mar-2018",36,"A",3000,7.96
1346,"Mar-2018",36,"B",40000,9.43
1347,"Mar-2018",36,"A",6000,5.31
1348,"Mar-2018",36,"A",40000,6.07
1349,"Jan-2018",36,"D",15000,21.45
1350,"Feb-2018",36,"A",20000,7.35
1351,"Mar-2018",36,"B",16000,11.98
1352,"Mar-2018",36,"A",14000,7.34
1353,"Mar-2018",36,"A",20000,6.07
1355,"Mar-2018",36,"A",10000,7.34
1356,"Feb-2018",36,"B",3000,9.93
1359,"Mar-2018",36,"A",20000,6.07
1360,"Jan-2018",36,"B",3000,11.99
1361,"Jan-2018",36,"B",8500,9.44
1362,"Jan-2018",36,"C",3000,12.62
1364,"Mar-2018",36,"C",30000,12.61
1365,"Feb-2018",36,"A",20000,5.32
1366,"Mar-2018",36,"C",35000,12.61
1367,"Feb-2018",36,"B",17000,9.44
1368,"Mar-2018",36,"C",7500,15.04
1369,"Mar-2018",36,"A",2500,6.71
1370,"Feb-2018",36,"A",15000,7.35
1371,"Mar-2018",36,"A",36000,6.07
1372,"Mar-2018",36,"C",5000,15.04
1373,"Mar-2018",36,"B",25000,9.92
1374,"Mar-2018",36,"C",20000,16.01
1375,"Jan-2018",36,"A",5250,6.72
1376,"Jan-2018",36,"C",4500,15.05
1377,"Jan-2018",36,"E",1000,22.91
1379,"Mar-2018",36,"A",35000,6.71
1380,"Feb-2018",36,"B",10000,10.42
1382,"Feb-2018",36,"A",7000,7.35
1385,"Mar-2018",36,"B",12000,9.43
1387,"Mar-2018",36,"C",5000,13.58
1388,"Jan-2018",36,"C",4000,14.08
1389,"Jan-2018",36,"B",12000,9.44
1390,"Feb-2018",36,"B",10000,10.91
1391,"Feb-2018",36,"B",9000,9.44
1392,"Mar-2018",36,"A",33000,6.08
1393,"Mar-2018",36,"A",40000,6.71
1395,"Jan-2018",36,"C",35000,14.08
1397,"Jan-2018",36,"A",8000,5.32
1398,"Jan-2018",36,"A",35000,6.72
1400,"Jan-2018",36,"C",3500,15.05
1404,"Feb-2018",36,"A",10000,5.32
1405,"Feb-2018",36,"A",10000,5.32
1406,"Jan-2018",36,"D",15000,19.03
1407,"Feb-2018",36,"B",7500,9.93
1409,"Mar-2018",36,"C",6000,13.58
1410,"Mar-2018",36,"A",6025,5.31
1411,"Mar-2018",36,"D",10000,20.39
1412,"Feb-2018",36,"A",30000,6.71
1413,"Mar-2018",36,"C",20000,13.58
1414,"Feb-2018",36,"B",10000,9.93
1415,"Mar-2018",36,"A",12000,6.71
1416,"Feb-2018",36,"B",6100,10.91
1417,"Jan-2018",36,"A",12000,7.97
1418,"Feb-2018",36,"B",4000,10.41
1419,"Jan-2018",36,"C",6000,14.08
1420,"Feb-2018",36,"A",30000,5.32
1421,"Jan-2018",36,"B",9600,10.91
1422,"Feb-2018",36,"C",10500,12.62
1423,"Jan-2018",36,"B",6000,9.44
1424,"Mar-2018",36,"C",5525,16.01
1425,"Feb-2018",36,"B",5900,11.98
1426,"Mar-2018",36,"A",13600,6.07
1427,"Mar-2018",36,"D",12000,17.47
1428,"Feb-2018",36,"B",20000,10.91
1429,"Feb-2018",36,"D",23000,21.85
1431,"Mar-2018",36,"A",19000,7.96
1432,"Jan-2018",36,"B",1500,10.42
1433,"Feb-2018",36,"A",15000,6.72
1435,"Jan-2018",36,"C",5600,15.05
1436,"Feb-2018",36,"C",7000,13.59
1437,"Feb-2018",36,"C",35000,12.62
1438,"Jan-2018",36,"A",8000,6.08
1439,"Jan-2018",36,"B",18000,10.91
1440,"Mar-2018",36,"C",30000,16.01
1441,"Jan-2018",36,"B",15000,9.44
1442,"Feb-2018",36,"B",4800,10.41
1444,"Jan-2018",36,"B",12500,10.42
1445,"Jan-2018",36,"A",13000,5.32
1447,"Feb-2018",36,"C",10300,13.59
1448,"Mar-2018",36,"B",6400,9.92
1449,"Mar-2018",36,"D",10000,21.85
1450,"Jan-2018",36,"A",2500,7.35
1453,"Mar-2018",36,"A",5000,6.71
1455,"Jan-2018",36,"C",3600,13.59
1456,"Mar-2018",36,"C",6800,12.61
1458,"Mar-2018",36,"C",35000,14.07
1459,"Feb-2018",36,"D",30000,20.39
1460,"Jan-2018",36,"C",17000,13.59
1461,"Mar-2018",36,"B",3000,10.9
1463,"Jan-2018",36,"B",24000,10.91
1464,"Mar-2018",36,"B",6000,9.92
1465,"Mar-2018",36,"C",8000,12.61
1466,"Mar-2018",36,"C",16000,12.61
1467,"Mar-2018",36,"A",30000,7.96
1468,"Jan-2018",36,"A",40000,5.32
1469,"Feb-2018",36,"C",7000,16.02
1470,"Mar-2018",36,"B",15000,9.92
1471,"Mar-2018",36,"B",12000,11.98
1472,"Jan-2018",36,"A",6000,6.08
1473,"Jan-2018",36,"B",26650,9.44
1476,"Feb-2018",36,"A",10000,7.97
1477,"Jan-2018",36,"C",15000,16.02
1479,"Jan-2018",36,"D",1500,21.45
1480,"Jan-2018",36,"A",3500,6.08
1481,"Mar-2018",36,"A",21000,6.71
1482,"Mar-2018",36,"C",14650,15.04
1486,"Feb-2018",36,"C",24000,13.58
1488,"Jan-2018",36,"C",8000,15.05
1492,"Mar-2018",36,"B",8500,9.92
1493,"Jan-2018",36,"A",16000,7.97
1494,"Feb-2018",36,"B",10000,9.44
1495,"Mar-2018",36,"A",12000,7.96
1497,"Jan-2018",36,"A",1000,7.35
1498,"Jan-2018",36,"A",40000,7.35
1500,"Feb-2018",36,"C",6200,13.59
1501,"Mar-2018",36,"A",15000,6.71
1502,"Jan-2018",36,"A",6000,6.08
1503,"Mar-2018",36,"D",5000,17.47
1506,"Feb-2018",36,"C",10000,12.61
1507,"Jan-2018",36,"A",39600,7.35
1509,"Mar-2018",36,"D",6000,18.45
1510,"Feb-2018",36,"D",6000,18.06
1511,"Mar-2018",36,"D",25000,20.39
1512,"Feb-2018",36,"A",40000,7.35
1514,"Jan-2018",36,"A",10000,5.32
1517,"Jan-2018",36,"C",35000,13.59
1518,"Feb-2018",36,"A",25000,6.07
1519,"Mar-2018",36,"B",5000,10.9
1520,"Feb-2018",36,"B",8000,10.9
1521,"Feb-2018",36,"C",35000,16.02
1522,"Jan-2018",36,"A",28000,7.97
1523,"Jan-2018",36,"A",2500,6.72
1524,"Jan-2018",36,"D",5600,17.09
1525,"Mar-2018",36,"C",13000,12.61
1526,"Jan-2018",36,"B",14400,9.44
1527,"Feb-2018",36,"C",10100,13.59
1528,"Jan-2018",36,"D",7400,19.03
1529,"Feb-2018",36,"B",14000,9.44
1530,"Jan-2018",36,"B",20000,9.44
1532,"Mar-2018",36,"C",4000,14.07
1533,"Jan-2018",36,"A",10400,6.72
1534,"Jan-2018",36,"A",16000,7.97
1537,"Feb-2018",36,"C",7000,14.08
1538,"Feb-2018",36,"D",19000,18.06
1539,"Jan-2018",36,"B",25000,9.93
1541,"Feb-2018",36,"C",1825,13.59
1542,"Mar-2018",36,"A",8300,7.96
1543,"Mar-2018",36,"A",10000,5.31
1544,"Jan-2018",36,"A",7000,6.08
1545,"Jan-2018",36,"C",3500,14.08
1546,"Feb-2018",36,"A",12000,7.34
1548,"Feb-2018",36,"A",8000,6
1551,"Mar-2018",36,"C",13000,14.07
1553,"Jan-2018",36,"A",4500,7.35
1554,"Mar-2018",36,"B",8500,9.43
1558,"Jan-2018",36,"A",22000,6.72
1559,"Jan-2018",36,"B",15000,9.44
1560,"Jan-2018",36,"A",24000,5.32
1561,"Mar-2018",36,"B",10000,9.43
1562,"Jan-2018",36,"C",15000,15.05
1563,"Jan-2018",36,"B",10000,9.93
1565,"Mar-2018",36,"B",5000,11.98
1566,"Jan-2018",36,"C",14000,14.08
1567,"Feb-2018",36,"D",4000,19.03
1568,"Jan-2018",36,"A",5000,6.72
1570,"Mar-2018",36,"B",20000,10.41
1571,"Mar-2018",36,"B",9000,11.98
1572,"Feb-2018",36,"C",10000,12.62
1573,"Feb-2018",36,"A",4000,7.97
1574,"Jan-2018",36,"B",4800,10.91
1575,"Feb-2018",36,"A",12000,6.72
1576,"Jan-2018",36,"C",6000,15.05
1577,"Jan-2018",36,"D",10000,19.03
1579,"Mar-2018",36,"C",10000,13.58
1581,"Feb-2018",36,"B",13200,9.93
1582,"Jan-2018",36,"B",12175,10.91
1584,"Jan-2018",36,"A",5000,7.97
1586,"Feb-2018",36,"A",20000,6.08
1587,"Jan-2018",36,"B",40000,9.44
1588,"Feb-2018",36,"A",6000,5.32
1590,"Feb-2018",36,"A",10500,6.72
1591,"Mar-2018",36,"B",7000,11.98
1592,"Jan-2018",36,"D",12000,19.03
1593,"Feb-2018",36,"C",12000,13.59
1596,"Mar-2018",36,"C",5400,15.04
1597,"Mar-2018",36,"A",5000,7.34
1598,"Mar-2018",36,"C",25000,13.58
1600,"Mar-2018",36,"A",15000,6.07
1601,"Jan-2018",36,"B",5400,10.42
1602,"Mar-2018",36,"A",6000,6.71
1603,"Mar-2018",36,"A",4000,7.34
1605,"Jan-2018",36,"A",5000,6.72
1606,"Mar-2018",36,"C",16000,13.58
1608,"Mar-2018",36,"A",40000,6.07
1609,"Mar-2018",36,"A",8000,7.96
1610,"Mar-2018",36,"B",14400,9.92
1611,"Feb-2018",36,"C",35000,16.01
1612,"Jan-2018",36,"B",12000,11.99
1613,"Mar-2018",36,"B",6000,10.9
1614,"Feb-2018",36,"C",18000,12.62
1615,"Jan-2018",36,"C",16000,16.02
1616,"Jan-2018",36,"A",3600,6.72
1617,"Jan-2018",36,"C",11000,14.08
1618,"Mar-2018",36,"A",17000,6.07
1619,"Mar-2018",36,"B",10000,9.43
1620,"Jan-2018",36,"B",4300,9.93
1621,"Feb-2018",36,"B",14000,10.42
1622,"Feb-2018",36,"C",4000,12.62
1623,"Jan-2018",36,"D",12450,19.03
1624,"Mar-2018",36,"B",35000,10.41
1625,"Jan-2018",36,"A",3000,7.97
1626,"Jan-2018",36,"C",4800,16.02
1627,"Mar-2018",36,"B",20000,11.98
1628,"Jan-2018",36,"B",20000,10.91
1632,"Mar-2018",36,"A",19000,7.96
1633,"Jan-2018",36,"C",6000,15.05
1636,"Feb-2018",36,"C",4800,13.59
1637,"Mar-2018",36,"B",32025,11.98
1638,"Mar-2018",36,"C",10000,13.58
1639,"Jan-2018",36,"C",17000,15.05
1641,"Feb-2018",36,"A",3500,6.08
1642,"Jan-2018",36,"A",17000,5.32
1643,"Jan-2018",36,"C",10000,16.02
1644,"Feb-2018",36,"B",25000,9.92
1645,"Feb-2018",36,"A",4800,6.72
1646,"Mar-2018",36,"B",12000,9.43
1647,"Feb-2018",36,"D",35000,19.03
1648,"Mar-2018",36,"D",3200,18.45
1649,"Feb-2018",36,"A",12000,5.32
1650,"Jan-2018",36,"C",5000,15.05
1651,"Feb-2018",36,"B",1000,9.44
1652,"Mar-2018",36,"D",33750,20.39
1654,"Mar-2018",36,"D",30400,20.39
1657,"Mar-2018",36,"D",1800,17.47
1659,"Feb-2018",36,"D",10000,20
1662,"Feb-2018",36,"B",24000,9.93
1665,"Jan-2018",36,"C",5000,13.59
1666,"Jan-2018",36,"A",16000,6.08
1667,"Mar-2018",36,"A",35000,6.07
1668,"Feb-2018",36,"C",30150,12.62
1670,"Mar-2018",36,"B",18000,11.98
1671,"Jan-2018",36,"C",26000,13.59
1672,"Jan-2018",36,"E",10000,23.88
1674,"Mar-2018",36,"B",9800,10.9
1675,"Feb-2018",36,"B",16000,9.93
1676,"Feb-2018",36,"A",10000,6.08
1677,"Mar-2018",36,"B",10000,10.41
1678,"Jan-2018",36,"C",2500,12.62
1679,"Mar-2018",36,"C",8000,13.58
1680,"Mar-2018",36,"C",10000,13.58
1681,"Jan-2018",36,"A",40000,7.97
1682,"Feb-2018",36,"B",12000,10.42
1684,"Jan-2018",36,"B",12000,10.91
1685,"Jan-2018",36,"D",11000,19.03
1686,"Jan-2018",36,"B",2500,9.44
1687,"Feb-2018",36,"A",40000,5.31
1691,"Feb-2018",36,"B",16000,10.91
1692,"Feb-2018",36,"D",30000,18.06
1693,"Jan-2018",36,"C",15000,14.08
1697,"Mar-2018",36,"A",6000,7.96
1698,"Jan-2018",36,"B",13500,10.42
1699,"Feb-2018",36,"C",10000,16.02
1700,"Mar-2018",36,"C",13000,12.61
1701,"Jan-2018",36,"C",6000,13.59
1704,"Mar-2018",36,"C",20225,15.04
1706,"Mar-2018",36,"C",8000,16.01
1709,"Feb-2018",36,"C",25000,15.04
1710,"Mar-2018",36,"A",6000,6.72
1711,"Mar-2018",36,"B",32000,10.41
1713,"Mar-2018",36,"A",5000,6.07
1715,"Mar-2018",36,"A",6000,5.31
1717,"Mar-2018",36,"B",12000,10.41
1718,"Mar-2018",36,"A",30000,7.34
1719,"Feb-2018",36,"B",27800,9.43
1721,"Jan-2018",36,"B",35000,11.99
1722,"Mar-2018",36,"A",12000,5.31
1723,"Jan-2018",36,"C",25000,14.08
1725,"Mar-2018",36,"A",10000,5.31
1727,"Feb-2018",36,"A",20000,7.96
1728,"Jan-2018",36,"A",10000,6.08
1729,"Feb-2018",36,"B",35000,10.42
1731,"Jan-2018",36,"B",12000,10.91
1732,"Mar-2018",36,"C",1200,15.04
1733,"Feb-2018",36,"A",15000,5.32
1735,"Mar-2018",36,"C",7000,14.07
1736,"Jan-2018",36,"A",25000,6.72
1737,"Feb-2018",36,"C",5000,15.05
1738,"Feb-2018",36,"C",20000,14.08
1739,"Feb-2018",36,"B",7000,9.44
1740,"Mar-2018",36,"D",10000,20.39
1742,"Jan-2018",36,"A",16000,5.32
1743,"Feb-2018",36,"A",12000,6.72
1745,"Mar-2018",36,"B",40000,10.41
1747,"Mar-2018",36,"B",3000,9.43
1749,"Mar-2018",36,"B",6500,10.9
1751,"Feb-2018",36,"C",7000,13.59
1752,"Feb-2018",36,"B",20000,9.93
1753,"Feb-2018",36,"B",12000,10.42
1754,"Mar-2018",36,"C",16000,16.01
1756,"Mar-2018",36,"A",12000,7.96
1760,"Jan-2018",36,"A",25000,7.35
1762,"Feb-2018",36,"B",35000,9.44
1764,"Feb-2018",36,"A",5000,6.08
1765,"Feb-2018",36,"A",13000,5.32
1766,"Feb-2018",36,"A",12000,5.32
1767,"Feb-2018",36,"C",10000,16.02
1768,"Feb-2018",36,"D",10000,20
1776,"Mar-2018",36,"A",35000,6.07
1777,"Mar-2018",36,"A",40000,5.31
1779,"Feb-2018",36,"A",18000,6.72
1780,"Mar-2018",36,"B",12000,10.41
1782,"Mar-2018",36,"B",6000,9.92
1784,"Mar-2018",36,"B",5000,10.9
1785,"Jan-2018",36,"C",5000,13.59
1786,"Mar-2018",36,"B",17000,10.41
1787,"Mar-2018",36,"A",22000,6.71
1789,"Jan-2018",36,"D",20000,18.06
1790,"Jan-2018",36,"B",34000,9.44
1791,"Feb-2018",36,"A",15000,7.35
1792,"Feb-2018",36,"A",15000,7.97
1794,"Feb-2018",36,"C",28000,15.05
1795,"Jan-2018",36,"B",5000,9.44
1796,"Feb-2018",36,"C",10000,12.62
1797,"Mar-2018",36,"A",5000,6.07
1798,"Mar-2018",36,"A",20000,6.07
1800,"Mar-2018",36,"C",5000,13.58
1801,"Mar-2018",36,"A",17000,6.07
1803,"Feb-2018",36,"B",32000,9.93
1805,"Feb-2018",36,"B",6500,10.42
1808,"Jan-2018",36,"A",25450,7.97
1809,"Jan-2018",36,"B",18000,9.93
1810,"Feb-2018",36,"D",3200,18.06
1811,"Mar-2018",36,"B",11250,10.41
1813,"Jan-2018",36,"A",9000,7.97
1814,"Mar-2018",36,"A",18000,6.07
1815,"Feb-2018",36,"B",4000,10.42
1817,"Jan-2018",36,"C",20000,13.59
1818,"Jan-2018",36,"C",6025,15.05
1819,"Mar-2018",36,"C",6400,14.07
1821,"Feb-2018",36,"B",13000,10.91
1822,"Jan-2018",36,"A",24000,6.72
1824,"Feb-2018",36,"A",1000,7.97
1825,"Mar-2018",36,"A",5600,7.96
1828,"Feb-2018",36,"C",15000,13.58
1829,"Jan-2018",36,"B",4800,9.44
1831,"Mar-2018",36,"B",36000,9.43
1832,"Jan-2018",36,"A",1650,7.35
1833,"Feb-2018",36,"A",30000,6.07
1835,"Jan-2018",36,"A",25000,7.35
1838,"Feb-2018",36,"D",24000,21.45
1839,"Jan-2018",36,"B",3500,11.99
1840,"Mar-2018",36,"A",6000,7.34
1844,"Jan-2018",36,"D",8000,18.06
1845,"Feb-2018",36,"C",4800,14.08
1847,"Mar-2018",36,"A",20000,7.96
1848,"Feb-2018",36,"B",40000,11.99
1849,"Feb-2018",36,"A",5000,7.97
1850,"Mar-2018",36,"C",8000,12.61
1852,"Mar-2018",36,"C",22000,13.58
1854,"Jan-2018",36,"C",10000,13.59
1855,"Feb-2018",36,"D",4800,18.45
1856,"Jan-2018",36,"C",4300,12.62
1857,"Jan-2018",36,"A",36000,7.97
1858,"Jan-2018",36,"D",20000,21.45
1859,"Feb-2018",36,"A",10000,5.32
1860,"Feb-2018",36,"B",1100,11.99
1861,"Jan-2018",36,"B",40000,9.44
1862,"Mar-2018",36,"A",20000,6.07
1863,"Jan-2018",36,"B",4000,11.99
1867,"Mar-2018",36,"A",7000,6.71
1868,"Feb-2018",36,"D",15000,17.09
1869,"Jan-2018",36,"B",7200,10.42
1870,"Feb-2018",36,"A",20000,6.72
1871,"Jan-2018",36,"A",7000,7.35
1873,"Feb-2018",36,"A",6000,5.32
1876,"Mar-2018",36,"A",25000,7.34
1877,"Mar-2018",36,"A",4000,5.31
1879,"Mar-2018",36,"B",8000,11.98
1880,"Feb-2018",36,"B",9600,10.91
1881,"Feb-2018",36,"A",6500,6.08
1883,"Jan-2018",36,"C",3000,13.59
1884,"Mar-2018",36,"C",8000,16.01
1885,"Jan-2018",36,"C",10000,15.05
1887,"Feb-2018",36,"C",35000,14.08
1888,"Mar-2018",36,"B",7000,9.43
1889,"Mar-2018",36,"B",10500,9.43
1892,"Feb-2018",36,"B",15000,10.41
1893,"Jan-2018",36,"B",6500,11.99
1894,"Mar-2018",36,"A",35000,7.34
1895,"Jan-2018",36,"C",15000,16.02
1896,"Jan-2018",36,"B",11000,10.91
1898,"Mar-2018",36,"D",7500,18.45
1900,"Feb-2018",36,"B",32000,9.93
1901,"Jan-2018",36,"C",9800,13.59
1902,"Mar-2018",36,"C",4000,12.61
1904,"Jan-2018",36,"B",15000,9.44
1905,"Jan-2018",36,"B",12000,10.42
1906,"Mar-2018",36,"C",35000,16.01
1908,"Jan-2018",36,"B",13000,10.42
1909,"Feb-2018",36,"A",20000,7.35
1911,"Feb-2018",36,"A",10000,7.97
1912,"Feb-2018",36,"A",13000,7.34
1914,"Mar-2018",36,"B",34800,10.41
1915,"Feb-2018",36,"D",30000,20
1916,"Mar-2018",36,"B",6500,10.9
1920,"Mar-2018",36,"C",19000,16.01
1921,"Mar-2018",36,"A",16000,7.96
1922,"Jan-2018",36,"A",13700,5.32
1923,"Feb-2018",36,"B",40000,10.91
1924,"Feb-2018",36,"A",6000,7.35
1926,"Mar-2018",36,"D",12000,21.85
1927,"Jan-2018",36,"C",35000,12.62
1928,"Jan-2018",36,"A",17000,7.35
1929,"Mar-2018",36,"B",6025,10.41
1930,"Jan-2018",36,"B",12000,10.91
1931,"Mar-2018",36,"A",7800,7.34
1932,"Feb-2018",36,"D",28000,19.03
1933,"Jan-2018",36,"A",10000,7.97
1936,"Jan-2018",36,"C",12000,12.62
1937,"Jan-2018",36,"C",2800,14.08
1939,"Mar-2018",36,"A",35000,7.97
1940,"Feb-2018",36,"C",20000,15.05
1941,"Jan-2018",36,"A",10000,6.72
1942,"Jan-2018",36,"A",20000,5.32
1943,"Jan-2018",36,"D",6000,20
1944,"Mar-2018",36,"A",10000,5.31
1945,"Mar-2018",36,"C",12000,13.58
1946,"Mar-2018",36,"B",10000,10.9
1947,"Mar-2018",36,"A",12500,6.71
1949,"Mar-2018",36,"B",12000,10.41
1950,"Mar-2018",36,"B",4000,9.92
1952,"Mar-2018",36,"B",10000,11.98
1953,"Feb-2018",36,"B",2800,10.42
1954,"Feb-2018",36,"A",5000,6.72
1956,"Mar-2018",36,"C",9600,13.58
1958,"Mar-2018",36,"B",14400,9.92
1959,"Feb-2018",36,"B",10000,10.42
1960,"Mar-2018",36,"C",21000,16.01
1961,"Jan-2018",36,"A",40000,5.32
1963,"Feb-2018",36,"B",1000,11.99
1964,"Jan-2018",36,"A",17150,6.72
1965,"Mar-2018",36,"C",16000,15.04
1966,"Jan-2018",36,"B",24000,9.93
1967,"Jan-2018",36,"B",20000,10.91
1968,"Mar-2018",36,"D",28000,6
1970,"Jan-2018",36,"A",6000,7.35
1972,"Jan-2018",36,"B",15000,11.99
1973,"Mar-2018",36,"A",15000,7.34
1974,"Mar-2018",36,"D",25000,18.45
1975,"Feb-2018",36,"A",10000,7.97
1977,"Jan-2018",36,"A",30000,6.08
1981,"Mar-2018",36,"A",13000,7.97
1982,"Jan-2018",36,"B",10000,9.44
1983,"Mar-2018",36,"C",2000,13.59
1984,"Mar-2018",36,"B",10000,11.98
1985,"Jan-2018",36,"B",7000,10.91
1987,"Jan-2018",36,"A",20000,5.32
1988,"Feb-2018",36,"C",10000,12.62
1989,"Feb-2018",36,"C",7000,13.59
1994,"Jan-2018",36,"A",10000,7.35
1995,"Mar-2018",36,"B",15000,10.41
1996,"Jan-2018",36,"B",6000,11.99
1997,"Mar-2018",36,"C",6000,16.01
1999,"Mar-2018",36,"B",20000,9.43
2000,"Jan-2018",36,"A",10000,6.08
2001,"Jan-2018",36,"B",35725,10.91
2002,"Jan-2018",36,"A",3000,7.97
2003,"Jan-2018",36,"C",12000,13.59
2004,"Feb-2018",36,"C",10000,16.02
2005,"Mar-2018",36,"A",12000,7.34
2006,"Mar-2018",36,"C",4600,14.07
2008,"Mar-2018",36,"C",10000,12.61
2009,"Feb-2018",36,"A",5700,7.97
2010,"Feb-2018",36,"B",10000,10.42
2011,"Jan-2018",36,"A",15000,7.97
2012,"Feb-2018",36,"D",5600,21.45
2015,"Mar-2018",36,"A",25000,6.71
2016,"Feb-2018",36,"B",5000,9.92
2017,"Mar-2018",36,"A",7000,7.34
2019,"Jan-2018",36,"A",12000,5.32
2020,"Mar-2018",36,"B",40000,9.43
2022,"Jan-2018",36,"E",3500,26.3
2023,"Feb-2018",36,"C",2500,12.61
2025,"Mar-2018",36,"B",10000,9.43
2026,"Jan-2018",36,"B",12000,10.42
2027,"Mar-2018",36,"B",14000,10.9
2028,"Mar-2018",36,"B",10500,10.9
2029,"Feb-2018",36,"A",10000,6.72
2030,"Feb-2018",36,"A",10200,7.96
2031,"Feb-2018",36,"C",10000,13.58
2033,"Mar-2018",36,"C",25200,15.04
2034,"Jan-2018",36,"A",5000,6.08
2035,"Mar-2018",36,"A",12000,7.96
2036,"Mar-2018",36,"A",4000,6.07
2038,"Feb-2018",36,"A",6000,6.72
2039,"Jan-2018",36,"B",1200,11.99
2040,"Mar-2018",36,"C",10000,15.04
2041,"Feb-2018",36,"C",17950,16.01
2042,"Mar-2018",36,"A",14000,7.34
2043,"Jan-2018",36,"A",11000,7.35
2044,"Mar-2018",36,"A",40000,5.31
2046,"Mar-2018",36,"B",1800,9.43
2047,"Jan-2018",36,"A",7200,7.97
2048,"Mar-2018",36,"A",8000,6.07
2049,"Feb-2018",36,"B",14000,11.99
2051,"Mar-2018",36,"C",10000,15.04
2052,"Jan-2018",36,"A",20000,7.35
2053,"Mar-2018",36,"B",30000,9.43
2054,"Mar-2018",36,"B",18000,11.98
2055,"Jan-2018",36,"A",28000,5.32
2057,"Mar-2018",36,"B",12000,11.98
2058,"Mar-2018",36,"B",18000,10.9
2061,"Mar-2018",36,"A",36000,6.07
2062,"Feb-2018",36,"A",5500,6.72
2064,"Jan-2018",36,"A",40000,7.35
2065,"Mar-2018",36,"B",10000,10.9
2067,"Feb-2018",36,"A",19000,6.71
2068,"Feb-2018",36,"B",12000,11.99
2069,"Jan-2018",36,"B",7000,10.42
2071,"Jan-2018",36,"B",10000,9.93
2074,"Jan-2018",36,"C",18000,13.59
2075,"Jan-2018",36,"D",13600,19.03
2076,"Mar-2018",36,"D",20000,19.42
2077,"Jan-2018",36,"D",3000,19.03
2078,"Feb-2018",36,"C",4100,14.08
2079,"Feb-2018",36,"A",7300,6.08
2080,"Mar-2018",36,"A",20000,5.31
2082,"Feb-2018",36,"C",28000,16.02
2083,"Feb-2018",36,"C",35000,14.08
2084,"Mar-2018",36,"A",10000,6.07
2085,"Mar-2018",36,"B",5000,11.98
2086,"Jan-2018",36,"C",35000,13.59
2087,"Mar-2018",36,"B",16000,10.41
2089,"Jan-2018",36,"A",4400,7.97
2090,"Feb-2018",36,"B",10000,9.44
2091,"Jan-2018",36,"C",8500,14.08
2092,"Feb-2018",36,"D",20000,21.45
2093,"Jan-2018",36,"B",9000,9.93
2094,"Mar-2018",36,"C",24000,12.61
2095,"Feb-2018",36,"A",10000,5.32
2096,"Mar-2018",36,"A",10000,7.96
2097,"Jan-2018",36,"A",9500,5.32
2098,"Jan-2018",36,"A",8000,7.35
2100,"Feb-2018",36,"A",15000,5.32
2104,"Mar-2018",36,"D",35000,19.42
2105,"Mar-2018",36,"B",10000,11.98
2106,"Jan-2018",36,"B",6500,10.42
2107,"Jan-2018",36,"A",10000,7.97
2108,"Mar-2018",36,"B",40000,9.43
2109,"Jan-2018",36,"C",16000,16.02
2110,"Jan-2018",36,"B",4000,10.42
2111,"Feb-2018",36,"B",5000,9.43
2112,"Feb-2018",36,"C",20000,14.08
2113,"Jan-2018",36,"D",3500,20
2115,"Mar-2018",36,"B",15000,10.41
2118,"Jan-2018",36,"B",20000,10.42
2119,"Mar-2018",36,"A",40000,5.31
2120,"Jan-2018",36,"B",15000,11.99
2121,"Mar-2018",36,"B",8475,10.9
2123,"Jan-2018",36,"A",7000,5.32
2124,"Mar-2018",36,"E",25000,22.9
2125,"Jan-2018",36,"B",10000,10.42
2127,"Mar-2018",36,"A",15000,6.07
2129,"Mar-2018",36,"B",40000,10.9
2130,"Jan-2018",36,"B",10000,10.91
2131,"Mar-2018",36,"D",3000,17.47
2132,"Jan-2018",36,"C",2500,12.62
2133,"Feb-2018",36,"A",20000,7.96
2134,"Jan-2018",36,"A",10000,7.97
2137,"Mar-2018",36,"B",6000,9.43
2138,"Jan-2018",36,"E",25000,23.88
2139,"Feb-2018",36,"B",9600,11.99
2140,"Feb-2018",36,"A",24000,6.07
2141,"Jan-2018",36,"C",25000,14.08
2142,"Mar-2018",36,"C",5000,14.07
2143,"Mar-2018",36,"C",20000,15.04
2144,"Mar-2018",36,"A",20000,7.34
2147,"Feb-2018",36,"D",25000,19.03
2149,"Jan-2018",36,"C",1600,13.59
2150,"Feb-2018",36,"B",15000,11.99
2152,"Feb-2018",36,"B",10000,10.91
2154,"Mar-2018",36,"A",14000,5.31
2155,"Mar-2018",36,"A",7000,5.31
2156,"Feb-2018",36,"A",4000,5.32
2157,"Jan-2018",36,"A",10000,7.97
2158,"Feb-2018",36,"A",20000,6.72
2160,"Feb-2018",36,"A",2500,7.96
2161,"Jan-2018",36,"D",5500,18.06
2162,"Jan-2018",36,"C",12000,13.59
2163,"Feb-2018",36,"D",6500,17.09
2164,"Mar-2018",36,"B",2500,11.98
2165,"Feb-2018",36,"B",5000,11.99
2166,"Jan-2018",36,"D",8000,20
2168,"Mar-2018",36,"B",1000,10.41
2169,"Feb-2018",36,"B",10800,10.42
2170,"Mar-2018",36,"A",40000,7.34
2171,"Mar-2018",36,"A",12500,7.34
2172,"Mar-2018",36,"C",6000,16.01
2173,"Jan-2018",36,"C",12000,15.05
2176,"Mar-2018",36,"C",8000,15.04
2177,"Jan-2018",36,"B",6000,9.44
2179,"Feb-2018",36,"A",12000,6.72
2184,"Mar-2018",36,"A",4800,7.96
2185,"Mar-2018",36,"A",9600,7.34
2187,"Feb-2018",36,"C",10000,14.08
2188,"Mar-2018",36,"B",5000,11.98
2189,"Feb-2018",36,"A",3000,7.35
2190,"Mar-2018",36,"C",10000,13.58
2193,"Jan-2018",36,"A",8500,7.35
2194,"Jan-2018",36,"D",10000,17.09
2195,"Jan-2018",36,"C",6500,15.05
2197,"Mar-2018",36,"D",15000,19.42
2199,"Feb-2018",36,"C",11000,14.08
2202,"Jan-2018",36,"D",17000,19.03
2203,"Mar-2018",36,"A",5000,7.34
2204,"Feb-2018",36,"C",7200,13.59
2205,"Jan-2018",36,"B",7000,9.44
2206,"Feb-2018",36,"B",20700,9.92
2208,"Mar-2018",36,"B",9000,10.41
2209,"Feb-2018",36,"D",10000,19.03
2211,"Feb-2018",36,"B",10000,11.99
2212,"Jan-2018",36,"D",4500,17.09
2213,"Mar-2018",36,"B",5000,11.98
2214,"Feb-2018",36,"D",15000,17.09
2215,"Mar-2018",36,"B",12000,10.41
2217,"Feb-2018",36,"A",6000,6.72
2218,"Mar-2018",36,"B",10000,9.43
2219,"Jan-2018",36,"D",4800,21.45
2220,"Mar-2018",36,"B",15000,10.41
2221,"Feb-2018",36,"B",12000,11.99
2222,"Feb-2018",36,"A",5800,5.32
2225,"Feb-2018",36,"B",36000,9.44
2229,"Mar-2018",36,"A",10000,7.96
2230,"Jan-2018",36,"D",1000,19.03
2231,"Jan-2018",36,"B",1800,10.91
2232,"Mar-2018",36,"C",9600,12.61
2233,"Mar-2018",36,"B",35000,10.41
2235,"Mar-2018",36,"B",5600,9.92
2236,"Feb-2018",36,"A",6000,6.08
2237,"Feb-2018",36,"C",10000,13.59
2238,"Mar-2018",36,"B",30000,10.41
2240,"Jan-2018",36,"B",10000,9.44
2241,"Feb-2018",36,"A",35000,7.97
2242,"Mar-2018",36,"C",16800,12.61
2243,"Mar-2018",36,"A",10000,7.34
2244,"Mar-2018",36,"C",10000,14.07
2245,"Mar-2018",36,"C",16000,16.01
2246,"Mar-2018",36,"A",22000,6.07
2247,"Mar-2018",36,"B",24000,10.42
2248,"Mar-2018",36,"A",13000,6.71
2249,"Jan-2018",36,"A",13000,7.35
2250,"Jan-2018",36,"B",6500,9.93
2251,"Mar-2018",36,"C",4000,12.61
2252,"Jan-2018",36,"C",9000,14.08
2253,"Feb-2018",36,"B",40000,9.44
2254,"Mar-2018",36,"A",3300,5.31
2255,"Mar-2018",36,"C",6025,12.61
2256,"Mar-2018",36,"A",8000,7.34
2257,"Mar-2018",36,"A",5000,6.07
2258,"Mar-2018",36,"B",24000,10.41
2260,"Jan-2018",36,"A",5000,6.08
2261,"Jan-2018",36,"D",18000,20
2262,"Feb-2018",36,"A",15000,5.32
2263,"Mar-2018",36,"C",20000,13.58
2264,"Mar-2018",36,"B",9000,11.98
2267,"Mar-2018",36,"C",25000,13.58
2270,"Jan-2018",36,"A",40000,5.32
2271,"Jan-2018",36,"A",35000,6.72
2272,"Feb-2018",36,"A",40000,7.97
2274,"Mar-2018",36,"B",40000,9.92
2275,"Mar-2018",36,"A",6000,7.96
2277,"Jan-2018",36,"C",8500,14.08
2279,"Mar-2018",36,"A",5000,7.34
2280,"Jan-2018",36,"D",3200,21.45
2281,"Jan-2018",36,"B",14400,9.44
2282,"Jan-2018",36,"C",5000,12.62
2284,"Mar-2018",36,"C",6000,13.58
2285,"Mar-2018",36,"B",15000,10.41
2286,"Jan-2018",36,"B",18000,9.93
2287,"Jan-2018",36,"A",4000,7.97
2290,"Mar-2018",36,"C",8500,14.07
2291,"Mar-2018",36,"A",12000,7.96
2294,"Feb-2018",36,"B",30750,9.44
2295,"Mar-2018",36,"C",8400,16.01
2296,"Feb-2018",36,"A",9000,7.97
2299,"Mar-2018",36,"B",16000,10.41
2301,"Mar-2018",36,"D",22000,17.47
2302,"Jan-2018",36,"B",9000,10.91
2303,"Feb-2018",36,"B",5000,11.99
2304,"Feb-2018",36,"B",8000,10.91
2305,"Jan-2018",36,"B",5000,9.93
2306,"Mar-2018",36,"C",7000,14.07
2307,"Mar-2018",36,"A",12000,7.34
2308,"Jan-2018",36,"A",13500,7.97
2309,"Feb-2018",36,"B",5500,9.92
2311,"Mar-2018",36,"B",5000,11.98
2314,"Mar-2018",36,"A",21000,7.96
2315,"Feb-2018",36,"D",15000,19.03
2318,"Feb-2018",36,"A",20000,5.31
2320,"Feb-2018",36,"B",35525,11.99
2321,"Mar-2018",36,"C",5000,15.04
2322,"Jan-2018",36,"C",17000,12.62
2323,"Jan-2018",36,"A",6400,6.08
2324,"Feb-2018",36,"A",17000,5.32
2328,"Feb-2018",36,"D",8000,21.45
2329,"Mar-2018",36,"C",5000,13.58
2331,"Mar-2018",36,"C",12000,16.01
2333,"Jan-2018",36,"D",3000,20
2334,"Mar-2018",36,"C",7800,14.07
2338,"Mar-2018",36,"A",16000,7.96
2339,"Mar-2018",36,"A",10000,6.07
2340,"Jan-2018",36,"A",9600,6.08
2344,"Jan-2018",36,"C",10000,16.02
2345,"Jan-2018",36,"A",10000,7.97
2346,"Jan-2018",36,"B",4800,11.99
2348,"Jan-2018",36,"A",35000,6.08
2349,"Jan-2018",36,"B",2500,9.44
2350,"Jan-2018",36,"A",15000,5.32
2351,"Jan-2018",36,"B",15000,9.93
2353,"Feb-2018",36,"C",10000,14.07
2354,"Jan-2018",36,"B",7500,10.42
2355,"Jan-2018",36,"C",10000,12.62
2356,"Mar-2018",36,"C",9000,14.07
2357,"Mar-2018",36,"C",25000,14.07
2358,"Jan-2018",36,"A",4000,6.08
2359,"Feb-2018",36,"B",5000,9.44
2360,"Mar-2018",36,"D",24000,19.42
2361,"Jan-2018",36,"D",15000,20
2363,"Feb-2018",36,"B",14000,9.93
2364,"Feb-2018",36,"C",10000,16.01
2366,"Jan-2018",36,"C",10000,15.05
2367,"Mar-2018",36,"C",4150,13.58
2370,"Jan-2018",36,"C",5000,12.62
2371,"Jan-2018",36,"A",11000,6.08
2372,"Feb-2018",36,"D",21200,18.06
2373,"Feb-2018",36,"B",2000,10.42
2375,"Feb-2018",36,"A",20000,7.96
2376,"Feb-2018",36,"B",16000,9.93
2377,"Jan-2018",36,"B",10000,9.93
2378,"Jan-2018",36,"C",5000,15.05
2379,"Mar-2018",36,"B",10400,9.43
2380,"Feb-2018",36,"B",35000,10.9
2381,"Jan-2018",36,"B",40000,10.42
2382,"Jan-2018",36,"A",35000,7.97
2383,"Mar-2018",36,"A",40000,5.31
2384,"Jan-2018",36,"A",3000,7.35
2385,"Mar-2018",36,"A",4800,5.31
2386,"Jan-2018",36,"C",35000,16.02
2387,"Jan-2018",36,"A",19000,6.72
2389,"Mar-2018",36,"B",4200,9.43
2390,"Mar-2018",36,"C",10000,15.04
2391,"Feb-2018",36,"A",15000,7.96
2393,"Feb-2018",36,"A",22000,5.32
2395,"Mar-2018",36,"B",6000,10.9
2396,"Feb-2018",36,"B",15000,11.99
2397,"Mar-2018",36,"A",3600,7.96
2398,"Feb-2018",36,"C",9000,15.04
2399,"Mar-2018",36,"A",12000,7.34
2400,"Mar-2018",36,"B",13000,9.43
2401,"Mar-2018",36,"B",6000,9.92
2402,"Mar-2018",36,"A",5000,7.34
2407,"Mar-2018",36,"B",13000,10.41
2410,"Mar-2018",36,"A",3000,6.71
2411,"Jan-2018",36,"A",17000,7.97
2412,"Jan-2018",36,"A",10000,7.97
2414,"Feb-2018",36,"A",7500,5.32
2415,"Feb-2018",36,"C",6000,15.04
2416,"Mar-2018",36,"B",26250,9.43
2417,"Jan-2018",36,"C",8400,14.08
2418,"Jan-2018",36,"B",1500,9.44
2421,"Mar-2018",36,"A",4200,7.34
2422,"Jan-2018",36,"A",30000,5.32
2424,"Jan-2018",36,"C",12000,15.05
2425,"Feb-2018",36,"B",3600,10.91
2426,"Feb-2018",36,"A",7000,6.72
2427,"Feb-2018",36,"C",25000,12.61
2428,"Feb-2018",36,"C",6000,16.02
2429,"Jan-2018",36,"C",12000,12.62
2431,"Jan-2018",36,"C",12000,16.02
2432,"Feb-2018",36,"B",10000,9.44
2434,"Mar-2018",36,"B",10000,9.43
2435,"Feb-2018",36,"D",10000,19.42
2436,"Jan-2018",36,"A",20000,5.32
2437,"Jan-2018",36,"B",25000,10.91
2438,"Feb-2018",36,"A",17075,6.72
2439,"Feb-2018",36,"A",7000,7.35
2440,"Jan-2018",36,"B",1500,10.91
2442,"Mar-2018",36,"C",24000,13.59
2443,"Jan-2018",36,"B",3400,10.42
2444,"Feb-2018",36,"A",21000,5.31
2445,"Feb-2018",36,"C",14000,14.08
2446,"Jan-2018",36,"A",15000,6.08
2447,"Feb-2018",36,"B",25000,9.44
2448,"Jan-2018",36,"B",20000,9.44
2449,"Jan-2018",36,"C",15000,13.59
2452,"Jan-2018",36,"E",1500,23.88
2453,"Mar-2018",36,"C",5000,12.61
2454,"Jan-2018",36,"C",5000,15.05
2455,"Feb-2018",36,"B",8000,10.91
2456,"Mar-2018",36,"A",10000,6.71
2458,"Jan-2018",36,"C",12000,12.62
2459,"Feb-2018",36,"A",10000,7.97
2461,"Feb-2018",36,"E",29700,22.9
2463,"Jan-2018",36,"C",28000,16.02
2464,"Feb-2018",36,"A",1800,7.34
2465,"Feb-2018",36,"B",38000,11.99
2466,"Mar-2018",36,"D",15000,20.39
2468,"Jan-2018",36,"A",10000,6.08
2470,"Feb-2018",36,"A",4800,6.08
2476,"Feb-2018",36,"A",1000,7.97
2478,"Mar-2018",36,"A",14000,7.96
2479,"Mar-2018",36,"D",27575,17.47
2480,"Mar-2018",36,"A",3600,6.07
2481,"Feb-2018",36,"C",35000,12.62
2482,"Mar-2018",36,"B",5000,9.92
2484,"Mar-2018",36,"A",1200,7.34
2485,"Mar-2018",36,"C",30000,16.01
2488,"Feb-2018",36,"B",14000,9.44
2490,"Feb-2018",36,"C",20000,13.59
2492,"Mar-2018",36,"D",11000,20.39
2493,"Jan-2018",36,"A",16000,6.08
2494,"Mar-2018",36,"D",7000,19.42
2495,"Feb-2018",36,"D",16000,19.42
2496,"Jan-2018",36,"B",21600,9.44
2497,"Feb-2018",36,"C",14000,14.07
2498,"Jan-2018",36,"B",35000,9.44
2499,"Mar-2018",36,"B",4000,9.92
2500,"Mar-2018",36,"A",7500,7.34
2501,"Feb-2018",36,"A",16000,6.08
2502,"Mar-2018",36,"B",15000,9.92
2504,"Feb-2018",36,"D",24000,18.06
2505,"Jan-2018",36,"D",8000,19.03
2506,"Feb-2018",36,"D",10000,19.03
2507,"Jan-2018",36,"B",7000,9.93
2510,"Feb-2018",36,"A",18000,7.35
2511,"Mar-2018",36,"C",6500,12.61
2512,"Feb-2018",36,"B",5000,10.91
2513,"Jan-2018",36,"D",20000,21.45
2514,"Jan-2018",36,"B",24000,9.44
2515,"Feb-2018",36,"C",35000,12.62
2516,"Mar-2018",36,"C",3500,13.58
2517,"Feb-2018",36,"C",9600,16.02
2518,"Jan-2018",36,"D",5000,21.45
2519,"Mar-2018",36,"A",10000,6.71
2521,"Mar-2018",36,"C",24000,12.61
2522,"Feb-2018",36,"A",3500,6.08
2524,"Mar-2018",36,"A",40000,5.31
2525,"Mar-2018",36,"D",15000,20.39
2526,"Feb-2018",36,"C",4000,13.59
2527,"Mar-2018",36,"B",40000,9.93
2529,"Mar-2018",36,"C",7500,14.07
2530,"Jan-2018",36,"B",7200,11.99
2532,"Feb-2018",36,"D",5000,21.45
2533,"Jan-2018",36,"B",25000,9.44
2534,"Mar-2018",36,"D",30000,18.45
2535,"Mar-2018",36,"B",3200,10.9
2536,"Jan-2018",36,"B",6000,11.99
2537,"Mar-2018",36,"A",40000,6.71
2538,"Jan-2018",36,"A",11000,6.72
2539,"Jan-2018",36,"A",40000,6.08
2541,"Jan-2018",36,"D",23625,21.45
2542,"Mar-2018",36,"D",14000,17.47
2543,"Jan-2018",36,"A",40000,6.72
2544,"Feb-2018",36,"C",8125,14.07
2546,"Feb-2018",36,"C",35000,12.62
2547,"Mar-2018",36,"C",18000,13.58
2548,"Feb-2018",36,"A",16100,5.31
2549,"Jan-2018",36,"C",5000,12.62
2550,"Mar-2018",36,"C",10000,13.58
2551,"Jan-2018",36,"C",8000,15.05
2553,"Feb-2018",36,"B",25000,9.44
2554,"Jan-2018",36,"C",5000,15.05
2555,"Jan-2018",36,"C",20000,12.62
2556,"Jan-2018",36,"B",12800,9.44
2557,"Feb-2018",36,"C",18000,15.05
2558,"Feb-2018",36,"A",24000,7.35
2560,"Mar-2018",36,"B",5000,10.9
2561,"Mar-2018",36,"B",20375,9.43
2562,"Feb-2018",36,"B",11000,10.42
2564,"Mar-2018",36,"C",9000,12.61
2567,"Jan-2018",36,"B",8000,9.93
2569,"Feb-2018",36,"B",7000,9.44
2570,"Feb-2018",36,"D",8000,18.06
2571,"Feb-2018",36,"B",5500,10.91
2573,"Feb-2018",36,"E",15000,25.82
2574,"Mar-2018",36,"B",12000,9.92
2576,"Jan-2018",36,"A",20000,7.97
2577,"Jan-2018",36,"C",35000,14.08
2581,"Jan-2018",36,"C",4000,13.59
2582,"Feb-2018",36,"A",15000,6.08
2584,"Feb-2018",36,"B",8000,10.42
2585,"Jan-2018",36,"B",5000,10.91
2586,"Feb-2018",36,"C",12000,16.02
2587,"Jan-2018",36,"D",4000,17.09
2588,"Jan-2018",36,"B",2000,9.44
2590,"Mar-2018",36,"C",4000,13.58
2591,"Feb-2018",36,"A",4200,7.35
2592,"Mar-2018",36,"B",20000,9.43
2593,"Mar-2018",36,"B",40000,11.98
2595,"Feb-2018",36,"B",7500,10.91
2596,"Jan-2018",36,"C",3625,13.59
2600,"Feb-2018",36,"D",3500,18.06
2601,"Feb-2018",36,"A",40000,6.72
2603,"Jan-2018",36,"B",8000,10.42
2604,"Feb-2018",36,"A",5000,7.97
2605,"Mar-2018",36,"D",8000,19.42
2606,"Jan-2018",36,"A",25000,6.08
2607,"Mar-2018",36,"A",12000,5.31
2608,"Feb-2018",36,"C",34800,13.59
2609,"Jan-2018",36,"B",20000,10.91
2611,"Jan-2018",36,"C",16800,13.59
2612,"Jan-2018",36,"D",35000,18.06
2613,"Mar-2018",36,"B",40000,10.9
2614,"Feb-2018",36,"D",12000,20
2615,"Mar-2018",36,"A",15000,7.34
2616,"Mar-2018",36,"A",22000,5.31
2617,"Mar-2018",36,"C",16000,16.01
2618,"Mar-2018",36,"C",6025,16.01
2620,"Feb-2018",36,"B",20000,9.44
2621,"Mar-2018",36,"C",10000,16.01
2622,"Mar-2018",36,"B",5000,10.41
2624,"Mar-2018",36,"B",3900,9.92
2625,"Feb-2018",36,"B",6400,10.91
2626,"Mar-2018",36,"A",16000,6.71
2627,"Feb-2018",36,"A",12000,6.08
2628,"Feb-2018",36,"A",10000,6.72
2629,"Feb-2018",36,"B",7000,10.42
2630,"Feb-2018",36,"A",25000,7.35
2631,"Feb-2018",36,"D",4000,17.47
2633,"Feb-2018",36,"C",25000,15.05
2635,"Jan-2018",36,"B",17000,9.44
2636,"Mar-2018",36,"A",15000,5.31
2637,"Mar-2018",36,"C",5000,12.61
2638,"Mar-2018",36,"A",25000,7.34
2640,"Jan-2018",36,"D",15000,18.06
2641,"Mar-2018",36,"B",1600,9.43
2642,"Mar-2018",36,"A",40000,6.07
2645,"Feb-2018",36,"B",10000,10.42
2647,"Mar-2018",36,"A",10000,7.96
2648,"Mar-2018",36,"A",10000,7.34
2650,"Mar-2018",36,"D",5175,18.45
2651,"Mar-2018",36,"B",8800,9.92
2653,"Jan-2018",36,"B",15000,11.99
2655,"Mar-2018",36,"C",4900,13.58
2656,"Feb-2018",36,"B",4000,9.44
2657,"Mar-2018",36,"A",40000,7.96
2659,"Mar-2018",36,"B",6000,9.92
2661,"Mar-2018",36,"A",10000,6.07
2662,"Mar-2018",36,"C",3000,16.01
2665,"Feb-2018",36,"C",8500,13.58
2667,"Mar-2018",36,"B",3000,10.41
2668,"Jan-2018",36,"A",8000,6.72
2669,"Jan-2018",36,"D",18000,18.06
2670,"Jan-2018",36,"B",8000,9.93
2671,"Feb-2018",36,"B",6000,9.93
2672,"Jan-2018",36,"C",5000,12.62
2673,"Mar-2018",36,"C",10000,13.58
2674,"Feb-2018",36,"C",25000,15.05
2675,"Jan-2018",36,"B",22000,9.93
2676,"Mar-2018",36,"C",16800,12.61
2678,"Feb-2018",36,"D",10000,17.09
2679,"Feb-2018",36,"A",9000,7.97
2680,"Feb-2018",36,"D",5000,18.06
2682,"Feb-2018",36,"A",38450,6.07
2684,"Mar-2018",36,"A",21000,5.31
2685,"Mar-2018",36,"C",15000,15.04
2686,"Jan-2018",36,"C",12000,13.59
2687,"Jan-2018",36,"B",35000,10.91
2688,"Mar-2018",36,"A",18700,7.96
2689,"Jan-2018",36,"D",8000,21.45
2690,"Mar-2018",36,"C",5000,16.01
2691,"Jan-2018",36,"C",1000,16.02
2692,"Feb-2018",36,"C",20000,12.62
2693,"Mar-2018",36,"C",20000,15.04
2695,"Mar-2018",36,"A",5500,6.71
2698,"Mar-2018",36,"B",4200,9.43
2703,"Jan-2018",36,"B",5000,9.44
2704,"Feb-2018",36,"B",15000,9.93
2706,"Feb-2018",36,"A",6000,5.31
2707,"Jan-2018",36,"C",10000,12.62
2709,"Mar-2018",36,"A",3500,7.34
2710,"Mar-2018",36,"A",5000,7.34
2711,"Mar-2018",36,"A",6750,7.96
2713,"Mar-2018",36,"C",35000,15.04
2714,"Feb-2018",36,"B",15000,11.99
2715,"Mar-2018",36,"C",20000,13.58
2717,"Feb-2018",36,"A",15000,5.32
2718,"Jan-2018",36,"B",15000,10.91
2719,"Mar-2018",36,"A",21000,6.71
2720,"Mar-2018",36,"C",3000,12.61
2721,"Mar-2018",36,"C",27000,16.01
2723,"Mar-2018",36,"C",14400,14.07
2725,"Mar-2018",36,"D",3000,18.45
2726,"Jan-2018",36,"E",2700,22.91
2730,"Jan-2018",36,"A",7000,7.97
2731,"Mar-2018",36,"D",16000,17.47
2732,"Feb-2018",36,"C",3000,16.02
2733,"Mar-2018",36,"D",8500,20.39
2734,"Mar-2018",36,"A",1800,7.96
2738,"Feb-2018",36,"C",35000,12.62
2741,"Feb-2018",36,"A",10000,6.72
2742,"Jan-2018",36,"B",28000,10.42
2743,"Mar-2018",36,"A",6500,6.71
2745,"Jan-2018",36,"C",4000,16.02
2746,"Mar-2018",36,"C",8500,12.61
2748,"Mar-2018",36,"D",29900,19.42
2749,"Jan-2018",36,"C",24000,15.05
2753,"Jan-2018",36,"A",20000,7.35
2754,"Mar-2018",36,"A",40000,6.07
2755,"Feb-2018",36,"A",15000,6.72
2756,"Mar-2018",36,"D",6000,18.45
2757,"Jan-2018",36,"D",5000,20
2760,"Mar-2018",36,"B",7000,9.43
2761,"Mar-2018",36,"B",12000,9.43
2762,"Feb-2018",36,"A",11000,7.34
2763,"Mar-2018",36,"C",16000,12.61
2764,"Feb-2018",36,"A",16800,7.97
2765,"Mar-2018",36,"D",4800,17.47
2766,"Jan-2018",36,"C",22000,14.08
2767,"Mar-2018",36,"D",4600,19.42
2768,"Jan-2018",36,"A",18000,6.72
2769,"Jan-2018",36,"B",12000,11.99
2777,"Jan-2018",36,"C",28350,12.62
2778,"Mar-2018",36,"C",2000,14.07
2779,"Feb-2018",36,"A",22000,6.72
2780,"Jan-2018",36,"C",7000,14.08
2782,"Mar-2018",36,"C",5000,16.01
2783,"Mar-2018",36,"B",4000,10.41
2785,"Feb-2018",36,"B",12000,11.99
2786,"Jan-2018",36,"B",2000,10.42
2787,"Jan-2018",36,"D",12800,18.06
2788,"Mar-2018",36,"A",7000,6.71
2789,"Feb-2018",36,"C",8000,13.59
2791,"Feb-2018",36,"C",8000,15.05
2794,"Mar-2018",36,"A",10975,6.07
2795,"Jan-2018",36,"D",7800,21.45
2797,"Feb-2018",36,"A",10000,7.97
2798,"Jan-2018",36,"C",10000,16.02
2799,"Jan-2018",36,"C",7500,14.08
2803,"Feb-2018",36,"E",24600,26.3
2804,"Mar-2018",36,"A",8300,6.07
2806,"Jan-2018",36,"D",7500,17.09
2807,"Mar-2018",36,"A",20400,6.07
2809,"Mar-2018",36,"A",9000,5.31
2810,"Jan-2018",36,"B",40000,10.91
2811,"Mar-2018",36,"A",25000,6.07
2812,"Mar-2018",36,"B",3000,11.98
2815,"Mar-2018",36,"A",40000,7.34
2816,"Mar-2018",36,"B",6000,10.41
2817,"Mar-2018",36,"C",28000,13.58
2818,"Feb-2018",36,"B",14000,9.43
2820,"Mar-2018",36,"C",25000,15.04
2821,"Jan-2018",36,"C",30000,12.62
2822,"Mar-2018",36,"A",12000,7.96
2823,"Feb-2018",36,"C",9800,15.05
2824,"Feb-2018",36,"A",15000,7.97
2825,"Mar-2018",36,"B",3025,9.43
2826,"Feb-2018",36,"B",2500,11.99
2827,"Jan-2018",36,"A",36000,6.08
2828,"Jan-2018",36,"B",24000,11.99
2830,"Mar-2018",36,"B",5000,11.98
2831,"Feb-2018",36,"D",9600,21.85
2832,"Feb-2018",36,"B",4800,10.42
2834,"Mar-2018",36,"B",3000,9.92
2835,"Jan-2018",36,"B",29000,10.42
2836,"Feb-2018",36,"B",3000,9.93
2837,"Jan-2018",36,"C",2700,12.62
2838,"Jan-2018",36,"C",16000,13.59
2839,"Jan-2018",36,"B",13000,11.99
2840,"Jan-2018",36,"B",14400,11.99
2841,"Jan-2018",36,"C",8000,16.02
2842,"Feb-2018",36,"A",25000,6.72
2843,"Feb-2018",36,"D",28000,18.06
2844,"Feb-2018",36,"B",3000,9.43
2846,"Mar-2018",36,"A",24000,6.71
2847,"Jan-2018",36,"A",20000,5.32
2848,"Jan-2018",36,"A",7000,7.97
2849,"Jan-2018",36,"B",12000,9.44
2850,"Feb-2018",36,"C",11200,12.62
2851,"Feb-2018",36,"A",38400,7.34
2852,"Jan-2018",36,"B",18000,10.42
2853,"Mar-2018",36,"C",2000,14.07
2854,"Mar-2018",36,"C",13000,13.58
2855,"Feb-2018",36,"B",8000,9.44
2856,"Feb-2018",36,"C",17000,14.08
2858,"Mar-2018",36,"E",1000,22.9
2859,"Feb-2018",36,"D",6800,17.09
2861,"Mar-2018",36,"B",24000,10.91
2862,"Feb-2018",36,"C",15000,16.01
2863,"Jan-2018",36,"A",5000,6.72
2865,"Jan-2018",36,"C",25000,14.08
2866,"Feb-2018",36,"D",15400,17.09
2867,"Jan-2018",36,"B",40000,9.44
2869,"Jan-2018",36,"C",20250,16.02
2870,"Mar-2018",36,"A",12000,5.31
2871,"Feb-2018",36,"A",7200,6.72
2872,"Jan-2018",36,"A",10000,5.32
2874,"Jan-2018",36,"B",10000,9.93
2876,"Feb-2018",36,"B",3000,10.9
2878,"Feb-2018",36,"A",7000,6.72
2879,"Jan-2018",36,"B",6050,10.42
2880,"Mar-2018",36,"C",10000,14.07
2881,"Feb-2018",36,"C",30000,16.02
2882,"Jan-2018",36,"C",4000,15.05
2883,"Mar-2018",36,"D",5500,18.45
2884,"Feb-2018",36,"C",6975,13.59
2889,"Mar-2018",36,"B",10000,9.43
2890,"Jan-2018",36,"A",13500,7.97
2893,"Jan-2018",36,"A",20000,7.97
2896,"Feb-2018",36,"C",8000,12.62
2897,"Feb-2018",36,"C",7000,15.05
2898,"Jan-2018",36,"B",9000,10.91
2900,"Jan-2018",36,"B",15500,9.44
2901,"Mar-2018",36,"B",9500,9.92
2902,"Mar-2018",36,"D",10000,19.42
2904,"Feb-2018",36,"C",4000,14.07
2905,"Feb-2018",36,"C",24300,14.08
2906,"Mar-2018",36,"C",35000,12.61
2907,"Feb-2018",36,"B",10000,9.93
2910,"Feb-2018",36,"B",17000,9.93
2911,"Mar-2018",36,"A",10000,5.31
2912,"Mar-2018",36,"A",10000,6.71
2913,"Feb-2018",36,"C",5800,14.08
2914,"Mar-2018",36,"B",35000,9.92
2916,"Jan-2018",36,"B",20000,9.93
2917,"Jan-2018",36,"B",7000,10.42
2918,"Feb-2018",36,"C",12000,14.08
2919,"Jan-2018",36,"A",17275,7.35
2921,"Jan-2018",36,"D",3000,19.03
2922,"Mar-2018",36,"D",10000,19.42
2924,"Jan-2018",36,"B",2000,10.42
2926,"Jan-2018",36,"A",3000,7.35
2927,"Mar-2018",36,"C",8000,16.01
2928,"Feb-2018",36,"B",8000,11.99
2929,"Mar-2018",36,"A",3500,7.34
2931,"Jan-2018",36,"C",15000,14.08
2932,"Jan-2018",36,"A",22000,7.35
2933,"Mar-2018",36,"B",13000,11.98
2936,"Feb-2018",36,"C",15000,12.62
2938,"Mar-2018",36,"D",24000,17.47
2939,"Mar-2018",36,"A",12000,6.07
2942,"Jan-2018",36,"C",6000,13.59
2943,"Mar-2018",36,"A",10000,7.96
2944,"Feb-2018",36,"C",20000,12.62
2945,"Mar-2018",36,"A",13500,7.96
2946,"Mar-2018",36,"C",6000,15.04
2949,"Jan-2018",36,"D",20000,18.06
2950,"Jan-2018",36,"D",30000,21.45
2953,"Jan-2018",36,"C",12000,16.02
2954,"Feb-2018",36,"A",17000,7.35
2955,"Feb-2018",36,"A",11000,6.08
2956,"Jan-2018",36,"D",9000,20
2957,"Mar-2018",36,"B",19000,9.43
2958,"Mar-2018",36,"D",8000,17.47
2961,"Jan-2018",36,"A",14000,7.97
2962,"Jan-2018",36,"C",5000,15.05
2963,"Mar-2018",36,"C",2100,15.04
2964,"Feb-2018",36,"B",10000,11.99
2965,"Feb-2018",36,"B",33600,9.93
2966,"Jan-2018",36,"A",14400,6.72
2968,"Jan-2018",36,"A",5000,6.08
2969,"Jan-2018",36,"D",3000,19.03
2970,"Mar-2018",36,"C",4800,14.07
2971,"Jan-2018",36,"B",22400,10.91
2973,"Jan-2018",36,"A",10000,7.97
2974,"Jan-2018",36,"C",9600,14.08
2976,"Jan-2018",36,"B",6000,10.91
2977,"Mar-2018",36,"B",6000,9.43
2978,"Mar-2018",36,"B",12000,9.92
2979,"Feb-2018",36,"B",4200,10.91
2980,"Feb-2018",36,"D",25000,21.45
2982,"Mar-2018",36,"A",5000,6.71
2983,"Mar-2018",36,"A",36000,6.71
2984,"Jan-2018",36,"B",16000,9.93
2989,"Jan-2018",36,"B",17000,10.42
2991,"Feb-2018",36,"A",10000,6.08
2992,"Feb-2018",36,"D",16000,18.06
2993,"Mar-2018",36,"B",20000,9.92
2994,"Feb-2018",36,"B",15000,10.91
2995,"Jan-2018",36,"B",12600,10.91
2996,"Mar-2018",36,"C",10000,15.04
2997,"Mar-2018",36,"A",1200,7.96
2998,"Mar-2018",36,"A",13000,5.31
3001,"Jan-2018",36,"C",6000,13.59
3002,"Feb-2018",36,"C",14450,15.05
3003,"Mar-2018",36,"C",1600,13.58
3005,"Jan-2018",36,"A",8000,5.32
3006,"Jan-2018",36,"B",5000,9.93
3009,"Jan-2018",36,"C",17000,12.62
3011,"Feb-2018",36,"B",25000,9.43
3012,"Mar-2018",36,"B",25000,10.9
3014,"Jan-2018",36,"A",12000,7.97
3017,"Feb-2018",36,"B",25000,11.99
3018,"Mar-2018",36,"B",40000,10.41
3019,"Jan-2018",36,"B",10000,9.93
3020,"Jan-2018",36,"A",16000,7.35
3023,"Feb-2018",36,"C",9600,13.58
3024,"Mar-2018",36,"A",6000,6.07
3025,"Mar-2018",36,"C",20000,14.07
3026,"Mar-2018",36,"A",15000,6.07
3027,"Jan-2018",36,"B",15000,9.93
3028,"Mar-2018",36,"C",7000,12.61
3029,"Feb-2018",36,"A",6000,5.32
3030,"Mar-2018",36,"D",5000,21.85
3031,"Feb-2018",36,"C",8000,16.01
3032,"Mar-2018",36,"C",16000,15.04
3033,"Feb-2018",36,"A",5000,5.31
3034,"Feb-2018",36,"A",40000,7.97
3037,"Feb-2018",36,"D",3000,21.85
3039,"Jan-2018",36,"B",10000,9.44
3040,"Mar-2018",36,"A",7000,6.07
3041,"Mar-2018",36,"A",14975,7.96
3042,"Jan-2018",36,"D",10000,20
3043,"Feb-2018",36,"B",2200,10.42
3044,"Mar-2018",36,"D",30000,19.42
3045,"Jan-2018",36,"A",38400,7.35
3046,"Mar-2018",36,"B",40000,11.98
3048,"Mar-2018",36,"D",12800,20.39
3049,"Mar-2018",36,"B",7000,9.43
3051,"Mar-2018",36,"C",20175,15.04
3052,"Feb-2018",36,"C",25000,12.62
3053,"Feb-2018",36,"A",35000,5.32
3054,"Mar-2018",36,"B",5000,9.92
3055,"Feb-2018",36,"A",3000,6.07
3057,"Mar-2018",36,"B",35000,10.41
3058,"Mar-2018",36,"A",35000,6.07
3059,"Jan-2018",36,"B",4000,11.99
3060,"Mar-2018",36,"A",12000,7.96
3061,"Feb-2018",36,"B",12000,10.91
3063,"Jan-2018",36,"B",10000,10.42
3064,"Feb-2018",36,"A",24000,7.97
3065,"Mar-2018",36,"B",20000,10.41
3066,"Mar-2018",36,"B",3000,9.93
3067,"Jan-2018",36,"B",15000,9.93
3068,"Feb-2018",36,"A",10000,7.35
3069,"Jan-2018",36,"D",2200,18.06
3070,"Jan-2018",36,"A",18000,6.08
3071,"Mar-2018",36,"A",25000,6.07
3072,"Mar-2018",36,"A",30000,6.71
3073,"Feb-2018",36,"B",12000,9.92
3074,"Jan-2018",36,"C",5000,14.08
3075,"Jan-2018",36,"B",2400,10.42
3076,"Jan-2018",36,"D",8000,18.06
3077,"Feb-2018",36,"E",9550,26.3
3078,"Jan-2018",36,"C",3000,15.05
3080,"Jan-2018",36,"B",8000,10.91
3081,"Jan-2018",36,"A",35000,7.97
3082,"Feb-2018",36,"A",35000,7.96
3083,"Feb-2018",36,"A",9000,7.97
3084,"Jan-2018",36,"A",22000,5.32
3086,"Feb-2018",36,"A",4000,7.97
3087,"Mar-2018",36,"D",1000,21.85
3092,"Jan-2018",36,"A",10000,5.32
3093,"Feb-2018",36,"C",5000,13.59
3094,"Jan-2018",36,"A",25000,6.72
3095,"Mar-2018",36,"C",10000,15.05
3096,"Jan-2018",36,"B",21000,10.42
3097,"Jan-2018",36,"A",12000,7.97
3099,"Feb-2018",36,"C",5000,15.05
3100,"Jan-2018",36,"D",6000,19.03
3101,"Feb-2018",36,"D",3600,20.39
3103,"Feb-2018",36,"C",30000,16.02
3109,"Jan-2018",36,"A",10000,6.08
3110,"Jan-2018",36,"A",11000,7.35
3111,"Jan-2018",36,"A",40000,7.35
3112,"Mar-2018",36,"C",3500,13.58
3113,"Jan-2018",36,"B",10000,9.44
3115,"Feb-2018",36,"C",10000,12.62
3117,"Mar-2018",36,"A",14400,7.34
3118,"Jan-2018",36,"D",10000,19.03
3119,"Mar-2018",36,"A",14500,6.71
3120,"Feb-2018",36,"A",10000,6.08
3121,"Feb-2018",36,"B",15000,10.42
3122,"Mar-2018",36,"B",21000,9.92
3123,"Mar-2018",36,"D",5000,19.42
3126,"Mar-2018",36,"D",8500,18.45
3127,"Jan-2018",36,"A",20000,6.08
3128,"Jan-2018",36,"C",13000,12.62
3129,"Mar-2018",36,"C",5400,15.04
3131,"Mar-2018",36,"A",22000,6.07
3132,"Jan-2018",36,"A",3600,6.72
3133,"Jan-2018",36,"A",8000,5.32
3136,"Mar-2018",36,"B",16000,10.9
3137,"Jan-2018",36,"B",24000,9.93
3138,"Jan-2018",36,"C",3000,15.05
3139,"Feb-2018",36,"A",20000,6.07
3140,"Jan-2018",36,"A",20000,5.32
3141,"Feb-2018",36,"D",10000,18.06
3143,"Mar-2018",36,"C",15000,14.07
3146,"Feb-2018",36,"A",1200,6.72
3147,"Jan-2018",36,"C",35000,14.08
3148,"Jan-2018",36,"B",6000,11.99
3149,"Mar-2018",36,"A",10000,5.31
3151,"Mar-2018",36,"B",20000,9.43
3152,"Feb-2018",36,"A",25000,6.72
3154,"Jan-2018",36,"B",6000,11.99
3156,"Feb-2018",36,"A",16000,6.08
3157,"Feb-2018",36,"B",35000,11.98
3158,"Mar-2018",36,"B",10000,9.43
3159,"Feb-2018",36,"A",40000,5.32
3160,"Mar-2018",36,"B",3000,10.9
3161,"Mar-2018",36,"A",1800,7.34
3162,"Mar-2018",36,"B",6000,10.9
3163,"Jan-2018",36,"A",9000,6.72
3165,"Mar-2018",36,"B",3000,10.9
3167,"Mar-2018",36,"C",7200,16.01
3168,"Feb-2018",36,"B",5000,11.99
3173,"Mar-2018",36,"A",8000,7.96
3174,"Mar-2018",36,"B",7000,11.98
3175,"Jan-2018",36,"A",25000,5.32
3176,"Jan-2018",36,"A",35000,6.72
3177,"Feb-2018",36,"B",13500,9.44
3178,"Mar-2018",36,"A",20000,6.07
3179,"Feb-2018",36,"D",5000,21.45
3180,"Jan-2018",36,"C",30000,12.62
3181,"Mar-2018",36,"C",16000,13.58
3183,"Mar-2018",36,"A",3350,5.31
3185,"Feb-2018",36,"A",10000,6.08
3186,"Feb-2018",36,"B",40000,10.42
3187,"Jan-2018",36,"A",18000,6.72
3191,"Mar-2018",36,"B",10000,10.41
3192,"Jan-2018",36,"B",1000,9.93
3195,"Mar-2018",36,"E",25000,26.77
3196,"Jan-2018",36,"C",10000,12.62
3199,"Feb-2018",36,"B",11500,10.42
3201,"Feb-2018",36,"B",5000,11.99
3202,"Jan-2018",36,"B",20000,9.44
3203,"Feb-2018",36,"B",6000,9.93
3205,"Mar-2018",36,"B",10000,11.98
3207,"Feb-2018",36,"C",8400,16.02
3208,"Mar-2018",36,"B",28000,9.43
3209,"Feb-2018",36,"A",18000,5.31
3210,"Feb-2018",36,"B",10000,9.93
3212,"Mar-2018",36,"B",7000,9.43
3213,"Feb-2018",36,"C",7500,16.02
3215,"Jan-2018",36,"B",2600,9.93
3216,"Feb-2018",36,"C",8000,14.08
3218,"Feb-2018",36,"A",9000,5.32
3220,"Jan-2018",36,"B",1800,10.42
3221,"Jan-2018",36,"A",8000,6.08
3222,"Jan-2018",36,"A",10000,5.32
3223,"Mar-2018",36,"B",10000,9.92
3225,"Jan-2018",36,"B",40000,9.93
3226,"Jan-2018",36,"A",30000,6.72
3227,"Mar-2018",36,"C",15000,15.04
3228,"Feb-2018",36,"B",9800,9.44
3229,"Feb-2018",36,"B",21000,10.91
3231,"Jan-2018",36,"C",5000,13.59
3232,"Mar-2018",36,"A",3000,7.96
3234,"Jan-2018",36,"B",7000,10.42
3235,"Mar-2018",36,"B",21000,9.92
3236,"Feb-2018",36,"B",29600,9.93
3237,"Feb-2018",36,"D",10000,17.09
3238,"Feb-2018",36,"A",6000,7.35
3239,"Jan-2018",36,"C",20000,16.02
3240,"Feb-2018",36,"C",10000,13.59
3243,"Feb-2018",36,"A",20000,7.97
3244,"Mar-2018",36,"A",10000,6.71
3248,"Feb-2018",36,"D",2500,19.03
3249,"Feb-2018",36,"B",35000,10.9
3250,"Jan-2018",36,"C",8000,13.59
3253,"Jan-2018",36,"B",12000,11.99
3255,"Feb-2018",36,"C",10800,12.61
3256,"Feb-2018",36,"A",20000,7.97
3258,"Feb-2018",36,"B",8725,11.99
3259,"Feb-2018",36,"B",20000,10.42
3260,"Mar-2018",36,"D",5400,18.45
3262,"Mar-2018",36,"A",24000,7.96
3263,"Mar-2018",36,"A",1700,6.71
3266,"Mar-2018",36,"C",4000,13.58
3267,"Mar-2018",36,"A",25000,6.71
3270,"Jan-2018",36,"A",21000,5.32
3273,"Jan-2018",36,"B",3000,9.93
3274,"Feb-2018",36,"A",25000,5.32
3275,"Feb-2018",36,"B",10000,11.99
3276,"Jan-2018",36,"B",19350,11.99
3278,"Mar-2018",36,"C",5600,12.61
3279,"Mar-2018",36,"A",10000,7.96
3281,"Jan-2018",36,"B",20000,9.44
3282,"Feb-2018",36,"A",40000,6.71
3284,"Feb-2018",36,"B",36000,9.93
3285,"Feb-2018",36,"A",30000,5.32
3287,"Jan-2018",36,"A",5150,5.32
3288,"Jan-2018",36,"C",35000,13.59
3289,"Jan-2018",36,"C",10000,15.05
3290,"Jan-2018",36,"A",10200,6.72
3291,"Mar-2018",36,"B",3500,9.92
3294,"Mar-2018",36,"A",15000,7.96
3295,"Mar-2018",36,"C",8000,12.61
3296,"Jan-2018",36,"B",21000,10.42
3297,"Jan-2018",36,"E",25000,24.85
3300,"Jan-2018",36,"A",7500,5.32
3302,"Feb-2018",36,"C",10000,16.01
3303,"Mar-2018",36,"D",10000,17.47
3304,"Mar-2018",36,"A",10000,7.96
3305,"Feb-2018",36,"C",35000,13.58
3306,"Jan-2018",36,"A",25000,6.72
3307,"Mar-2018",36,"A",1800,6.07
3308,"Jan-2018",36,"A",8000,6.08
3309,"Feb-2018",36,"C",12000,14.08
3311,"Jan-2018",36,"A",6500,7.97
3313,"Mar-2018",36,"B",4500,10.41
3314,"Feb-2018",36,"B",4550,9.44
3315,"Mar-2018",36,"A",10000,5.31
3316,"Jan-2018",36,"D",2700,19.03
3319,"Jan-2018",36,"A",7500,6.08
3320,"Jan-2018",36,"A",10000,7.97
3321,"Feb-2018",36,"A",5000,6.72
3322,"Jan-2018",36,"C",5000,15.05
3323,"Feb-2018",36,"C",9000,13.58
3325,"Mar-2018",36,"A",3700,6.07
3331,"Mar-2018",36,"A",7800,6.71
3332,"Jan-2018",36,"B",12000,11.99
3333,"Mar-2018",36,"D",13000,19.42
3335,"Mar-2018",36,"A",16000,7.34
3336,"Feb-2018",36,"C",16000,12.61
3337,"Jan-2018",36,"C",35000,13.59
3339,"Jan-2018",36,"A",40000,7.97
3341,"Mar-2018",36,"C",27600,16.01
3342,"Mar-2018",36,"B",20000,9.44
3343,"Jan-2018",36,"D",4000,21.45
3345,"Mar-2018",36,"C",19000,15.04
3347,"Mar-2018",36,"B",8500,9.43
3349,"Mar-2018",36,"B",16000,10.9
3350,"Mar-2018",36,"A",5600,7.96
3351,"Feb-2018",36,"A",15000,6.08
3352,"Jan-2018",36,"A",15000,7.97
3355,"Jan-2018",36,"C",20000,14.08
3356,"Mar-2018",36,"A",3500,6.71
3357,"Jan-2018",36,"B",2500,10.42
3358,"Jan-2018",36,"C",16000,13.59
3360,"Feb-2018",36,"D",5000,20
3361,"Feb-2018",36,"B",2100,9.44
3362,"Jan-2018",36,"A",15000,6.72
3365,"Feb-2018",36,"B",20000,11.99
3367,"Jan-2018",36,"B",7000,10.91
3369,"Feb-2018",36,"A",6000,6.08
3370,"Feb-2018",36,"A",12000,5.32
3371,"Feb-2018",36,"D",5000,18.06
3374,"Mar-2018",36,"A",21000,5.31
3375,"Mar-2018",36,"A",18000,6.71
3376,"Mar-2018",36,"D",10000,19.42
3377,"Jan-2018",36,"A",15000,7.97
3378,"Feb-2018",36,"A",20000,7.97
3379,"Feb-2018",36,"C",19500,16.02
3381,"Mar-2018",36,"A",12000,5.31
3382,"Feb-2018",36,"B",3000,10.91
3383,"Mar-2018",36,"C",8000,15.04
3385,"Mar-2018",36,"D",10000,20.39
3386,"Jan-2018",36,"D",5000,18.06
3390,"Mar-2018",36,"A",7500,7.96
3391,"Mar-2018",36,"B",11200,11.98
3392,"Jan-2018",36,"A",12800,5.32
3393,"Mar-2018",36,"C",20000,16.01
3395,"Mar-2018",36,"D",10000,18.45
3396,"Feb-2018",36,"C",11200,16.02
3397,"Jan-2018",36,"A",12600,7.97
3398,"Feb-2018",36,"C",6000,13.59
3401,"Jan-2018",36,"B",5125,11.99
3403,"Mar-2018",36,"C",15600,14.07
3404,"Feb-2018",36,"B",13000,10.91
3405,"Mar-2018",36,"A",5600,7.96
3406,"Jan-2018",36,"A",10000,7.97
3407,"Jan-2018",36,"D",20200,18.06
3408,"Mar-2018",36,"B",10000,10.91
3409,"Mar-2018",36,"D",2000,21.85
3410,"Jan-2018",36,"B",34650,11.99
3411,"Mar-2018",36,"B",18000,10.91
3412,"Feb-2018",36,"C",12000,15.05
3413,"Feb-2018",36,"A",3000,6.72
3414,"Jan-2018",36,"B",14900,9.93
3415,"Feb-2018",36,"B",9000,9.43
3416,"Feb-2018",36,"C",5000,13.58
3417,"Mar-2018",36,"B",15000,10.9
3418,"Feb-2018",36,"C",9000,12.62
3419,"Mar-2018",36,"B",5000,9.92
3421,"Jan-2018",36,"C",4800,15.05
3422,"Jan-2018",36,"A",16000,7.97
3425,"Jan-2018",36,"C",7500,13.59
3427,"Jan-2018",36,"B",40000,9.44
3429,"Mar-2018",36,"A",15000,6.71
3431,"Mar-2018",36,"A",3000,7.96
3432,"Jan-2018",36,"B",6500,10.91
3433,"Mar-2018",36,"D",9000,21.85
3435,"Jan-2018",36,"B",10000,9.93
3436,"Mar-2018",36,"A",12000,6.07
3439,"Mar-2018",36,"C",8500,14.07
3440,"Mar-2018",36,"A",5000,6.07
3442,"Jan-2018",36,"A",36000,6.72
3443,"Jan-2018",36,"A",3000,7.35
3444,"Mar-2018",36,"B",10000,9.92
3445,"Jan-2018",36,"C",7500,12.62
3447,"Feb-2018",36,"B",6000,11.99
3448,"Jan-2018",36,"C",7000,13.59
3449,"Mar-2018",36,"B",3000,9.43
3450,"Feb-2018",36,"A",7000,6.08
3451,"Mar-2018",36,"B",15000,11.98
3452,"Jan-2018",36,"B",5000,9.44
3453,"Jan-2018",36,"A",15000,7.97
3454,"Jan-2018",36,"B",6600,10.42
3455,"Jan-2018",36,"A",30000,7.97
3459,"Jan-2018",36,"D",17000,21.45
3460,"Mar-2018",36,"A",10800,7.34
3461,"Jan-2018",36,"D",1000,18.06
3462,"Mar-2018",36,"A",36000,7.34
3465,"Mar-2018",36,"B",2000,10.9
3466,"Feb-2018",36,"B",25000,9.44
3469,"Jan-2018",36,"A",12000,7.97
3470,"Jan-2018",36,"B",1800,10.91
3471,"Mar-2018",36,"B",12000,10.41
3472,"Feb-2018",36,"B",10000,10.42
3474,"Mar-2018",36,"A",40000,7.96
3477,"Feb-2018",36,"A",30000,6.08
3479,"Jan-2018",36,"D",6000,18.06
3480,"Jan-2018",36,"A",2500,5.32
3481,"Jan-2018",36,"B",35000,11.99
3482,"Mar-2018",36,"A",15000,5.31
3483,"Jan-2018",36,"A",6000,7.35
3484,"Jan-2018",36,"B",11200,11.99
3485,"Feb-2018",36,"B",36000,9.44
3486,"Jan-2018",36,"D",10000,21.45
3487,"Jan-2018",36,"A",40000,6.08
3488,"Jan-2018",36,"C",10000,12.62
3490,"Feb-2018",36,"A",20000,7.97
3492,"Mar-2018",36,"B",10000,10.9
3494,"Jan-2018",36,"C",5000,15.05
3495,"Jan-2018",36,"C",20000,16.02
3496,"Feb-2018",36,"B",16000,9.93
3499,"Feb-2018",36,"A",21000,6.07
3500,"Feb-2018",36,"D",28000,19.03
3501,"Feb-2018",36,"D",24000,21.45
3502,"Jan-2018",36,"B",30000,10.91
3505,"Mar-2018",36,"D",18000,18.45
3506,"Jan-2018",36,"A",12000,6.72
3507,"Mar-2018",36,"C",24000,16.02
3508,"Feb-2018",36,"A",11500,7.97
3510,"Jan-2018",36,"A",10000,5.32
3511,"Jan-2018",36,"C",3000,16.02
3512,"Mar-2018",36,"B",8000,9.92
3513,"Mar-2018",36,"A",12000,6.07
3514,"Mar-2018",36,"B",5200,11.98
3515,"Mar-2018",36,"C",10000,16.01
3516,"Mar-2018",36,"D",12000,18.06
3517,"Mar-2018",36,"A",4800,6.71
3518,"Jan-2018",36,"D",3200,20
3519,"Jan-2018",36,"C",10000,12.62
3520,"Feb-2018",36,"C",30000,12.61
3523,"Jan-2018",36,"A",17000,5.32
3524,"Jan-2018",36,"A",10000,7.97
3526,"Feb-2018",36,"D",4000,18.06
3527,"Feb-2018",36,"B",7000,10.91
3530,"Jan-2018",36,"D",29400,21.45
3531,"Feb-2018",36,"D",20000,17.09
3532,"Jan-2018",36,"A",7000,6.08
3535,"Jan-2018",36,"A",4000,6.08
3536,"Mar-2018",36,"E",6000,24.84
3537,"Mar-2018",36,"A",23000,6.07
3538,"Jan-2018",36,"B",3600,9.44
3539,"Feb-2018",36,"A",40000,6.08
3540,"Jan-2018",36,"D",2400,19.03
3542,"Mar-2018",36,"C",6500,14.07
3543,"Feb-2018",36,"A",18000,6.71
3544,"Jan-2018",36,"C",3000,15.05
3545,"Mar-2018",36,"D",20000,21.85
3546,"Jan-2018",36,"A",2200,7.97
3547,"Jan-2018",36,"A",20000,6.72
3548,"Mar-2018",36,"A",25000,6.07
3549,"Feb-2018",36,"B",7200,9.93
3551,"Mar-2018",36,"D",15000,20.39
3552,"Jan-2018",36,"A",9050,6.72
3553,"Feb-2018",36,"B",6400,9.92
3554,"Mar-2018",36,"C",20000,14.07
3556,"Jan-2018",36,"A",10000,5.32
3557,"Mar-2018",36,"A",40000,5.31
3558,"Jan-2018",36,"A",14000,6.08
3559,"Mar-2018",36,"B",5000,11.98
3560,"Jan-2018",36,"B",12000,11.99
3561,"Mar-2018",36,"B",2400,9.43
3562,"Feb-2018",36,"C",6000,14.08
3563,"Mar-2018",36,"A",39200,5.31
3565,"Mar-2018",36,"C",1000,14.07
3566,"Feb-2018",36,"A",10000,6.72
3568,"Feb-2018",36,"D",20000,21.45
3569,"Mar-2018",36,"B",20000,11.98
3570,"Mar-2018",36,"B",15000,9.43
3574,"Mar-2018",36,"C",11000,16.01
3575,"Feb-2018",36,"C",17500,14.08
3576,"Feb-2018",36,"A",25000,7.97
3578,"Mar-2018",36,"A",30000,5.31
3579,"Mar-2018",36,"C",17000,16.01
3580,"Mar-2018",36,"C",30000,15.04
3582,"Feb-2018",36,"A",32175,6.72
3583,"Mar-2018",36,"A",20000,7.96
3585,"Mar-2018",36,"A",16000,7.96
3586,"Mar-2018",36,"A",20000,6.07
3588,"Mar-2018",36,"A",40000,5.31
3592,"Jan-2018",36,"C",5000,13.59
3594,"Feb-2018",36,"B",7800,9.43
3595,"Jan-2018",36,"A",8000,7.35
3596,"Mar-2018",36,"C",17600,13.58
3597,"Jan-2018",36,"B",6400,11.99
3598,"Feb-2018",36,"A",35000,7.35
3599,"Mar-2018",36,"D",14000,20.39
3600,"Feb-2018",36,"B",5000,10.91
3602,"Feb-2018",36,"B",10000,10.42
3603,"Jan-2018",36,"B",14000,9.44
3604,"Mar-2018",36,"A",5000,6.71
3605,"Feb-2018",36,"B",15000,10.91
3606,"Jan-2018",36,"C",37000,12.62
3607,"Jan-2018",36,"A",3500,6.72
3608,"Mar-2018",36,"E",10000,24.84
3609,"Feb-2018",36,"B",34425,10.41
3610,"Mar-2018",36,"B",6000,9.92
3612,"Mar-2018",36,"C",7000,15.04
3613,"Mar-2018",36,"A",3100,5.31
3614,"Jan-2018",36,"B",8400,9.44
3615,"Jan-2018",36,"D",3025,18.06
3616,"Feb-2018",36,"B",4000,11.99
3617,"Mar-2018",36,"B",9000,9.43
3618,"Mar-2018",36,"A",8400,6.07
3620,"Mar-2018",36,"D",7550,17.47
3621,"Feb-2018",36,"A",8000,7.35
3622,"Jan-2018",36,"A",16000,7.35
3623,"Jan-2018",36,"B",35200,11.99
3626,"Jan-2018",36,"A",10000,7.35
3627,"Jan-2018",36,"B",10000,10.42
3629,"Feb-2018",36,"C",8000,12.62
3630,"Mar-2018",36,"B",3200,9.43
3631,"Jan-2018",36,"C",14850,16.02
3633,"Feb-2018",36,"B",10000,10.42
3634,"Feb-2018",36,"A",6000,6.71
3635,"Feb-2018",36,"A",9800,6.08
3636,"Jan-2018",36,"C",4500,12.62
3638,"Feb-2018",36,"B",9000,10.41
3639,"Mar-2018",36,"A",39000,5.31
3640,"Mar-2018",36,"B",8400,11.98
3641,"Feb-2018",36,"A",5100,6.72
3642,"Mar-2018",36,"E",10000,26.77
3643,"Jan-2018",36,"B",8000,10.42
3644,"Mar-2018",36,"B",24000,9.43
3645,"Jan-2018",36,"B",20000,11.99
3646,"Jan-2018",36,"A",12500,7.35
3647,"Jan-2018",36,"B",7000,9.44
3648,"Feb-2018",36,"B",12000,10.42
3649,"Jan-2018",36,"C",22000,15.05
3652,"Jan-2018",36,"B",5600,9.44
3654,"Feb-2018",36,"D",5100,17.09
3656,"Mar-2018",36,"C",10000,13.58
3659,"Mar-2018",36,"B",15000,9.43
3660,"Jan-2018",36,"A",20000,7.97
3663,"Mar-2018",36,"C",3000,12.61
3665,"Mar-2018",36,"A",7000,7.34
3666,"Mar-2018",36,"A",16000,7.96
3667,"Jan-2018",36,"A",8650,6.72
3669,"Mar-2018",36,"A",15000,6.07
3670,"Mar-2018",36,"A",20000,5.31
3671,"Jan-2018",36,"B",10000,9.44
3672,"Jan-2018",36,"E",12000,24.85
3673,"Jan-2018",36,"C",5000,13.59
3674,"Jan-2018",36,"D",28000,17.09
3675,"Mar-2018",36,"D",5000,17.47
3677,"Feb-2018",36,"B",5400,10.91
3678,"Mar-2018",36,"B",25000,9.43
3680,"Mar-2018",36,"A",30000,7.34
3681,"Jan-2018",36,"D",9550,17.09
3682,"Jan-2018",36,"A",5500,7.97
3683,"Mar-2018",36,"D",8000,19.42
3684,"Jan-2018",36,"B",15000,9.93
3688,"Jan-2018",36,"B",3600,9.93
3689,"Jan-2018",36,"A",7000,7.35
3690,"Jan-2018",36,"D",3000,19.03
3691,"Jan-2018",36,"D",35000,18.06
3692,"Jan-2018",36,"A",15000,6.72
3693,"Jan-2018",36,"B",25000,10.91
3694,"Mar-2018",36,"C",20000,15.04
3695,"Jan-2018",36,"C",3000,13.59
3696,"Feb-2018",36,"B",5000,9.44
3698,"Mar-2018",36,"B",14000,9.43
3699,"Feb-2018",36,"B",2000,11.99
3700,"Jan-2018",36,"B",15000,11.99
3701,"Mar-2018",36,"C",7200,13.58
3702,"Feb-2018",36,"D",12000,18.45
3704,"Jan-2018",36,"A",35000,7.97
3705,"Jan-2018",36,"B",7000,10.42
3706,"Feb-2018",36,"D",16000,21.45
3707,"Jan-2018",36,"D",15000,19.03
3708,"Mar-2018",36,"A",3000,6.71
3710,"Jan-2018",36,"C",10000,12.62
3711,"Mar-2018",36,"C",10450,13.58
3712,"Feb-2018",36,"D",10000,18.06
3715,"Jan-2018",36,"A",5000,6.72
3716,"Jan-2018",36,"D",30000,20
3717,"Mar-2018",36,"A",27000,5.31
3718,"Mar-2018",36,"A",30000,5.31
3720,"Feb-2018",36,"C",32000,15.05
3721,"Feb-2018",36,"A",10000,7.96
3722,"Jan-2018",36,"B",40000,9.93
3723,"Feb-2018",36,"A",10000,7.34
3724,"Jan-2018",36,"C",18000,14.08
3726,"Mar-2018",36,"D",13575,21.85
3729,"Feb-2018",36,"B",2500,11.99
3730,"Mar-2018",36,"A",10000,6.71
3732,"Jan-2018",36,"B",25000,9.93
3733,"Jan-2018",36,"A",15000,6.72
3735,"Feb-2018",36,"B",6000,9.44
3737,"Mar-2018",36,"A",8000,6.71
3738,"Mar-2018",36,"A",11200,7.34
3739,"Jan-2018",36,"C",13000,12.62
3740,"Mar-2018",36,"C",1200,15.04
3741,"Mar-2018",36,"B",28000,9.92
3742,"Feb-2018",36,"C",5000,16.01
3743,"Mar-2018",36,"C",20000,14.07
3744,"Mar-2018",36,"D",28000,18.45
3745,"Mar-2018",36,"C",31000,16.01
3748,"Mar-2018",36,"C",15000,13.58
3750,"Feb-2018",36,"B",10000,9.93
3752,"Feb-2018",36,"A",2000,7.96
3755,"Mar-2018",36,"A",5000,5.31
3758,"Jan-2018",36,"D",9000,17.09
3759,"Jan-2018",36,"A",5000,7.97
3760,"Mar-2018",36,"D",5000,17.47
3761,"Mar-2018",36,"E",16000,25.81
3762,"Jan-2018",36,"A",40000,7.97
3764,"Jan-2018",36,"D",30000,19.03
3765,"Jan-2018",36,"C",7200,15.05
3766,"Jan-2018",36,"B",8000,9.44
3768,"Mar-2018",36,"B",10000,9.43
3769,"Feb-2018",36,"B",3000,10.91
3770,"Mar-2018",36,"D",4475,19.42
3771,"Jan-2018",36,"B",9500,10.42
3773,"Mar-2018",36,"C",9000,14.07
3774,"Mar-2018",36,"D",20000,18.45
3775,"Jan-2018",36,"B",20000,11.99
3776,"Mar-2018",36,"B",20000,10.41
3778,"Jan-2018",36,"A",4800,7.35
3779,"Feb-2018",36,"B",15000,11.99
3780,"Mar-2018",36,"B",19200,9.92
3781,"Mar-2018",36,"C",32000,12.61
3783,"Feb-2018",36,"B",13000,9.93
3784,"Jan-2018",36,"A",7500,7.35
3785,"Mar-2018",36,"B",10000,9.92
3786,"Feb-2018",36,"B",10000,9.43
3787,"Mar-2018",36,"C",30000,12.61
3788,"Mar-2018",36,"D",15825,17.47
3790,"Jan-2018",36,"A",8400,5.32
3793,"Feb-2018",36,"A",30000,7.97
3795,"Jan-2018",36,"A",10000,7.97
3797,"Mar-2018",36,"C",19500,15.04
3799,"Jan-2018",36,"C",33600,12.62
3801,"Mar-2018",36,"A",40000,6.71
3802,"Jan-2018",36,"B",35000,10.91
3803,"Feb-2018",36,"C",30000,16.02
3805,"Jan-2018",36,"B",1500,10.91
3806,"Mar-2018",36,"C",15000,13.58
3807,"Feb-2018",36,"A",33250,6.72
3809,"Feb-2018",36,"A",35000,6.08
3810,"Mar-2018",36,"A",5500,7.96
3812,"Feb-2018",36,"D",8000,20
3813,"Mar-2018",36,"A",16000,6.07
3814,"Mar-2018",36,"C",3200,13.58
3816,"Jan-2018",36,"A",20000,5.32
3817,"Mar-2018",36,"A",10000,5.31
3822,"Mar-2018",36,"C",12000,13.58
3824,"Jan-2018",36,"B",11500,10.91
3825,"Mar-2018",36,"B",4000,9.43
3827,"Mar-2018",36,"B",6000,10.41
3829,"Feb-2018",36,"B",5000,9.44
3830,"Jan-2018",36,"C",7000,13.59
3831,"Mar-2018",36,"G",35000,30.94
3833,"Mar-2018",36,"C",8400,13.58
3834,"Feb-2018",36,"A",5000,7.97
3835,"Feb-2018",36,"A",30000,6.72
3836,"Mar-2018",36,"B",10000,9.92
3837,"Mar-2018",36,"B",3000,10.9
3839,"Feb-2018",36,"B",10000,10.9
3840,"Jan-2018",36,"A",13200,7.35
3841,"Jan-2018",36,"B",5000,11.99
3842,"Mar-2018",36,"A",10000,7.96
3843,"Feb-2018",36,"B",15000,9.93
3845,"Feb-2018",36,"A",10000,7.97
3847,"Jan-2018",36,"B",24000,10.42
3848,"Mar-2018",36,"A",3000,7.96
3849,"Feb-2018",36,"B",15000,9.44
3850,"Feb-2018",36,"A",4000,7.35
3852,"Feb-2018",36,"C",10000,12.62
3854,"Jan-2018",36,"A",24000,6.72
3855,"Feb-2018",36,"A",6000,5.32
3856,"Feb-2018",36,"B",1500,9.44
3861,"Jan-2018",36,"C",3200,14.08
3862,"Feb-2018",36,"A",23000,7.35
3864,"Jan-2018",36,"E",2000,25.82
3866,"Mar-2018",36,"A",40000,7.96
3867,"Mar-2018",36,"B",7500,9.92
3868,"Feb-2018",36,"B",15000,11.98
3869,"Mar-2018",36,"D",8000,18.45
3870,"Jan-2018",36,"B",40000,9.93
3871,"Jan-2018",36,"B",35000,10.91
3872,"Mar-2018",36,"D",20000,17.47
3873,"Jan-2018",36,"C",30000,14.08
3874,"Mar-2018",36,"A",18000,7.96
3875,"Jan-2018",36,"A",2000,7.97
3877,"Jan-2018",36,"C",10000,16.02
3878,"Mar-2018",36,"B",25000,11.98
3880,"Mar-2018",36,"D",7000,19.42
3881,"Mar-2018",36,"C",5000,13.58
3883,"Feb-2018",36,"B",12000,10.91
3885,"Mar-2018",36,"A",8000,6.07
3887,"Feb-2018",36,"A",21500,6.72
3890,"Mar-2018",36,"A",9000,7.96
3891,"Mar-2018",36,"D",3000,17.47
3892,"Feb-2018",36,"A",8000,7.96
3893,"Mar-2018",36,"A",9000,7.34
3894,"Mar-2018",36,"C",23475,13.58
3896,"Feb-2018",36,"B",20000,11.99
3897,"Feb-2018",36,"A",10000,6.08
3900,"Jan-2018",36,"A",30000,5.32
3901,"Mar-2018",36,"C",35000,13.58
3902,"Jan-2018",36,"A",20000,6.72
3904,"Mar-2018",36,"B",30000,10.9
3905,"Mar-2018",36,"B",8000,9.92
3906,"Jan-2018",36,"B",7500,9.93
3907,"Feb-2018",36,"B",1000,11.98
3908,"Feb-2018",36,"C",11200,15.05
3910,"Mar-2018",36,"A",36000,7.34
3912,"Mar-2018",36,"C",18000,16.01
3913,"Jan-2018",36,"C",3000,14.08
3915,"Jan-2018",36,"C",4000,16.02
3916,"Mar-2018",36,"A",4000,6.07
3917,"Jan-2018",36,"A",15600,6.72
3919,"Jan-2018",36,"B",8000,9.93
3921,"Mar-2018",36,"B",20000,10.9
3924,"Feb-2018",36,"A",12000,7.34
3926,"Feb-2018",36,"B",20000,9.44
3927,"Jan-2018",36,"C",20000,12.62
3928,"Feb-2018",36,"B",9600,9.44
3929,"Mar-2018",36,"A",6000,7.34
3930,"Mar-2018",36,"B",8400,9.92
3931,"Jan-2018",36,"C",35000,15.05
3933,"Mar-2018",36,"D",4000,17.47
3934,"Mar-2018",36,"D",1500,18.45
3935,"Jan-2018",36,"B",2500,11.99
3937,"Mar-2018",36,"C",10000,12.61
3938,"Jan-2018",36,"D",8000,18.06
3940,"Feb-2018",36,"C",24000,12.62
3941,"Feb-2018",36,"B",10000,10.91
3942,"Mar-2018",36,"C",6000,13.58
3945,"Jan-2018",36,"A",40000,7.97
3946,"Mar-2018",36,"D",18000,19.42
3947,"Feb-2018",36,"C",2800,13.59
3948,"Jan-2018",36,"A",12000,6.72
3949,"Mar-2018",36,"D",30000,20.39
3950,"Jan-2018",36,"C",16000,12.62
3951,"Mar-2018",36,"D",20000,18.45
3957,"Jan-2018",36,"A",7000,5.32
3958,"Jan-2018",36,"B",20000,10.42
3960,"Jan-2018",36,"C",7000,15.05
3961,"Mar-2018",36,"A",25000,6.71
3962,"Mar-2018",36,"A",36000,7.96
3964,"Feb-2018",36,"B",15000,9.44
3966,"Jan-2018",36,"B",15000,10.42
3967,"Jan-2018",36,"A",27000,6.72
3968,"Mar-2018",36,"C",3100,12.61
3972,"Mar-2018",36,"B",19000,10.41
3973,"Feb-2018",36,"A",15000,7.96
3975,"Jan-2018",36,"B",15000,11.99
3977,"Jan-2018",36,"D",20000,18.06
3978,"Jan-2018",36,"B",15000,9.93
3979,"Jan-2018",36,"B",6000,11.99
3981,"Jan-2018",36,"A",15000,5.32
3983,"Jan-2018",36,"C",7000,15.05
3984,"Jan-2018",36,"B",20000,9.93
3985,"Feb-2018",36,"D",4900,18.06
3986,"Feb-2018",36,"D",10000,21.45
3987,"Mar-2018",36,"A",20000,7.34
3988,"Mar-2018",36,"B",6000,11.98
3990,"Feb-2018",36,"C",34450,13.59
3991,"Feb-2018",36,"C",16000,16.02
3992,"Mar-2018",36,"D",12000,20
3995,"Mar-2018",36,"A",11200,5.31
3996,"Jan-2018",36,"A",35000,5.32
3997,"Jan-2018",36,"C",6000,12.62
3998,"Mar-2018",36,"C",5000,15.04
3999,"Feb-2018",36,"B",16000,11.98
4000,"Feb-2018",36,"B",9000,9.44
4002,"Feb-2018",36,"C",16000,12.62
4003,"Mar-2018",36,"B",8000,11.98
4004,"Feb-2018",36,"D",20325,18.06
4005,"Jan-2018",36,"C",5000,16.02
4006,"Feb-2018",36,"A",12000,6.07
4007,"Jan-2018",36,"B",7325,11.99
4008,"Jan-2018",36,"C",10000,15.05
4010,"Mar-2018",36,"A",10000,7.96
4012,"Mar-2018",36,"C",28775,12.61
4013,"Feb-2018",36,"D",16800,17.09
4014,"Feb-2018",36,"C",10000,12.62
4015,"Mar-2018",36,"C",6000,13.58
4017,"Mar-2018",36,"A",10000,5.31
4018,"Mar-2018",36,"D",1500,17.47
4019,"Feb-2018",36,"B",29000,11.98
4022,"Mar-2018",36,"B",5000,9.43
4023,"Mar-2018",36,"D",2500,21.85
4024,"Feb-2018",36,"C",8000,12.62
4025,"Feb-2018",36,"B",11600,10.91
4028,"Jan-2018",36,"B",9000,9.44
4029,"Jan-2018",36,"B",14000,11.99
4030,"Jan-2018",36,"A",12000,7.97
4032,"Jan-2018",36,"C",8000,13.59
4034,"Jan-2018",36,"A",5000,7.97
4035,"Mar-2018",36,"C",8000,13.58
4036,"Mar-2018",36,"A",16000,5.31
4038,"Feb-2018",36,"B",15000,11.99
4040,"Feb-2018",36,"A",11000,5.32
4042,"Feb-2018",36,"B",36000,10.42
4043,"Mar-2018",36,"C",8000,12.61
4044,"Jan-2018",36,"A",40000,7.35
4045,"Mar-2018",36,"E",9600,23.87
4046,"Jan-2018",36,"C",5000,16.02
4047,"Feb-2018",36,"A",13000,6.72
4048,"Jan-2018",36,"B",7200,10.42
4049,"Jan-2018",36,"D",12800,21.45
4051,"Mar-2018",36,"A",17000,7.96
4052,"Mar-2018",36,"C",6025,12.61
4055,"Mar-2018",36,"C",10000,14.07
4056,"Jan-2018",36,"C",6200,13.59
4058,"Mar-2018",36,"C",2200,12.61
4059,"Jan-2018",36,"C",10000,16.02
4061,"Mar-2018",36,"B",10000,10.91
4063,"Mar-2018",36,"C",20000,15.04
4065,"Mar-2018",36,"C",5000,16.01
4066,"Mar-2018",36,"B",6000,11.98
4067,"Feb-2018",36,"C",15000,13.59
4068,"Mar-2018",36,"A",3500,6.71
4069,"Jan-2018",36,"B",7325,10.91
4070,"Mar-2018",36,"A",12000,7.96
4071,"Jan-2018",36,"B",12000,10.42
4072,"Jan-2018",36,"A",5000,7.35
4073,"Jan-2018",36,"C",5000,16.02
4074,"Mar-2018",36,"C",18000,16.01
4075,"Mar-2018",36,"C",3000,13.58
4076,"Feb-2018",36,"B",5000,10.42
4078,"Jan-2018",36,"A",3500,7.97
4079,"Jan-2018",36,"B",40000,11.99
4080,"Feb-2018",36,"C",32000,13.59
4081,"Feb-2018",36,"A",6000,7.34
4082,"Feb-2018",36,"C",12000,15.04
4084,"Feb-2018",36,"D",25000,19.42
4085,"Mar-2018",36,"B",5500,9.43
4086,"Jan-2018",36,"C",10400,16.02
4087,"Mar-2018",36,"A",9000,7.34
4089,"Mar-2018",36,"A",25000,5.31
4090,"Mar-2018",36,"A",10000,6.71
4092,"Jan-2018",36,"A",25000,6.08
4093,"Feb-2018",36,"A",19000,6.71
4095,"Jan-2018",36,"A",14400,6.08
4097,"Jan-2018",36,"C",4800,16.02
4100,"Jan-2018",36,"C",5000,16.02
4101,"Jan-2018",36,"D",12000,21.45
4103,"Mar-2018",36,"B",30000,10.41
4105,"Mar-2018",36,"B",12800,9.43
4106,"Jan-2018",36,"B",24000,10.42
4107,"Feb-2018",36,"B",12000,10.9
4108,"Mar-2018",36,"B",13000,9.43
4109,"Mar-2018",36,"B",10000,11.98
4110,"Feb-2018",36,"D",21600,20
4111,"Feb-2018",36,"B",14000,9.43
4112,"Mar-2018",36,"B",9600,10.41
4114,"Feb-2018",36,"B",20000,9.44
4117,"Jan-2018",36,"C",10000,12.62
4118,"Mar-2018",36,"C",32000,16.01
4119,"Feb-2018",36,"D",4500,21.45
4120,"Mar-2018",36,"A",10000,7.96
4121,"Jan-2018",36,"C",23000,13.59
4122,"Jan-2018",36,"C",30800,13.59
4123,"Mar-2018",36,"A",20000,7.34
4124,"Feb-2018",36,"D",8000,18.45
4125,"Mar-2018",36,"C",7000,14.07
4126,"Mar-2018",36,"C",6000,12.61
4128,"Mar-2018",36,"B",16000,11.98
4129,"Mar-2018",36,"D",7325,21.85
4130,"Feb-2018",36,"C",15000,12.62
4131,"Feb-2018",36,"A",25000,5.32
4132,"Mar-2018",36,"D",25825,19.42
4135,"Feb-2018",36,"D",5000,20
4136,"Mar-2018",36,"B",13000,11.98
4138,"Jan-2018",36,"A",6000,6.08
4139,"Jan-2018",36,"A",1500,7.35
4140,"Feb-2018",36,"A",8000,7.35
4142,"Jan-2018",36,"C",8500,13.59
4143,"Mar-2018",36,"A",7500,7.34
4144,"Jan-2018",36,"A",3500,7.35
4145,"Mar-2018",36,"C",6500,12.61
4146,"Jan-2018",36,"A",23200,7.35
4147,"Feb-2018",36,"C",10000,15.05
4150,"Mar-2018",36,"A",30000,7.96
4151,"Jan-2018",36,"B",8400,11.99
4152,"Feb-2018",36,"D",7750,20
4153,"Feb-2018",36,"E",9100,25.82
4154,"Mar-2018",36,"B",30000,11.98
4156,"Jan-2018",36,"B",16000,10.91
4157,"Feb-2018",36,"B",25000,9.44
4158,"Jan-2018",36,"C",12000,16.02
4159,"Jan-2018",36,"A",5000,7.97
4160,"Feb-2018",36,"A",12000,5.32
4161,"Feb-2018",36,"B",30000,10.41
4164,"Feb-2018",36,"C",17325,15.05
4165,"Jan-2018",36,"B",20000,9.93
4166,"Feb-2018",36,"B",7000,10.91
4169,"Jan-2018",36,"E",14800,22.91
4170,"Feb-2018",36,"A",6000,7.35
4171,"Mar-2018",36,"B",40000,10.9
4172,"Mar-2018",36,"D",6000,17.47
4173,"Feb-2018",36,"A",15000,5.31
4176,"Mar-2018",36,"B",30000,10.41
4177,"Feb-2018",36,"E",1000,22.9
4178,"Feb-2018",36,"A",15000,6.72
4179,"Mar-2018",36,"C",10000,13.58
4184,"Jan-2018",36,"D",3000,19.03
4186,"Mar-2018",36,"B",14000,9.43
4187,"Feb-2018",36,"A",35000,6.08
4188,"Feb-2018",36,"C",35000,16.01
4189,"Feb-2018",36,"C",4000,14.07
4190,"Mar-2018",36,"A",12800,6.71
4191,"Mar-2018",36,"C",7200,15.04
4192,"Jan-2018",36,"A",12000,7.35
4194,"Mar-2018",36,"A",10000,7.34
4195,"Mar-2018",36,"D",14900,18.45
4198,"Jan-2018",36,"C",15000,16.02
4199,"Mar-2018",36,"A",6000,7.34
4201,"Mar-2018",36,"B",24000,10.9
4202,"Mar-2018",36,"B",10000,10.41
4203,"Feb-2018",36,"C",10000,15.05
4204,"Feb-2018",36,"B",6600,9.93
4205,"Jan-2018",36,"A",6500,6.08
4206,"Mar-2018",36,"D",5000,19.42
4207,"Jan-2018",36,"D",1500,18.06
4208,"Feb-2018",36,"B",15000,10.91
4209,"Feb-2018",36,"C",20000,16.02
4211,"Mar-2018",36,"A",25000,6.07
4212,"Jan-2018",36,"C",7200,14.08
4213,"Jan-2018",36,"A",8300,6.72
4214,"Feb-2018",36,"B",4000,10.42
4216,"Jan-2018",36,"C",8000,14.08
4217,"Mar-2018",36,"B",33000,9.92
4219,"Mar-2018",36,"D",1800,17.47
4221,"Mar-2018",36,"B",5000,9.43
4222,"Mar-2018",36,"A",40000,7.96
4224,"Jan-2018",36,"A",10000,5.32
4225,"Jan-2018",36,"A",10000,7.97
4226,"Mar-2018",36,"B",5000,9.43
4227,"Jan-2018",36,"D",16000,17.09
4228,"Mar-2018",36,"D",10000,20.39
4229,"Mar-2018",36,"A",21800,5.31
4230,"Jan-2018",36,"A",10000,6.72
4231,"Feb-2018",36,"B",25000,10.41
4232,"Jan-2018",36,"B",12800,9.44
4234,"Mar-2018",36,"B",32000,11.98
4235,"Feb-2018",36,"A",6500,7.96
4236,"Feb-2018",36,"A",40000,6.72
4237,"Mar-2018",36,"C",15000,14.07
4238,"Mar-2018",36,"B",12000,9.92
4239,"Jan-2018",36,"B",37200,9.44
4240,"Jan-2018",36,"B",5000,10.91
4242,"Mar-2018",36,"C",21000,16.01
4243,"Mar-2018",36,"D",8500,18.45
4244,"Jan-2018",36,"C",25000,15.05
4245,"Jan-2018",36,"C",16000,16.02
4247,"Jan-2018",36,"B",2000,10.91
4248,"Jan-2018",36,"C",10000,16.02
4250,"Mar-2018",36,"B",30000,10.41
4251,"Feb-2018",36,"B",13000,9.93
4253,"Mar-2018",36,"E",25000,26.3
4255,"Jan-2018",36,"C",32000,16.02
4257,"Mar-2018",36,"A",20000,7.96
4259,"Jan-2018",36,"A",12000,6.08
4262,"Jan-2018",36,"B",2400,10.42
4264,"Jan-2018",36,"A",25000,6.08
4265,"Mar-2018",36,"B",2000,9.92
4267,"Mar-2018",36,"A",5000,7.34
4268,"Mar-2018",36,"B",8400,10.9
4269,"Jan-2018",36,"B",11000,10.91
4270,"Jan-2018",36,"A",34950,6.08
4272,"Jan-2018",36,"A",5000,7.35
4273,"Mar-2018",36,"B",29100,10.41
4275,"Jan-2018",36,"C",20000,15.05
4277,"Mar-2018",36,"A",18500,7.34
4278,"Feb-2018",36,"B",7000,9.43
4280,"Mar-2018",36,"A",5000,6.71
4281,"Mar-2018",36,"C",6400,12.61
4282,"Mar-2018",36,"A",16000,7.34
4283,"Mar-2018",36,"D",6000,19.42
4284,"Jan-2018",36,"B",10000,9.44
4285,"Jan-2018",36,"C",12000,12.62
4287,"Feb-2018",36,"C",7500,15.05
4288,"Mar-2018",36,"C",6000,16.01
4289,"Jan-2018",36,"A",16000,7.35
4290,"Jan-2018",36,"A",10000,7.35
4291,"Mar-2018",36,"A",30000,7.96
4293,"Jan-2018",36,"E",40000,22.91
4294,"Mar-2018",36,"B",16000,9.43
4295,"Jan-2018",36,"A",25000,6.08
4296,"Mar-2018",36,"A",1500,6.07
4297,"Mar-2018",36,"B",4000,11.98
4299,"Feb-2018",36,"D",7500,20
4301,"Mar-2018",36,"A",26000,6.07
4303,"Jan-2018",36,"C",4000,12.62
4304,"Feb-2018",36,"B",5000,9.44
4305,"Feb-2018",36,"A",20000,6.08
4306,"Feb-2018",36,"B",8000,9.44
4308,"Jan-2018",36,"D",5000,18.06
4309,"Jan-2018",36,"A",30000,7.35
4313,"Feb-2018",36,"C",24000,12.62
4315,"Mar-2018",36,"B",22000,11.98
4317,"Mar-2018",36,"B",8000,10.9
4318,"Feb-2018",36,"D",10000,17.09
4319,"Mar-2018",36,"C",4600,16.01
4320,"Jan-2018",36,"A",15000,7.35
4321,"Mar-2018",36,"A",12000,5.31
4322,"Jan-2018",36,"A",4000,6.72
4324,"Mar-2018",36,"A",30000,6.71
4326,"Jan-2018",36,"A",3500,6.72
4327,"Jan-2018",36,"C",6050,14.08
4328,"Feb-2018",36,"A",40000,7.35
4329,"Feb-2018",36,"C",10000,15.05
4330,"Jan-2018",36,"C",10500,16.02
4332,"Jan-2018",36,"B",10000,11.99
4336,"Mar-2018",36,"B",20000,9.92
4337,"Jan-2018",36,"A",8000,5.32
4338,"Mar-2018",36,"C",6300,13.59
4339,"Feb-2018",36,"B",15000,9.93
4340,"Jan-2018",36,"D",7000,21.45
4341,"Jan-2018",36,"C",8000,16.02
4342,"Jan-2018",36,"A",10000,6.72
4345,"Mar-2018",36,"A",9600,7.96
4346,"Feb-2018",36,"D",15000,19.03
4348,"Mar-2018",36,"C",10500,14.07
4351,"Feb-2018",36,"D",22000,20
4352,"Feb-2018",36,"B",4500,11.99
4353,"Mar-2018",36,"A",5600,6.07
4355,"Jan-2018",36,"B",6000,11.99
4356,"Jan-2018",36,"D",15000,19.03
4357,"Feb-2018",36,"C",9500,12.62
4358,"Mar-2018",36,"A",21000,7.34
4359,"Mar-2018",36,"A",15000,7.96
4360,"Mar-2018",36,"B",12000,10.41
4362,"Mar-2018",36,"D",30000,19.42
4363,"Jan-2018",36,"D",6600,17.09
4364,"Jan-2018",36,"B",4000,9.93
4365,"Mar-2018",36,"C",25000,15.04
4366,"Mar-2018",36,"A",19000,6.71
4367,"Mar-2018",36,"D",17575,20.39
4369,"Feb-2018",36,"B",1200,9.44
4370,"Jan-2018",36,"D",2100,19.03
4371,"Jan-2018",36,"B",29000,9.44
4372,"Mar-2018",36,"B",25000,9.92
4373,"Mar-2018",36,"C",16000,16.01
4374,"Jan-2018",36,"B",3000,9.93
4375,"Feb-2018",36,"A",25000,5.32
4377,"Mar-2018",36,"A",25000,7.96
4378,"Feb-2018",36,"A",5400,7.34
4379,"Mar-2018",36,"B",6000,9.43
4380,"Feb-2018",36,"B",40000,10.91
4381,"Jan-2018",36,"C",35000,16.02
4382,"Jan-2018",36,"B",5000,11.99
4383,"Jan-2018",36,"A",30000,7.35
4384,"Mar-2018",36,"E",15000,23.87
4385,"Jan-2018",36,"A",14400,7.97
4386,"Jan-2018",36,"C",20000,14.08
4387,"Mar-2018",36,"B",30000,10.9
4388,"Mar-2018",36,"C",2500,14.07
4389,"Feb-2018",36,"B",32000,9.44
4390,"Feb-2018",36,"B",4000,9.92
4391,"Jan-2018",36,"B",8400,10.91
4394,"Jan-2018",36,"C",10000,16.02
4396,"Feb-2018",36,"D",19000,21.85
4397,"Feb-2018",36,"D",19450,21.45
4399,"Jan-2018",36,"B",25200,10.91
4400,"Mar-2018",36,"C",20000,12.61
4401,"Jan-2018",36,"B",1300,10.91
4403,"Jan-2018",36,"B",8400,9.44
4405,"Jan-2018",36,"C",6400,14.08
4406,"Jan-2018",36,"A",6000,6.08
4407,"Mar-2018",36,"C",9000,13.58
4408,"Jan-2018",36,"B",20000,9.93
4410,"Jan-2018",36,"A",9900,7.35
4411,"Jan-2018",36,"A",12000,7.35
4412,"Jan-2018",36,"C",35000,12.62
4415,"Mar-2018",36,"A",7000,7.34
4418,"Feb-2018",36,"B",4800,10.91
4419,"Mar-2018",36,"C",10000,12.61
4420,"Mar-2018",36,"B",12000,9.43
4421,"Mar-2018",36,"B",16000,9.92
4422,"Mar-2018",36,"B",30000,10.9
4423,"Mar-2018",36,"B",6000,11.98
4424,"Jan-2018",36,"D",12800,17.09
4425,"Feb-2018",36,"E",16000,25.82
4426,"Mar-2018",36,"C",5000,16.01
4428,"Feb-2018",36,"C",34800,13.59
4429,"Jan-2018",36,"B",4500,9.44
4430,"Mar-2018",36,"B",40000,9.92
4431,"Mar-2018",36,"B",6025,10.9
4439,"Jan-2018",36,"C",7500,15.05
4440,"Feb-2018",36,"A",6000,6.08
4445,"Mar-2018",36,"B",40000,9.43
4446,"Jan-2018",36,"A",30000,5.32
4447,"Jan-2018",36,"B",8500,10.91
4448,"Feb-2018",36,"A",15000,7.96
4449,"Feb-2018",36,"B",10000,9.44
4451,"Mar-2018",36,"C",15000,15.04
4452,"Jan-2018",36,"B",3200,10.42
4453,"Feb-2018",36,"A",7000,5.32
4455,"Jan-2018",36,"A",10000,7.35
4456,"Feb-2018",36,"C",15000,14.08
4457,"Feb-2018",36,"A",10000,5.31
4460,"Feb-2018",36,"B",10000,10.42
4461,"Jan-2018",36,"B",25000,11.99
4463,"Jan-2018",36,"C",14000,13.59
4464,"Mar-2018",36,"D",30000,17.47
4466,"Feb-2018",36,"A",4000,6.72
4467,"Feb-2018",36,"C",10000,14.08
4469,"Jan-2018",36,"A",30000,5.32
4470,"Jan-2018",36,"B",3600,11.99
4471,"Feb-2018",36,"A",16000,6.71
4472,"Feb-2018",36,"B",10000,10.91
4473,"Jan-2018",36,"C",10000,15.05
4474,"Feb-2018",36,"A",14500,6.07
4476,"Feb-2018",36,"B",25000,9.44
4477,"Mar-2018",36,"A",10000,6.71
4478,"Mar-2018",36,"C",14000,16.01
4481,"Mar-2018",36,"E",1400,24.84
4482,"Feb-2018",36,"A",38000,7.35
4483,"Jan-2018",36,"B",40000,10.42
4489,"Feb-2018",36,"A",4500,7.97
4490,"Feb-2018",36,"C",6000,13.59
4491,"Jan-2018",36,"B",20000,10.42
4492,"Jan-2018",36,"B",10600,9.44
4493,"Jan-2018",36,"A",10000,6.08
4494,"Mar-2018",36,"C",7000,14.07
4495,"Mar-2018",36,"C",3000,13.58
4496,"Jan-2018",36,"A",18000,7.97
4498,"Jan-2018",36,"F",35000,29.69
4499,"Mar-2018",36,"A",25000,7.34
4500,"Jan-2018",36,"A",12000,7.97
4502,"Jan-2018",36,"A",15000,5.32
4504,"Mar-2018",36,"A",10000,7.34
4505,"Mar-2018",36,"C",20000,12.61
4508,"Mar-2018",36,"A",7000,7.96
4510,"Mar-2018",36,"C",19500,16.01
4511,"Mar-2018",36,"C",35000,16.01
4514,"Jan-2018",36,"A",3000,6.72
4515,"Jan-2018",36,"B",5000,11.99
4517,"Jan-2018",36,"A",3000,7.97
4519,"Jan-2018",36,"A",20000,7.97
4520,"Mar-2018",36,"A",20000,7.34
4521,"Jan-2018",36,"B",18000,11.99
4522,"Jan-2018",36,"C",7500,13.59
4523,"Mar-2018",36,"C",20000,16.01
4524,"Jan-2018",36,"A",6500,5.32
4525,"Jan-2018",36,"A",16000,5.32
4526,"Mar-2018",36,"A",7000,5.31
4528,"Mar-2018",36,"A",17800,6.07
4529,"Feb-2018",36,"A",12000,5.32
4531,"Jan-2018",36,"C",32000,12.62
4533,"Jan-2018",36,"A",14000,6.08
4534,"Feb-2018",36,"C",8500,15.05
4537,"Mar-2018",36,"B",7000,9.92
4539,"Jan-2018",36,"A",3000,7.35
4540,"Feb-2018",36,"B",9600,10.9
4541,"Mar-2018",36,"A",12000,6.71
4542,"Jan-2018",36,"D",20000,19.03
4544,"Mar-2018",36,"A",14500,7.96
4545,"Mar-2018",36,"C",5000,16.01
4546,"Mar-2018",36,"A",6025,7.34
4547,"Mar-2018",36,"B",24000,10.41
4549,"Feb-2018",36,"A",9600,7.35
4550,"Mar-2018",36,"B",25500,10.9
4551,"Feb-2018",36,"B",15000,10.41
4552,"Mar-2018",36,"B",10000,11.98
4554,"Mar-2018",36,"A",6500,6.72
4555,"Feb-2018",36,"A",12000,5.31
4557,"Feb-2018",36,"A",18000,7.35
4558,"Mar-2018",36,"A",21000,7.96
4561,"Feb-2018",36,"B",18500,9.44
4564,"Feb-2018",36,"B",12000,9.92
4565,"Feb-2018",36,"D",3500,19.03
4566,"Jan-2018",36,"B",8000,9.93
4568,"Jan-2018",36,"B",13500,9.93
4569,"Feb-2018",36,"B",15000,10.42
4570,"Jan-2018",36,"B",8400,10.91
4572,"Feb-2018",36,"B",20000,9.93
4573,"Feb-2018",36,"B",8400,9.44
4574,"Feb-2018",36,"C",10000,15.05
4575,"Jan-2018",36,"D",21000,17.09
4576,"Jan-2018",36,"A",4000,6.72
4577,"Jan-2018",36,"A",12000,6.72
4579,"Mar-2018",36,"C",5000,16.01
4580,"Feb-2018",36,"A",10000,7.96
4581,"Feb-2018",36,"C",2400,12.62
4584,"Feb-2018",36,"B",2400,10.9
4585,"Mar-2018",36,"C",25475,15.04
4586,"Feb-2018",36,"C",10000,15.05
4587,"Jan-2018",36,"C",32000,14.08
4589,"Feb-2018",36,"A",40000,6.71
4590,"Jan-2018",36,"C",11000,13.59
4591,"Jan-2018",36,"C",12000,13.59
4594,"Feb-2018",36,"D",35000,17.09
4595,"Mar-2018",36,"B",5600,10.9
4596,"Mar-2018",36,"A",19175,6.71
4600,"Feb-2018",36,"A",32000,6.71
4602,"Jan-2018",36,"A",6000,6.72
4605,"Mar-2018",36,"A",14000,7.96
4606,"Jan-2018",36,"B",1500,10.42
4607,"Mar-2018",36,"B",5600,9.43
4608,"Feb-2018",36,"A",9500,7.35
4609,"Jan-2018",36,"A",9600,7.97
4610,"Mar-2018",36,"A",25000,6.07
4613,"Feb-2018",36,"A",8000,6.72
4614,"Feb-2018",36,"D",8000,17.09
4616,"Mar-2018",36,"A",6000,6.71
4617,"Feb-2018",36,"A",20000,7.34
4618,"Mar-2018",36,"A",4300,6.07
4622,"Mar-2018",36,"B",12000,9.43
4624,"Jan-2018",36,"D",8275,21.45
4625,"Jan-2018",36,"A",10000,6.72
4628,"Jan-2018",36,"A",12000,6.72
4630,"Feb-2018",36,"C",15000,15.05
4631,"Feb-2018",36,"C",4000,15.05
4632,"Jan-2018",36,"B",8000,11.99
4633,"Mar-2018",36,"A",20575,7.96
4635,"Jan-2018",36,"B",36000,9.93
4636,"Jan-2018",36,"C",19300,16.02
4637,"Mar-2018",36,"A",10000,5.31
4638,"Jan-2018",36,"B",20000,10.91
4639,"Jan-2018",36,"B",20000,9.93
4640,"Feb-2018",36,"B",8000,10.91
4641,"Mar-2018",36,"B",8900,9.92
4642,"Feb-2018",36,"A",10000,5.31
4645,"Mar-2018",36,"A",18000,5.31
4646,"Jan-2018",36,"B",1600,11.99
4647,"Mar-2018",36,"B",5000,9.92
4648,"Jan-2018",36,"C",4000,16.02
4649,"Feb-2018",36,"B",25000,11.99
4651,"Mar-2018",36,"D",10000,20.39
4652,"Mar-2018",36,"B",1800,10.41
4653,"Jan-2018",36,"B",15000,10.91
4655,"Jan-2018",36,"B",18000,10.91
4657,"Jan-2018",36,"B",2500,10.42
4658,"Jan-2018",36,"A",35000,7.97
4659,"Mar-2018",36,"A",30000,5.31
4660,"Mar-2018",36,"E",40000,23.87
4661,"Feb-2018",36,"A",3150,7.97
4662,"Feb-2018",36,"B",7650,9.44
4665,"Jan-2018",36,"B",6600,10.91
4666,"Mar-2018",36,"A",20000,6.07
4667,"Feb-2018",36,"B",8000,9.93
4669,"Feb-2018",36,"C",12000,16.01
4671,"Mar-2018",36,"A",18000,6.71
4672,"Feb-2018",36,"B",15000,9.93
4673,"Feb-2018",36,"C",1800,12.62
4674,"Mar-2018",36,"B",4500,9.43
4675,"Jan-2018",36,"B",12000,9.93
4676,"Feb-2018",36,"C",11000,12.61
4677,"Mar-2018",36,"B",20000,11.98
4678,"Mar-2018",36,"A",2100,7.34
4679,"Mar-2018",36,"B",27200,9.43
4680,"Jan-2018",36,"C",35000,16.02
4681,"Jan-2018",36,"C",5600,13.59
4682,"Jan-2018",36,"C",15000,16.02
4683,"Jan-2018",36,"B",30000,10.42
4684,"Mar-2018",36,"A",10000,6.07
4685,"Feb-2018",36,"C",14400,15.04
4687,"Mar-2018",36,"C",5000,13.58
4689,"Feb-2018",36,"B",12000,10.9
4690,"Jan-2018",36,"B",2500,11.99
4693,"Feb-2018",36,"C",7500,12.62
4694,"Mar-2018",36,"B",6025,10.41
4695,"Feb-2018",36,"B",6000,10.91
4696,"Mar-2018",36,"C",6000,12.62
4697,"Jan-2018",36,"B",8000,9.93
4698,"Jan-2018",36,"D",4700,19.03
4699,"Jan-2018",36,"A",36000,6.72
4700,"Jan-2018",36,"A",3100,7.35
4701,"Jan-2018",36,"A",20000,6.72
4702,"Mar-2018",36,"A",20000,5.31
4703,"Jan-2018",36,"B",12000,10.42
4704,"Jan-2018",36,"B",10000,9.44
4706,"Jan-2018",36,"A",8000,7.35
4707,"Feb-2018",36,"A",5600,5.31
4708,"Mar-2018",36,"A",15000,6.71
4709,"Feb-2018",36,"C",13000,13.59
4712,"Feb-2018",36,"D",15000,17.47
4713,"Mar-2018",36,"A",40000,6.71
4714,"Mar-2018",36,"B",1500,9.43
4715,"Feb-2018",36,"C",6000,14.08
4716,"Mar-2018",36,"A",6500,6.07
4718,"Jan-2018",36,"A",5000,6.72
4719,"Feb-2018",36,"C",16300,12.62
4721,"Mar-2018",36,"C",20000,16.01
4722,"Feb-2018",36,"B",9600,9.93
4723,"Feb-2018",36,"C",4000,15.04
4724,"Feb-2018",36,"A",10000,6.72
4725,"Jan-2018",36,"B",35000,11.99
4727,"Mar-2018",36,"C",4000,13.58
4728,"Jan-2018",36,"B",7925,11.99
4729,"Mar-2018",36,"D",8000,18.45
4730,"Jan-2018",36,"A",9000,6.72
4731,"Feb-2018",36,"C",12000,16.02
4732,"Mar-2018",36,"A",6000,5.31
4733,"Mar-2018",36,"A",11000,7.34
4734,"Feb-2018",36,"A",3600,6.72
4735,"Feb-2018",36,"C",25000,15.05
4738,"Feb-2018",36,"A",15000,7.35
4740,"Jan-2018",36,"A",24000,5.32
4741,"Mar-2018",36,"A",26000,7.34
4742,"Jan-2018",36,"C",18000,13.59
4744,"Mar-2018",36,"C",12000,16.01
4745,"Jan-2018",36,"C",10000,14.08
4747,"Feb-2018",36,"C",30000,15.05
4748,"Feb-2018",36,"B",12000,9.93
4749,"Feb-2018",36,"B",32000,9.93
4751,"Jan-2018",36,"C",3000,15.05
4752,"Feb-2018",36,"B",6000,11.99
4753,"Mar-2018",36,"B",15000,11.98
4755,"Mar-2018",36,"D",15000,17.47
4756,"Feb-2018",36,"D",10300,20
4758,"Feb-2018",36,"B",21925,10.91
4759,"Feb-2018",36,"B",40000,10.91
4760,"Jan-2018",36,"A",10000,7.35
4762,"Jan-2018",36,"D",8000,19.03
4763,"Mar-2018",36,"A",18000,6.71
4765,"Mar-2018",36,"C",18000,14.07
4766,"Feb-2018",36,"D",10000,17.09
4767,"Feb-2018",36,"B",15000,10.91
4768,"Feb-2018",36,"D",22400,17.09
4769,"Jan-2018",36,"A",20000,6.08
4770,"Jan-2018",36,"B",5000,10.91
4772,"Feb-2018",36,"C",5000,15.05
4773,"Jan-2018",36,"A",3000,6.08
4775,"Jan-2018",36,"A",20800,6.72
4776,"Jan-2018",36,"B",10000,9.44
4777,"Mar-2018",36,"A",20000,6.71
4779,"Feb-2018",36,"A",6000,6.72
4780,"Jan-2018",36,"B",10000,9.93
4781,"Feb-2018",36,"A",20000,6.72
4783,"Jan-2018",36,"C",10000,13.59
4785,"Feb-2018",36,"D",5000,21.45
4786,"Feb-2018",36,"B",6000,9.43
4787,"Mar-2018",36,"A",8400,6.71
4789,"Mar-2018",36,"D",3025,19.42
4790,"Feb-2018",36,"C",25000,14.08
4792,"Jan-2018",36,"B",5000,9.93
4793,"Jan-2018",36,"A",20000,7.35
4794,"Jan-2018",36,"D",35000,18.06
4796,"Feb-2018",36,"C",6000,13.59
4797,"Mar-2018",36,"A",19000,7.96
4798,"Mar-2018",36,"A",40000,5.31
4799,"Mar-2018",36,"B",10000,10.41
4802,"Mar-2018",36,"E",6500,23.88
4803,"Jan-2018",36,"C",6000,13.59
4804,"Mar-2018",36,"A",12000,6.71
4806,"Feb-2018",36,"B",10000,9.44
4807,"Jan-2018",36,"C",35000,15.05
4808,"Jan-2018",36,"B",8000,9.93
4810,"Mar-2018",36,"C",30000,16.01
4811,"Feb-2018",36,"B",5000,11.99
4812,"Mar-2018",36,"B",5000,9.43
4813,"Jan-2018",36,"B",21000,11.99
4814,"Jan-2018",36,"A",2500,5.32
4816,"Jan-2018",36,"C",3600,15.05
4817,"Jan-2018",36,"C",10000,15.05
4818,"Jan-2018",36,"B",6500,10.42
4819,"Feb-2018",36,"A",10000,6.72
4820,"Jan-2018",36,"A",8000,7.35
4821,"Feb-2018",36,"D",3500,20.39
4822,"Feb-2018",36,"A",32000,6.08
4823,"Mar-2018",36,"B",30000,9.93
4824,"Mar-2018",36,"B",16000,11.98
4825,"Mar-2018",36,"D",8400,20.39
4826,"Mar-2018",36,"C",6000,13.58
4827,"Feb-2018",36,"A",10000,5.31
4828,"Feb-2018",36,"C",10000,16.02
4832,"Feb-2018",36,"B",10000,9.93
4835,"Mar-2018",36,"E",7200,23.87
4838,"Jan-2018",36,"A",7800,5.32
4840,"Mar-2018",36,"A",2500,7.34
4841,"Feb-2018",36,"C",30000,15.05
4842,"Mar-2018",36,"B",10400,10.9
4843,"Feb-2018",36,"B",7000,9.93
4844,"Jan-2018",36,"A",7000,7.35
4845,"Mar-2018",36,"C",8000,13.58
4846,"Mar-2018",36,"C",7200,14.07
4847,"Jan-2018",36,"A",40000,7.35
4850,"Mar-2018",36,"B",12000,11.98
4851,"Mar-2018",36,"B",4625,9.92
4852,"Jan-2018",36,"B",10000,10.91
4854,"Feb-2018",36,"A",1800,7.35
4855,"Mar-2018",36,"B",5000,9.92
4856,"Feb-2018",36,"C",1500,13.58
4857,"Mar-2018",36,"A",22000,6.71
4858,"Mar-2018",36,"A",1625,7.34
4859,"Jan-2018",36,"A",8000,5.32
4860,"Mar-2018",36,"D",5000,18.45
4863,"Mar-2018",36,"A",15000,6.71
4864,"Feb-2018",36,"A",20000,6.08
4865,"Mar-2018",36,"B",13000,9.92
4867,"Feb-2018",36,"E",8000,25.82
4869,"Feb-2018",36,"B",12700,9.93
4870,"Jan-2018",36,"A",36000,7.97
4873,"Feb-2018",36,"A",25000,7.34
4874,"Jan-2018",36,"C",32000,13.59
4877,"Jan-2018",36,"C",23400,14.08
4878,"Jan-2018",36,"C",6000,12.62
4879,"Jan-2018",36,"C",3000,14.08
4880,"Jan-2018",36,"C",21000,16.02
4881,"Mar-2018",36,"B",28800,10.9
4882,"Jan-2018",36,"A",28000,7.35
4883,"Jan-2018",36,"A",12000,6.72
4885,"Feb-2018",36,"B",9000,10.91
4886,"Feb-2018",36,"D",4000,18.45
4887,"Jan-2018",36,"C",18000,14.08
4888,"Jan-2018",36,"B",10000,11.99
4891,"Jan-2018",36,"A",10000,7.35
4892,"Feb-2018",36,"A",20000,7.97
4893,"Feb-2018",36,"A",12000,5.31
4896,"Jan-2018",36,"C",10000,16.02
4897,"Jan-2018",36,"C",25000,13.59
4898,"Mar-2018",36,"B",10000,11.98
4899,"Mar-2018",36,"B",13000,10.41
4900,"Feb-2018",36,"C",13000,13.58
4902,"Jan-2018",36,"C",8550,15.05
4905,"Jan-2018",36,"B",25000,11.99
4907,"Jan-2018",36,"A",12000,7.35
4908,"Jan-2018",36,"C",3200,15.05
4912,"Feb-2018",36,"B",6000,11.99
4913,"Mar-2018",36,"B",7000,9.43
4914,"Mar-2018",36,"D",18000,17.47
4915,"Mar-2018",36,"A",12000,5.31
4916,"Feb-2018",36,"C",10000,12.62
4917,"Feb-2018",36,"A",2500,7.35
4918,"Mar-2018",36,"C",28000,15.04
4919,"Mar-2018",36,"B",7000,11.98
4920,"Mar-2018",36,"C",4200,14.07
4921,"Jan-2018",36,"A",20000,5.32
4922,"Jan-2018",36,"B",14400,10.91
4923,"Feb-2018",36,"C",4800,12.62
4924,"Jan-2018",36,"A",2500,7.35
4926,"Feb-2018",36,"B",11200,10.91
4930,"Feb-2018",36,"B",5500,10.91
4931,"Feb-2018",36,"A",22000,5.32
4933,"Mar-2018",36,"B",11000,10.9
4934,"Jan-2018",36,"B",6000,9.44
4936,"Mar-2018",36,"B",25000,10.41
4938,"Mar-2018",36,"D",4000,20.39
4939,"Mar-2018",36,"B",14000,10.9
4940,"Feb-2018",36,"A",35000,7.97
4941,"Feb-2018",36,"A",20000,5.32
4942,"Mar-2018",36,"A",20000,5.31
4943,"Jan-2018",36,"C",10000,15.05
4945,"Mar-2018",36,"D",15000,17.47
4946,"Mar-2018",36,"B",9600,9.92
4947,"Jan-2018",36,"C",6000,15.05
4948,"Jan-2018",36,"A",20000,7.35
4949,"Feb-2018",36,"B",27000,9.93
4951,"Jan-2018",36,"C",4800,13.59
4952,"Feb-2018",36,"D",4200,19.03
4953,"Feb-2018",36,"D",7200,20
4954,"Jan-2018",36,"B",1000,9.93
4955,"Jan-2018",36,"A",5600,6.08
4956,"Mar-2018",36,"A",10000,7.96
4960,"Jan-2018",36,"C",5000,13.59
4961,"Jan-2018",36,"A",5000,6.72
4963,"Mar-2018",36,"D",10000,19.42
4964,"Jan-2018",36,"B",35000,11.99
4970,"Jan-2018",36,"D",20000,17.09
4971,"Jan-2018",36,"A",7200,6.08
4973,"Jan-2018",36,"A",17000,6.72
4974,"Jan-2018",36,"D",22325,19.03
4976,"Mar-2018",36,"A",20000,7.96
4978,"Jan-2018",36,"A",14400,6.72
4980,"Mar-2018",36,"B",12000,10.9
4981,"Feb-2018",36,"A",14400,6.72
4982,"Jan-2018",36,"C",20000,12.62
4983,"Mar-2018",36,"A",10000,6.07
4984,"Mar-2018",36,"C",35000,14.07
4985,"Feb-2018",36,"D",8000,18.06
4986,"Jan-2018",36,"B",7200,10.42
4988,"Jan-2018",36,"A",5000,7.97
4990,"Jan-2018",36,"D",14000,19.03
4994,"Mar-2018",36,"C",10000,12.61
4995,"Feb-2018",36,"C",30000,14.08
4996,"Feb-2018",36,"A",6400,6.07
4997,"Mar-2018",36,"C",28000,12.61
4998,"Jan-2018",36,"B",7225,10.91
4999,"Mar-2018",36,"C",21100,13.58
5000,"Mar-2018",36,"B",6175,10.9
5001,"Mar-2018",36,"C",6000,12.61
5002,"Mar-2018",36,"A",35000,7.34
5003,"Mar-2018",36,"A",5000,7.34
5004,"Jan-2018",36,"A",10000,6.72
5006,"Mar-2018",36,"A",6500,6.07
5007,"Jan-2018",36,"A",12000,5.32
5009,"Mar-2018",36,"C",15000,15.04
5010,"Jan-2018",36,"A",36000,6.08
5011,"Jan-2018",36,"B",14000,10.91
5012,"Mar-2018",36,"B",11200,10.41
5013,"Jan-2018",36,"A",24000,5.32
5014,"Mar-2018",36,"A",12000,7.96
5015,"Mar-2018",36,"B",7225,10.9
5016,"Feb-2018",36,"B",6500,10.42
5019,"Mar-2018",36,"D",4000,17.47
5020,"Jan-2018",36,"C",10000,15.05
5021,"Mar-2018",36,"C",40000,14.07
5022,"Mar-2018",36,"B",12000,11.98
5023,"Feb-2018",36,"B",6000,11.98
5026,"Jan-2018",36,"A",7000,6.72
5028,"Feb-2018",36,"B",20000,10.41
5029,"Jan-2018",36,"C",2000,13.59
5030,"Jan-2018",36,"C",8425,15.05
5031,"Jan-2018",36,"B",7000,11.99
5033,"Mar-2018",36,"B",23100,11.98
5034,"Jan-2018",36,"A",10000,7.97
5035,"Feb-2018",36,"B",15000,11.99
5036,"Mar-2018",36,"A",15000,7.34
5037,"Mar-2018",36,"D",4200,19.42
5039,"Feb-2018",36,"A",6000,7.96
5041,"Feb-2018",36,"B",12000,10.42
5042,"Feb-2018",36,"B",8000,11.99
5043,"Mar-2018",36,"D",10000,19.42
5045,"Mar-2018",36,"A",7000,6.07
5046,"Feb-2018",36,"A",20000,6.72
5047,"Feb-2018",36,"A",15000,6.72
5049,"Feb-2018",36,"C",30850,13.59
5050,"Feb-2018",36,"C",15000,15.05
5051,"Mar-2018",36,"A",40000,5.31
5052,"Mar-2018",36,"B",6000,9.43
5053,"Mar-2018",36,"B",2600,9.43
5054,"Feb-2018",36,"B",10000,9.44
5055,"Jan-2018",36,"D",3600,20
5057,"Mar-2018",36,"B",3000,11.98
5059,"Jan-2018",36,"B",4000,9.93
5060,"Mar-2018",36,"C",10000,12.61
5061,"Feb-2018",36,"A",3600,7.97
5062,"Jan-2018",36,"B",20500,9.44
5064,"Mar-2018",36,"B",6000,10.41
5067,"Feb-2018",36,"A",3500,7.97
5069,"Jan-2018",36,"B",30000,9.44
5071,"Feb-2018",36,"A",25000,7.96
5072,"Feb-2018",36,"C",5000,15.04
5073,"Mar-2018",36,"B",4800,9.92
5074,"Jan-2018",36,"C",3000,12.62
5075,"Mar-2018",36,"D",15000,18.45
5076,"Mar-2018",36,"B",20000,9.43
5078,"Jan-2018",36,"A",14500,7.97
5079,"Jan-2018",36,"D",12000,18.06
5080,"Jan-2018",36,"C",20000,14.08
5082,"Feb-2018",36,"D",10000,17.09
5083,"Jan-2018",36,"B",6000,9.93
5084,"Mar-2018",36,"B",12000,11.99
5087,"Jan-2018",36,"A",15000,7.97
5088,"Jan-2018",36,"A",9000,7.35
5089,"Jan-2018",36,"B",1000,10.91
5090,"Jan-2018",36,"C",25000,13.59
5091,"Mar-2018",36,"A",40000,7.34
5092,"Jan-2018",36,"A",12500,6.72
5095,"Jan-2018",36,"B",40000,10.91
5096,"Feb-2018",36,"A",1500,6.72
5098,"Feb-2018",36,"B",5000,10.42
5099,"Feb-2018",36,"D",3000,21.45
5101,"Jan-2018",36,"A",20000,5.32
5102,"Jan-2018",36,"C",35000,14.08
5103,"Feb-2018",36,"C",10000,12.61
5104,"Feb-2018",36,"C",10000,14.08
5105,"Jan-2018",36,"B",20000,10.91
5106,"Feb-2018",36,"C",10000,14.08
5111,"Feb-2018",36,"B",30000,9.93
5112,"Feb-2018",36,"C",10000,13.59
5113,"Feb-2018",36,"B",6000,10.41
5114,"Feb-2018",36,"D",13000,19.03
5116,"Mar-2018",36,"B",15000,10.9
5117,"Mar-2018",36,"B",20000,9.92
5119,"Feb-2018",36,"C",35000,13.59
5120,"Feb-2018",36,"B",6000,9.92
5121,"Feb-2018",36,"B",14000,11.99
5122,"Mar-2018",36,"A",20000,7.34
5123,"Feb-2018",36,"D",16000,21.45
5124,"Jan-2018",36,"B",4800,9.93
5127,"Mar-2018",36,"B",8000,10.9
5128,"Jan-2018",36,"C",18125,13.59
5129,"Mar-2018",36,"A",8000,6.71
5131,"Mar-2018",36,"A",19500,6.71
5132,"Mar-2018",36,"A",10000,5.31
5133,"Mar-2018",36,"A",21000,6.71
5134,"Feb-2018",36,"B",9000,11.98
5135,"Jan-2018",36,"A",35000,7.35
5136,"Feb-2018",36,"A",10000,6.71
5137,"Feb-2018",36,"C",15000,14.08
5139,"Mar-2018",36,"E",35000,23.87
5140,"Mar-2018",36,"A",10000,6.71
5143,"Mar-2018",36,"A",16000,7.96
5144,"Feb-2018",36,"B",3500,10.42
5145,"Feb-2018",36,"D",4800,17.09
5146,"Feb-2018",36,"A",7000,5.32
5147,"Feb-2018",36,"B",14700,10.9
5148,"Jan-2018",36,"A",3600,7.35
5149,"Mar-2018",36,"A",8000,5.31
5150,"Mar-2018",36,"D",5000,19.42
5151,"Mar-2018",36,"D",1500,17.47
5152,"Feb-2018",36,"A",11000,7.96
5153,"Mar-2018",36,"C",8500,15.04
5154,"Jan-2018",36,"C",7500,12.62
5155,"Mar-2018",36,"A",17975,5.31
5156,"Jan-2018",36,"B",8000,10.42
5157,"Jan-2018",36,"A",12000,7.97
5158,"Jan-2018",36,"B",18000,10.91
5159,"Mar-2018",36,"D",4000,20.39
5160,"Jan-2018",36,"A",40000,5.32
5161,"Jan-2018",36,"B",6000,10.91
5162,"Jan-2018",36,"C",10000,12.62
5163,"Feb-2018",36,"D",30000,21.45
5164,"Feb-2018",36,"C",4000,14.08
5165,"Jan-2018",36,"A",5500,6.72
5167,"Mar-2018",36,"A",3800,7.96
5168,"Feb-2018",36,"A",2500,7.97
5169,"Mar-2018",36,"D",11000,18.45
5170,"Jan-2018",36,"B",11875,9.93
5172,"Jan-2018",36,"A",11500,7.35
5173,"Jan-2018",36,"B",5000,10.42
5174,"Feb-2018",36,"A",25000,5.31
5175,"Feb-2018",36,"C",20000,12.62
5176,"Mar-2018",36,"D",9000,18.45
5177,"Mar-2018",36,"C",6000,14.07
5178,"Jan-2018",36,"C",10000,15.05
5180,"Jan-2018",36,"A",6000,7.97
5181,"Feb-2018",36,"B",4200,10.42
5182,"Jan-2018",36,"B",4000,9.93
5183,"Mar-2018",36,"A",10000,5.31
5184,"Mar-2018",36,"A",16000,6.07
5185,"Jan-2018",36,"B",5000,11.99
5186,"Feb-2018",36,"A",18000,7.35
5187,"Feb-2018",36,"A",40000,5.31
5188,"Jan-2018",36,"A",25000,6.08
5189,"Mar-2018",36,"B",12000,9.92
5191,"Mar-2018",36,"A",14400,5.31
5192,"Jan-2018",36,"B",40000,10.91
5195,"Jan-2018",36,"B",4800,9.44
5196,"Mar-2018",36,"C",10000,12.61
5198,"Feb-2018",36,"A",40000,6.08
5199,"Feb-2018",36,"B",6000,9.93
5200,"Feb-2018",36,"A",35000,6.08
5201,"Jan-2018",36,"A",15000,6.08
5202,"Jan-2018",36,"C",14000,13.59
5203,"Jan-2018",36,"D",3000,17.09
5208,"Mar-2018",36,"C",35000,12.61
5209,"Jan-2018",36,"B",9600,9.93
5210,"Mar-2018",36,"C",12000,15.04
5211,"Mar-2018",36,"C",20000,13.58
5212,"Mar-2018",36,"D",10000,17.47
5213,"Feb-2018",36,"C",4000,13.59
5215,"Mar-2018",36,"A",9100,5.32
5216,"Mar-2018",36,"A",12000,7.34
5217,"Mar-2018",36,"A",12500,6.07
5221,"Feb-2018",36,"A",12000,6.72
5222,"Jan-2018",36,"B",15000,10.91
5223,"Mar-2018",36,"A",12000,7.96
5224,"Feb-2018",36,"B",35000,10.91
5225,"Jan-2018",36,"D",13000,18.06
5226,"Jan-2018",36,"C",8000,16.02
5227,"Jan-2018",36,"B",8000,9.44
5228,"Feb-2018",36,"D",26000,19.03
5229,"Mar-2018",36,"A",21000,6.71
5231,"Jan-2018",36,"B",4550,10.91
5234,"Jan-2018",36,"B",4000,10.91
5237,"Feb-2018",36,"C",10000,14.07
5240,"Jan-2018",36,"C",3000,12.62
5241,"Feb-2018",36,"A",15000,6.08
5242,"Feb-2018",36,"A",15000,5.32
5244,"Mar-2018",36,"B",30000,10.9
5247,"Feb-2018",36,"B",6000,10.91
5248,"Mar-2018",36,"A",25000,6.71
5251,"Jan-2018",36,"B",12000,10.91
5252,"Feb-2018",36,"C",7500,14.07
5253,"Feb-2018",36,"A",8900,7.35
5254,"Jan-2018",36,"A",25000,7.97
5255,"Feb-2018",36,"B",28800,10.91
5257,"Mar-2018",36,"A",10000,6.71
5258,"Mar-2018",36,"B",30000,10.41
5259,"Mar-2018",36,"A",39825,7.96
5260,"Feb-2018",36,"B",16000,10.91
5262,"Mar-2018",36,"A",8500,6.07
5264,"Mar-2018",36,"C",11000,16.01
5265,"Jan-2018",36,"B",18000,10.91
5266,"Feb-2018",36,"B",2000,11.99
5268,"Jan-2018",36,"A",5000,6.08
5269,"Mar-2018",36,"D",35000,20.39
5272,"Feb-2018",36,"B",35000,9.92
5276,"Feb-2018",36,"D",10000,21.45
5278,"Mar-2018",36,"B",5500,10.41
5279,"Feb-2018",36,"C",15000,12.61
5281,"Mar-2018",36,"C",10000,13.58
5283,"Jan-2018",36,"D",30000,19.03
5284,"Feb-2018",36,"B",24000,10.91
5285,"Jan-2018",36,"B",10000,9.44
5286,"Feb-2018",36,"D",11200,18.06
5287,"Mar-2018",36,"A",4000,7.34
5290,"Mar-2018",36,"B",7500,9.92
5295,"Feb-2018",36,"B",13500,10.41
5296,"Jan-2018",36,"C",20000,14.08
5297,"Jan-2018",36,"D",1500,21.45
5298,"Jan-2018",36,"C",10000,14.08
5299,"Jan-2018",36,"C",3000,13.59
5300,"Jan-2018",36,"A",15000,6.72
5301,"Jan-2018",36,"B",10000,10.42
5302,"Feb-2018",36,"A",19000,6.72
5303,"Feb-2018",36,"A",18000,5.32
5304,"Feb-2018",36,"C",30000,12.62
5307,"Jan-2018",36,"C",2000,16.02
5308,"Mar-2018",36,"D",25000,21.85
5309,"Feb-2018",36,"B",10000,11.99
5313,"Jan-2018",36,"D",1600,21.45
5315,"Jan-2018",36,"D",21275,19.03
5316,"Feb-2018",36,"B",15000,10.91
5318,"Jan-2018",36,"A",8400,6.72
5320,"Jan-2018",36,"A",5200,6.08
5321,"Feb-2018",36,"A",7000,6.72
5323,"Jan-2018",36,"C",40000,14.08
5325,"Mar-2018",36,"C",5000,14.07
5326,"Feb-2018",36,"C",14000,13.59
5328,"Mar-2018",36,"C",4000,14.07
5329,"Feb-2018",36,"A",16000,7.35
5330,"Feb-2018",36,"C",8000,14.08
5331,"Mar-2018",36,"B",10000,10.9
5336,"Feb-2018",36,"C",14400,13.59
5338,"Feb-2018",36,"A",15000,6.08
5339,"Feb-2018",36,"E",21000,26.3
5341,"Mar-2018",36,"A",27000,7.96
5342,"Feb-2018",36,"C",4000,14.08
5344,"Jan-2018",36,"C",10000,14.08
5348,"Mar-2018",36,"C",3000,16.01
5349,"Mar-2018",36,"C",12000,13.59
5350,"Mar-2018",36,"C",4200,13.58
5351,"Jan-2018",36,"A",25000,5.32
5352,"Mar-2018",36,"B",8800,10.9
5353,"Jan-2018",36,"B",5000,10.42
5354,"Jan-2018",36,"B",6000,9.93
5355,"Feb-2018",36,"A",11500,6.72
5357,"Jan-2018",36,"C",16000,12.62
5358,"Mar-2018",36,"B",18000,9.43
5360,"Feb-2018",36,"A",7000,6.07
5361,"Jan-2018",36,"B",18000,9.93
5362,"Jan-2018",36,"C",6000,16.02
5363,"Mar-2018",36,"C",35000,13.58
5364,"Feb-2018",36,"A",5000,7.35
5365,"Jan-2018",36,"A",40000,7.35
5367,"Feb-2018",36,"B",2200,11.99
5368,"Feb-2018",36,"A",40000,5.32
5369,"Mar-2018",36,"A",40000,6.07
5370,"Feb-2018",36,"B",3000,11.98
5371,"Mar-2018",36,"B",40000,11.98
5372,"Jan-2018",36,"B",20000,11.99
5373,"Jan-2018",36,"B",12000,11.99
5374,"Jan-2018",36,"A",10000,7.97
5375,"Jan-2018",36,"A",20400,6.08
5377,"Mar-2018",36,"C",35000,16.01
5378,"Feb-2018",36,"D",28000,17.09
5379,"Feb-2018",36,"C",35000,13.59
5380,"Feb-2018",36,"B",5000,10.91
5381,"Jan-2018",36,"D",1000,17.09
5382,"Feb-2018",36,"B",35000,9.43
5385,"Mar-2018",36,"C",7000,16.01
5386,"Feb-2018",36,"A",15000,5.32
5387,"Jan-2018",36,"A",10000,5.32
5388,"Jan-2018",36,"C",2000,12.62
5390,"Jan-2018",36,"B",11000,9.44
5394,"Feb-2018",36,"A",25000,6.08
5396,"Jan-2018",36,"C",20000,14.08
5397,"Jan-2018",36,"B",9600,11.99
5398,"Mar-2018",36,"A",10625,5.31
5402,"Feb-2018",36,"A",21000,7.35
5406,"Jan-2018",36,"B",6000,11.99
5407,"Feb-2018",36,"A",20000,7.34
5410,"Jan-2018",36,"A",2500,7.35
5412,"Feb-2018",36,"B",30000,11.99
5413,"Jan-2018",36,"B",12500,9.44
5414,"Mar-2018",36,"A",15000,5.31
5418,"Feb-2018",36,"A",13150,6.72
5419,"Mar-2018",36,"A",4000,5.31
5421,"Feb-2018",36,"A",9000,6.08
5423,"Mar-2018",36,"B",4200,10.9
5426,"Mar-2018",36,"B",23000,10.9
5428,"Jan-2018",36,"A",24000,7.35
5429,"Jan-2018",36,"E",30150,26.3
5430,"Feb-2018",36,"A",40000,5.31
5433,"Mar-2018",36,"B",8000,10.9
5434,"Jan-2018",36,"A",10000,7.97
5435,"Jan-2018",36,"B",15000,9.93
5436,"Feb-2018",36,"A",6300,7.35
5437,"Jan-2018",36,"C",35000,14.08
5439,"Jan-2018",36,"D",5300,19.03
5440,"Mar-2018",36,"A",10000,7.35
5441,"Feb-2018",36,"B",20000,10.42
5442,"Jan-2018",36,"C",14000,16.02
5444,"Mar-2018",36,"C",8000,13.58
5445,"Jan-2018",36,"C",6700,14.08
5446,"Mar-2018",36,"A",8000,7.34
5447,"Feb-2018",36,"C",25000,16.02
5448,"Jan-2018",36,"B",15000,9.44
5450,"Feb-2018",36,"A",6600,7.35
5451,"Mar-2018",36,"A",16600,6.07
5452,"Jan-2018",36,"B",9000,9.93
5454,"Mar-2018",36,"A",9000,5.31
5455,"Jan-2018",36,"D",16000,17.09
5459,"Mar-2018",36,"A",9000,7.34
5461,"Feb-2018",36,"A",16000,6.72
5462,"Jan-2018",36,"B",14000,10.91
5464,"Feb-2018",36,"A",25000,6.72
5465,"Jan-2018",36,"B",3000,9.93
5469,"Feb-2018",36,"B",10000,11.99
5470,"Jan-2018",36,"A",18000,6.08
5472,"Jan-2018",36,"E",1200,24.85
5473,"Feb-2018",36,"C",20000,14.08
5475,"Mar-2018",36,"B",40000,9.43
5476,"Jan-2018",36,"A",15600,6.72
5477,"Feb-2018",36,"A",8000,6.71
5478,"Feb-2018",36,"B",20000,9.44
5479,"Jan-2018",36,"B",3000,9.44
5481,"Feb-2018",36,"F",2200,30.65
5482,"Feb-2018",36,"B",5000,9.93
5483,"Mar-2018",36,"B",10000,9.43
5484,"Jan-2018",36,"B",13000,9.44
5485,"Jan-2018",36,"B",16000,11.99
5487,"Mar-2018",36,"C",30000,13.58
5488,"Mar-2018",36,"A",6600,7.35
5489,"Jan-2018",36,"A",10500,7.97
5490,"Feb-2018",36,"E",20000,25.82
5491,"Mar-2018",36,"B",3800,9.43
5492,"Mar-2018",36,"C",20000,14.07
5493,"Jan-2018",36,"D",18000,20
5494,"Mar-2018",36,"B",40000,9.43
5495,"Jan-2018",36,"C",1200,14.08
5496,"Jan-2018",36,"C",30000,15.05
5501,"Feb-2018",36,"B",30000,10.42
5502,"Jan-2018",36,"C",2800,16.02
5506,"Mar-2018",36,"D",10000,18.45
5507,"Jan-2018",36,"A",3600,6.08
5508,"Mar-2018",36,"B",1675,9.43
5509,"Feb-2018",36,"B",16000,10.42
5510,"Jan-2018",36,"C",8500,16.02
5511,"Mar-2018",36,"B",20000,11.98
5512,"Mar-2018",36,"D",8000,19.42
5513,"Jan-2018",36,"B",30000,10.91
5515,"Mar-2018",36,"E",2500,25.81
5516,"Mar-2018",36,"A",40000,7.96
5518,"Jan-2018",36,"C",26250,12.62
5519,"Feb-2018",36,"B",20000,10.91
5521,"Jan-2018",36,"A",18000,7.97
5522,"Feb-2018",36,"A",3000,7.34
5524,"Jan-2018",36,"A",5000,6.72
5526,"Feb-2018",36,"A",9600,6.08
5528,"Mar-2018",36,"C",5000,12.61
5530,"Feb-2018",36,"B",2000,10.42
5532,"Jan-2018",36,"B",11200,9.44
5533,"Mar-2018",36,"B",7200,10.41
5534,"Jan-2018",36,"C",7500,12.62
5535,"Feb-2018",36,"D",10000,19.03
5537,"Feb-2018",36,"B",5000,10.9
5539,"Jan-2018",36,"B",13200,9.44
5540,"Jan-2018",36,"B",1600,10.42
5543,"Mar-2018",36,"C",3200,12.61
5544,"Jan-2018",36,"A",15000,6.08
5545,"Feb-2018",36,"A",18000,6.08
5547,"Mar-2018",36,"C",10000,15.04
5548,"Mar-2018",36,"A",10000,5.31
5549,"Feb-2018",36,"D",8400,20
5551,"Mar-2018",36,"B",9000,9.43
5552,"Jan-2018",36,"B",15000,9.93
5555,"Jan-2018",36,"A",11000,7.35
5558,"Feb-2018",36,"B",2000,10.91
5559,"Mar-2018",36,"B",8000,10.9
5561,"Jan-2018",36,"D",3000,20
5564,"Jan-2018",36,"A",18000,6.72
5566,"Jan-2018",36,"B",5000,9.93
5568,"Feb-2018",36,"A",40000,6.72
5570,"Jan-2018",36,"B",3000,10.91
5572,"Jan-2018",36,"B",20000,9.93
5573,"Jan-2018",36,"D",1500,18.06
5574,"Feb-2018",36,"B",30000,9.93
5575,"Jan-2018",36,"D",5000,17.09
5576,"Jan-2018",36,"A",9550,7.35
5577,"Jan-2018",36,"C",10000,12.62
5578,"Jan-2018",36,"B",15000,9.93
5579,"Mar-2018",36,"D",14400,21.85
5580,"Jan-2018",36,"B",15000,9.44
5583,"Mar-2018",36,"C",8000,13.59
5585,"Jan-2018",36,"B",24000,9.93
5586,"Mar-2018",36,"A",8500,7.96
5587,"Feb-2018",36,"D",28000,21.45
5589,"Feb-2018",36,"D",9000,17.09
5592,"Mar-2018",36,"C",28000,13.58
5593,"Jan-2018",36,"D",8000,19.03
5594,"Jan-2018",36,"A",28000,7.97
5595,"Jan-2018",36,"A",13000,7.35
5596,"Mar-2018",36,"E",5575,22.91
5597,"Jan-2018",36,"B",8000,9.93
5598,"Mar-2018",36,"A",27000,6.71
5599,"Mar-2018",36,"A",15000,6.07
5601,"Mar-2018",36,"C",6000,12.61
5603,"Feb-2018",36,"A",12000,6.07
5604,"Jan-2018",36,"A",6500,6.08
5606,"Mar-2018",36,"A",2500,7.96
5608,"Jan-2018",36,"A",10000,6.08
5610,"Jan-2018",36,"B",11000,11.99
5611,"Mar-2018",36,"B",8000,10.9
5612,"Mar-2018",36,"C",7800,13.58
5613,"Feb-2018",36,"B",9000,10.91
5614,"Jan-2018",36,"B",30000,9.93
5615,"Feb-2018",36,"D",8000,19.03
5616,"Mar-2018",36,"B",10000,10.41
5617,"Mar-2018",36,"B",12000,9.43
5618,"Jan-2018",36,"D",7000,18.06
5619,"Jan-2018",36,"C",20000,12.62
5621,"Jan-2018",36,"C",9000,14.08
5622,"Mar-2018",36,"A",6000,6.71
5624,"Mar-2018",36,"B",11000,11.99
5626,"Mar-2018",36,"C",3500,16.01
5627,"Mar-2018",36,"A",12000,6.71
5628,"Mar-2018",36,"C",25000,12.61
5631,"Mar-2018",36,"D",3000,17.47
5632,"Jan-2018",36,"D",30000,21.45
5633,"Mar-2018",36,"B",7200,11.98
5634,"Jan-2018",36,"C",12000,15.05
5635,"Mar-2018",36,"B",1000,11.98
5636,"Jan-2018",36,"A",7200,6.72
5639,"Jan-2018",36,"C",5000,16.02
5640,"Feb-2018",36,"A",40000,5.32
5642,"Jan-2018",36,"B",35000,10.42
5643,"Mar-2018",36,"C",5000,16.02
5644,"Feb-2018",36,"A",1800,6.07
5645,"Jan-2018",36,"D",5000,19.03
5646,"Mar-2018",36,"A",35000,6.71
5647,"Feb-2018",36,"A",8000,6.72
5648,"Mar-2018",36,"D",6025,18.45
5650,"Jan-2018",36,"B",5000,9.44
5651,"Feb-2018",36,"E",4000,22.91
5652,"Jan-2018",36,"A",6500,6.08
5653,"Feb-2018",36,"B",5000,9.92
5654,"Jan-2018",36,"C",30000,12.62
5656,"Jan-2018",36,"D",9000,21.45
5657,"Feb-2018",36,"A",1500,6.08
5658,"Mar-2018",36,"D",20000,17.47
5660,"Jan-2018",36,"C",15000,15.05
5661,"Jan-2018",36,"C",6000,16.02
5662,"Feb-2018",36,"B",3600,10.91
5663,"Jan-2018",36,"A",12000,7.97
5664,"Mar-2018",36,"C",4000,14.07
5667,"Jan-2018",36,"B",32000,9.93
5668,"Jan-2018",36,"A",10000,6.08
5669,"Feb-2018",36,"A",24000,7.35
5670,"Mar-2018",36,"C",1925,15.04
5671,"Jan-2018",36,"B",9000,9.44
5674,"Feb-2018",36,"C",10000,12.61
5675,"Mar-2018",36,"A",7300,6.71
5676,"Mar-2018",36,"D",24000,20.39
5677,"Mar-2018",36,"B",19000,9.43
5678,"Jan-2018",36,"E",9600,22.91
5683,"Mar-2018",36,"C",12000,15.04
5684,"Jan-2018",36,"A",15000,6.08
5687,"Mar-2018",36,"A",16000,7.34
5688,"Feb-2018",36,"A",40000,6.72
5689,"Jan-2018",36,"C",2000,15.05
5690,"Jan-2018",36,"A",40000,5.32
5692,"Feb-2018",36,"D",7500,19.03
5693,"Feb-2018",36,"A",7000,7.97
5695,"Jan-2018",36,"C",6000,14.08
5696,"Feb-2018",36,"C",4800,15.04
5697,"Feb-2018",36,"D",5000,21.45
5698,"Jan-2018",36,"B",5600,9.44
5699,"Jan-2018",36,"B",21000,9.93
5702,"Feb-2018",36,"C",24000,15.05
5703,"Jan-2018",36,"B",5000,9.44
5704,"Mar-2018",36,"A",20000,5.31
5705,"Jan-2018",36,"B",18000,10.42
5706,"Jan-2018",36,"A",3500,6.72
5710,"Mar-2018",36,"C",35000,15.04
5712,"Feb-2018",36,"B",24000,9.92
5714,"Mar-2018",36,"D",30000,17.47
5715,"Mar-2018",36,"A",20800,6.07
5716,"Feb-2018",36,"B",20000,11.99
5717,"Mar-2018",36,"C",4000,14.07
5718,"Jan-2018",36,"A",30000,6.08
5719,"Feb-2018",36,"C",1200,13.58
5720,"Feb-2018",36,"A",30000,5.32
5723,"Feb-2018",36,"A",8000,7.35
5724,"Mar-2018",36,"C",20000,13.58
5725,"Jan-2018",36,"A",9600,7.35
5726,"Mar-2018",36,"A",10000,7.34
5729,"Jan-2018",36,"C",8000,16.02
5730,"Feb-2018",36,"C",4000,12.61
5731,"Feb-2018",36,"B",23100,9.44
5732,"Feb-2018",36,"D",24000,19.03
5734,"Jan-2018",36,"B",15000,9.44
5735,"Feb-2018",36,"B",8000,9.93
5737,"Mar-2018",36,"D",30000,18.45
5738,"Feb-2018",36,"B",5000,9.93
5740,"Feb-2018",36,"B",6500,9.44
5741,"Jan-2018",36,"C",10000,16.02
5742,"Feb-2018",36,"C",28000,14.07
5744,"Feb-2018",36,"C",6000,12.62
5746,"Jan-2018",36,"B",10000,10.91
5748,"Feb-2018",36,"B",7000,11.98
5749,"Feb-2018",36,"A",40000,7.35
5750,"Feb-2018",36,"C",5000,15.04
5752,"Feb-2018",36,"A",10000,7.97
5753,"Feb-2018",36,"D",16000,20.39
5754,"Feb-2018",36,"B",2000,10.42
5755,"Feb-2018",36,"A",13000,7.97
5756,"Feb-2018",36,"B",25000,9.93
5757,"Feb-2018",36,"D",10000,19.03
5758,"Feb-2018",36,"B",5000,10.42
5759,"Jan-2018",36,"A",16000,7.35
5761,"Jan-2018",36,"C",8500,13.59
5762,"Mar-2018",36,"A",40000,5.31
5765,"Jan-2018",36,"A",29825,6.08
5766,"Jan-2018",36,"D",2500,18.06
5767,"Mar-2018",36,"A",12000,7.96
5768,"Jan-2018",36,"D",8000,20
5769,"Mar-2018",36,"C",20000,12.61
5770,"Feb-2018",36,"A",6000,6.08
5771,"Mar-2018",36,"C",6000,13.58
5772,"Feb-2018",36,"C",20000,15.05
5773,"Mar-2018",36,"A",16000,5.31
5774,"Jan-2018",36,"A",24000,7.35
5775,"Mar-2018",36,"A",6000,7.34
5776,"Feb-2018",36,"A",12000,7.97
5777,"Feb-2018",36,"D",35000,19.03
5779,"Mar-2018",36,"B",2000,11.98
5780,"Feb-2018",36,"A",10000,6.08
5781,"Mar-2018",36,"A",10000,7.96
5782,"Jan-2018",36,"C",10000,13.59
5784,"Feb-2018",36,"C",10000,13.58
5785,"Feb-2018",36,"C",8000,14.08
5786,"Jan-2018",36,"A",20000,6.08
5787,"Jan-2018",36,"A",20000,7.35
5788,"Mar-2018",36,"C",6000,12.61
5789,"Feb-2018",36,"B",9000,10.42
5792,"Jan-2018",36,"A",4000,5.32
5793,"Feb-2018",36,"B",24000,11.99
5794,"Jan-2018",36,"B",28000,11.99
5795,"Mar-2018",36,"B",4000,10.9
5797,"Feb-2018",36,"E",5000,26.3
5798,"Jan-2018",36,"A",20000,6.72
5800,"Jan-2018",36,"C",7000,15.05
5802,"Feb-2018",36,"B",35000,9.93
5803,"Feb-2018",36,"C",21000,16.02
5804,"Feb-2018",36,"B",12000,10.42
5805,"Jan-2018",36,"C",5000,15.05
5806,"Feb-2018",36,"A",4850,7.97
5807,"Mar-2018",36,"B",24000,9.43
5809,"Jan-2018",36,"C",35000,15.05
5811,"Mar-2018",36,"A",12000,7.34
5813,"Feb-2018",36,"B",20000,11.99
5815,"Feb-2018",36,"A",12000,7.35
5819,"Jan-2018",36,"C",15000,12.62
5821,"Jan-2018",36,"A",22000,5.32
5823,"Mar-2018",36,"A",16000,5.31
5824,"Jan-2018",36,"B",10000,10.91
5825,"Jan-2018",36,"C",7200,15.05
5827,"Mar-2018",36,"D",12000,17.47
5828,"Feb-2018",36,"A",3600,7.97
5829,"Jan-2018",36,"A",4800,7.35
5830,"Jan-2018",36,"B",5600,9.44
5832,"Feb-2018",36,"D",14000,18.06
5835,"Jan-2018",36,"A",10000,7.35
5836,"Mar-2018",36,"C",25000,12.61
5837,"Feb-2018",36,"A",10000,5.32
5838,"Jan-2018",36,"C",4200,12.62
5840,"Mar-2018",36,"D",20000,19.42
5842,"Mar-2018",36,"A",15000,5.31
5843,"Mar-2018",36,"B",10200,10.41
5844,"Mar-2018",36,"D",8000,17.47
5846,"Jan-2018",36,"A",6000,5.32
5847,"Feb-2018",36,"A",28000,7.35
5849,"Jan-2018",36,"C",9600,12.62
5850,"Mar-2018",36,"B",11200,10.41
5851,"Jan-2018",36,"B",12000,10.42
5855,"Feb-2018",36,"C",8000,14.08
5856,"Feb-2018",36,"A",4200,6.72
5859,"Mar-2018",36,"A",4500,7.96
5860,"Mar-2018",36,"B",23025,10.9
5861,"Mar-2018",36,"A",13000,7.34
5862,"Jan-2018",36,"C",3500,16.02
5863,"Feb-2018",36,"B",2500,10.91
5866,"Mar-2018",36,"A",24000,6.07
5869,"Feb-2018",36,"A",22000,6.08
5870,"Mar-2018",36,"C",2000,12.61
5872,"Feb-2018",36,"A",15000,6.72
5873,"Feb-2018",36,"C",35000,14.08
5874,"Jan-2018",36,"A",5000,6.08
5875,"Mar-2018",36,"A",12000,7.96
5876,"Feb-2018",36,"C",3500,16.02
5877,"Jan-2018",36,"D",1600,19.03
5878,"Mar-2018",36,"A",32000,7.34
5879,"Jan-2018",36,"A",5000,7.97
5884,"Mar-2018",36,"B",23000,11.98
5885,"Jan-2018",36,"B",7000,9.93
5886,"Jan-2018",36,"C",6500,12.62
5890,"Mar-2018",36,"B",18000,11.98
5891,"Feb-2018",36,"B",3000,10.41
5894,"Mar-2018",36,"A",15000,5.31
5895,"Mar-2018",36,"A",15000,6.07
5897,"Mar-2018",36,"A",7000,7.34
5898,"Mar-2018",36,"C",3000,15.04
5900,"Jan-2018",36,"B",4000,11.99
5902,"Mar-2018",36,"A",22000,6.71
5903,"Feb-2018",36,"C",20000,13.59
5905,"Mar-2018",36,"A",15000,5.31
5906,"Jan-2018",36,"A",6000,6.72
5909,"Feb-2018",36,"C",32000,16.02
5910,"Jan-2018",36,"D",30000,17.09
5914,"Mar-2018",36,"A",10000,6.71
5916,"Jan-2018",36,"B",6000,10.91
5917,"Mar-2018",36,"A",12000,7.34
5918,"Feb-2018",36,"C",30000,14.08
5919,"Jan-2018",36,"A",17500,6.72
5921,"Feb-2018",36,"A",5000,7.35
5922,"Jan-2018",36,"A",7000,7.97
5923,"Feb-2018",36,"B",2000,9.43
5924,"Mar-2018",36,"B",20000,10.9
5925,"Jan-2018",36,"A",7000,6.72
5927,"Mar-2018",36,"A",5000,7.34
5929,"Mar-2018",36,"D",10000,19.42
5930,"Feb-2018",36,"A",5000,7.97
5931,"Mar-2018",36,"B",5000,10.9
5932,"Jan-2018",36,"B",4500,9.44
5933,"Feb-2018",36,"B",15000,10.91
5934,"Mar-2018",36,"B",7500,9.43
5935,"Mar-2018",36,"D",10000,19.42
5937,"Feb-2018",36,"C",20000,12.61
5938,"Mar-2018",36,"C",5000,13.58
5940,"Mar-2018",36,"C",3600,12.61
5942,"Feb-2018",36,"D",10000,21.45
5943,"Jan-2018",36,"C",6000,16.02
5944,"Feb-2018",36,"C",15000,15.04
5945,"Feb-2018",36,"B",5000,10.9
5946,"Feb-2018",36,"C",9000,13.59
5947,"Jan-2018",36,"C",3500,12.62
5948,"Feb-2018",36,"A",3000,7.97
5949,"Mar-2018",36,"C",12000,12.62
5953,"Jan-2018",36,"B",4000,9.44
5954,"Feb-2018",36,"D",5000,20.39
5956,"Mar-2018",36,"B",30000,10.9
5957,"Mar-2018",36,"C",10000,16.01
5960,"Mar-2018",36,"B",10000,9.43
5961,"Jan-2018",36,"A",10000,6.72
5962,"Feb-2018",36,"D",19600,17.09
5967,"Feb-2018",36,"B",5300,9.93
5968,"Jan-2018",36,"C",7000,15.05
5969,"Feb-2018",36,"A",3600,6.72
5970,"Jan-2018",36,"B",4000,9.44
5973,"Jan-2018",36,"C",20000,13.59
5974,"Jan-2018",36,"A",14000,6.72
5976,"Feb-2018",36,"B",40000,9.93
5977,"Mar-2018",36,"A",35000,7.96
5978,"Feb-2018",36,"C",15000,13.59
5980,"Feb-2018",36,"B",36000,9.93
5982,"Jan-2018",36,"B",6000,10.91
5983,"Mar-2018",36,"B",9000,9.92
5984,"Mar-2018",36,"C",6000,15.04
5985,"Mar-2018",36,"C",5000,13.58
5986,"Feb-2018",36,"C",7500,15.04
5987,"Jan-2018",36,"A",34725,7.35
5988,"Feb-2018",36,"B",12000,9.93
5989,"Jan-2018",36,"E",3000,25.82
5990,"Mar-2018",36,"A",15000,6.07
5991,"Jan-2018",36,"C",30000,14.08
5992,"Jan-2018",36,"A",9000,7.97
5994,"Jan-2018",36,"B",10000,11.99
5995,"Jan-2018",36,"A",30000,6.72
5996,"Mar-2018",36,"B",6500,10.41
5997,"Mar-2018",36,"A",6000,6.71
5998,"Mar-2018",36,"A",20000,5.31
5999,"Mar-2018",36,"B",25000,10.9
6000,"Mar-2018",36,"A",8000,6.71
6001,"Jan-2018",36,"C",6025,13.59
6002,"Feb-2018",36,"B",20000,10.91
6003,"Feb-2018",36,"C",35000,13.59
6004,"Mar-2018",36,"C",6500,14.07
6005,"Jan-2018",36,"B",5000,10.42
6006,"Mar-2018",36,"D",12000,19.42
6008,"Mar-2018",36,"B",25000,9.43
6009,"Mar-2018",36,"C",20000,14.07
6010,"Feb-2018",36,"A",12000,5.32
6011,"Jan-2018",36,"A",2700,6.72
6015,"Feb-2018",36,"C",18000,14.08
6017,"Jan-2018",36,"A",9500,6.72
6019,"Jan-2018",36,"B",12000,10.42
6021,"Feb-2018",36,"A",35925,5.32
6022,"Mar-2018",36,"C",12000,13.58
6023,"Feb-2018",36,"A",40000,6.08
6025,"Mar-2018",36,"C",28000,12.61
6026,"Mar-2018",36,"D",30000,20.39
6028,"Feb-2018",36,"D",12000,19.03
6029,"Feb-2018",36,"A",20000,7.35
6031,"Feb-2018",36,"A",25000,6.71
6032,"Jan-2018",36,"B",40000,10.42
6033,"Mar-2018",36,"A",11000,6.07
6035,"Mar-2018",36,"A",5000,7.34
6036,"Feb-2018",36,"D",5000,17.09
6037,"Mar-2018",36,"C",1500,16.01
6038,"Jan-2018",36,"A",9000,6.08
6039,"Mar-2018",36,"A",5000,7.34
6040,"Mar-2018",36,"B",1800,9.43
6041,"Feb-2018",36,"B",27900,9.93
6043,"Jan-2018",36,"B",5000,10.42
6045,"Jan-2018",36,"A",12000,6.08
6046,"Jan-2018",36,"B",5000,10.42
6047,"Mar-2018",36,"D",12200,21.85
6050,"Mar-2018",36,"A",25000,5.31
6051,"Mar-2018",36,"B",6000,10.41
6052,"Jan-2018",36,"B",12000,9.44
6054,"Jan-2018",36,"B",6000,10.91
6056,"Jan-2018",36,"B",4200,11.99
6057,"Mar-2018",36,"A",15000,6.07
6060,"Mar-2018",36,"D",4500,18.45
6061,"Jan-2018",36,"B",10000,10.91
6062,"Jan-2018",36,"C",5000,16.02
6065,"Feb-2018",36,"D",5500,17.09
6067,"Feb-2018",36,"B",15000,10.91
6068,"Jan-2018",36,"A",3600,6.72
6069,"Feb-2018",36,"A",10000,5.32
6070,"Feb-2018",36,"A",6000,6.72
6072,"Feb-2018",36,"B",10000,11.99
6074,"Feb-2018",36,"B",13000,10.42
6075,"Feb-2018",36,"B",6000,10.91
6076,"Jan-2018",36,"B",8500,9.93
6078,"Jan-2018",36,"A",5000,6.08
6079,"Jan-2018",36,"C",12800,14.08
6081,"Feb-2018",36,"A",35000,6.08
6082,"Jan-2018",36,"D",22400,17.09
6085,"Jan-2018",36,"C",4000,14.08
6086,"Jan-2018",36,"D",16000,18.06
6087,"Mar-2018",36,"C",8500,15.04
6089,"Feb-2018",36,"B",6500,10.91
6090,"Feb-2018",36,"B",8000,10.91
6094,"Mar-2018",36,"B",25000,10.9
6095,"Mar-2018",36,"B",2500,10.9
6096,"Jan-2018",36,"A",26000,6.72
6098,"Feb-2018",36,"C",23000,16.02
6099,"Mar-2018",36,"C",19200,13.58
6101,"Mar-2018",36,"B",3400,9.92
6102,"Feb-2018",36,"A",34100,6.72
6103,"Jan-2018",36,"C",35000,12.62
6105,"Jan-2018",36,"A",3625,5.32
6106,"Mar-2018",36,"B",15000,10.9
6107,"Jan-2018",36,"D",28525,21.45
6108,"Feb-2018",36,"C",3500,16.02
6109,"Mar-2018",36,"A",40000,6.07
6110,"Jan-2018",36,"A",20000,7.35
6111,"Feb-2018",36,"B",14000,10.91
6112,"Jan-2018",36,"A",20000,6.72
6113,"Feb-2018",36,"A",10000,7.97
6115,"Mar-2018",36,"D",16000,17.47
6116,"Jan-2018",36,"C",16350,16.02
6117,"Feb-2018",36,"B",15000,9.93
6118,"Mar-2018",36,"C",10000,16.01
6120,"Mar-2018",36,"C",15000,12.61
6121,"Feb-2018",36,"A",12000,7.35
6123,"Mar-2018",36,"A",22500,5.31
6125,"Jan-2018",36,"A",23000,7.35
6126,"Feb-2018",36,"D",30000,19.03
6128,"Jan-2018",36,"C",7200,16.02
6130,"Jan-2018",36,"A",12000,6.08
6133,"Feb-2018",36,"A",9500,5.32
6134,"Feb-2018",36,"B",5000,10.91
6138,"Jan-2018",36,"B",16000,11.99
6139,"Jan-2018",36,"D",5600,19.03
6140,"Jan-2018",36,"B",14775,10.91
6141,"Jan-2018",36,"C",15000,13.59
6142,"Jan-2018",36,"D",10000,19.03
6143,"Mar-2018",36,"C",25000,16.01
6144,"Jan-2018",36,"B",20000,11.99
6145,"Jan-2018",36,"A",15000,7.35
6146,"Feb-2018",36,"B",10000,10.42
6147,"Feb-2018",36,"C",10000,16.02
6148,"Mar-2018",36,"B",8000,9.43
6152,"Mar-2018",36,"C",1500,12.61
6153,"Feb-2018",36,"A",15000,5.31
6159,"Mar-2018",36,"C",20000,16.01
6160,"Mar-2018",36,"A",32000,6.07
6162,"Mar-2018",36,"A",7200,7.34
6163,"Feb-2018",36,"A",15000,6.08
6164,"Feb-2018",36,"C",20000,16.01
6165,"Mar-2018",36,"B",12000,10.9
6166,"Feb-2018",36,"C",8000,16.01
6167,"Jan-2018",36,"B",15000,9.44
6169,"Feb-2018",36,"C",12050,13.59
6171,"Jan-2018",36,"D",30000,19.03
6172,"Mar-2018",36,"C",10000,14.07
6174,"Mar-2018",36,"B",10000,10.9
6175,"Jan-2018",36,"C",7200,15.05
6176,"Jan-2018",36,"C",2000,13.59
6177,"Jan-2018",36,"B",40000,9.44
6179,"Feb-2018",36,"A",28000,5.32
6180,"Mar-2018",36,"A",6000,5.31
6183,"Mar-2018",36,"C",7200,12.61
6184,"Feb-2018",36,"A",35000,6.08
6186,"Mar-2018",36,"A",17000,6.71
6187,"Jan-2018",36,"D",2000,19.03
6191,"Mar-2018",36,"A",6000,7.34
6192,"Mar-2018",36,"A",40000,7.34
6193,"Feb-2018",36,"B",4000,10.91
6194,"Feb-2018",36,"A",9200,6.71
6195,"Feb-2018",36,"C",8675,15.05
6196,"Mar-2018",36,"A",20000,6.71
6197,"Mar-2018",36,"A",4000,6.07
6200,"Feb-2018",36,"A",4000,7.35
6201,"Feb-2018",36,"A",5000,7.97
6202,"Feb-2018",36,"B",25000,9.44
6203,"Feb-2018",36,"C",10200,13.59
6204,"Mar-2018",36,"D",21600,18.45
6205,"Jan-2018",36,"C",12000,12.62
6207,"Feb-2018",36,"B",27225,10.91
6208,"Jan-2018",36,"D",35000,17.09
6209,"Feb-2018",36,"A",6500,6.72
6211,"Jan-2018",36,"C",30000,15.05
6212,"Jan-2018",36,"D",6000,19.03
6213,"Feb-2018",36,"A",3000,6.08
6216,"Mar-2018",36,"A",7000,6.07
6217,"Mar-2018",36,"D",6000,18.45
6218,"Feb-2018",36,"C",25600,12.62
6219,"Jan-2018",36,"A",33500,7.35
6220,"Mar-2018",36,"A",12000,6.07
6221,"Jan-2018",36,"C",20400,14.08
6222,"Mar-2018",36,"C",35000,13.58
6223,"Jan-2018",36,"C",29000,12.62
6224,"Feb-2018",36,"B",6400,10.42
6225,"Jan-2018",36,"B",10000,10.91
6227,"Jan-2018",36,"B",12000,11.99
6228,"Mar-2018",36,"B",16000,9.43
6231,"Jan-2018",36,"C",10000,16.02
6233,"Mar-2018",36,"A",17000,5.31
6235,"Jan-2018",36,"B",12000,9.93
6237,"Mar-2018",36,"C",12000,12.61
6238,"Jan-2018",36,"C",18000,15.05
6241,"Feb-2018",36,"A",11000,6.71
6242,"Mar-2018",36,"A",6000,6.72
6243,"Mar-2018",36,"C",7000,12.61
6244,"Mar-2018",36,"B",9600,9.43
6245,"Feb-2018",36,"C",30000,15.05
6247,"Feb-2018",36,"C",8000,16.02
6249,"Feb-2018",36,"B",15675,10.91
6251,"Feb-2018",36,"D",8400,18.45
6252,"Jan-2018",36,"B",2400,9.44
6253,"Jan-2018",36,"A",10000,6.08
6256,"Jan-2018",36,"D",30000,19.03
6257,"Feb-2018",36,"C",6400,14.08
6258,"Feb-2018",36,"D",22000,18.06
6260,"Jan-2018",36,"A",35000,6.08
6261,"Jan-2018",36,"A",10000,5.32
6262,"Jan-2018",36,"A",5000,7.97
6263,"Jan-2018",36,"A",21000,7.35
6264,"Mar-2018",36,"A",3000,7.34
6266,"Feb-2018",36,"A",40000,7.97
6267,"Jan-2018",36,"C",5000,14.08
6268,"Jan-2018",36,"B",20000,10.42
6269,"Jan-2018",36,"A",6500,7.35
6270,"Feb-2018",36,"C",3600,14.08
6272,"Mar-2018",36,"A",12000,6.71
6275,"Mar-2018",36,"B",40000,9.43
6277,"Feb-2018",36,"C",12000,12.62
6278,"Mar-2018",36,"A",23650,5.32
6279,"Mar-2018",36,"D",28000,21.85
6280,"Mar-2018",36,"B",16000,9.43
6281,"Jan-2018",36,"B",18000,9.44
6282,"Jan-2018",36,"A",34750,6.72
6283,"Jan-2018",36,"B",13000,9.44
6284,"Jan-2018",36,"C",5000,16.02
6285,"Mar-2018",36,"A",21000,6.71
6287,"Mar-2018",36,"C",5000,12.61
6290,"Feb-2018",36,"C",4000,16.02
6292,"Feb-2018",36,"B",5000,10.91
6293,"Jan-2018",36,"A",6000,6.08
6294,"Mar-2018",36,"C",12000,12.61
6295,"Feb-2018",36,"B",16000,9.44
6296,"Feb-2018",36,"A",16000,7.97
6297,"Jan-2018",36,"B",24000,10.91
6298,"Feb-2018",36,"D",16000,21.45
6299,"Mar-2018",36,"B",40000,11.98
6301,"Mar-2018",36,"A",7500,6.07
6302,"Jan-2018",36,"A",8400,7.97
6304,"Jan-2018",36,"B",17000,10.42
6305,"Mar-2018",36,"D",28250,18.45
6306,"Jan-2018",36,"A",8400,7.97
6307,"Mar-2018",36,"C",15000,12.61
6308,"Jan-2018",36,"B",20000,10.91
6309,"Mar-2018",36,"B",20000,9.92
6312,"Mar-2018",36,"B",10000,9.43
6313,"Mar-2018",36,"B",5000,10.9
6314,"Jan-2018",36,"C",15000,14.08
6315,"Mar-2018",36,"B",10500,10.41
6316,"Feb-2018",36,"C",4000,15.05
6317,"Jan-2018",36,"B",2000,9.93
6320,"Mar-2018",36,"C",10000,15.04
6321,"Jan-2018",36,"C",12000,14.08
6323,"Feb-2018",36,"C",10000,14.08
6324,"Mar-2018",36,"C",16525,12.61
6326,"Mar-2018",36,"C",11000,16.01
6328,"Mar-2018",36,"B",1500,11.98
6330,"Feb-2018",36,"D",13100,18.06
6331,"Feb-2018",36,"B",20000,11.99
6332,"Mar-2018",36,"B",5000,10.9
6334,"Jan-2018",36,"E",6000,22.91
6335,"Jan-2018",36,"D",18000,17.09
6336,"Jan-2018",36,"C",7000,14.08
6337,"Feb-2018",36,"B",35000,10.41
6338,"Mar-2018",36,"A",19000,6.07
6340,"Jan-2018",36,"D",15000,18.06
6341,"Feb-2018",36,"B",6500,10.42
6343,"Feb-2018",36,"A",40000,5.32
6344,"Jan-2018",36,"A",4000,6.72
6345,"Jan-2018",36,"B",4500,10.42
6347,"Mar-2018",36,"B",10000,9.43
6348,"Mar-2018",36,"A",5000,7.34
6350,"Jan-2018",36,"C",5000,14.08
6351,"Mar-2018",36,"D",8200,20.39
6353,"Mar-2018",36,"A",20000,7.96
6356,"Feb-2018",36,"A",5000,6.72
6357,"Feb-2018",36,"B",24000,10.42
6359,"Jan-2018",36,"D",10000,18.06
6360,"Mar-2018",36,"A",2400,7.34
6363,"Mar-2018",36,"B",10000,9.92
6364,"Jan-2018",36,"A",12600,5.32
6370,"Feb-2018",36,"D",6800,18.06
6371,"Jan-2018",36,"A",40000,5.32
6372,"Feb-2018",36,"A",5000,7.97
6374,"Mar-2018",36,"A",7500,6.71
6375,"Mar-2018",36,"C",5000,16.01
6376,"Feb-2018",36,"C",3000,13.59
6377,"Feb-2018",36,"A",3200,6.08
6378,"Mar-2018",36,"B",25000,10.9
6379,"Jan-2018",36,"C",1500,13.59
6380,"Mar-2018",36,"B",10000,11.98
6383,"Jan-2018",36,"A",10000,5.32
6385,"Feb-2018",36,"C",16000,16.02
6386,"Feb-2018",36,"D",18000,19.03
6387,"Jan-2018",36,"C",12000,13.59
6388,"Mar-2018",36,"A",3500,5.31
6389,"Mar-2018",36,"B",3000,11.98
6390,"Mar-2018",36,"D",5000,18.45
6391,"Jan-2018",36,"C",10000,16.02
6394,"Jan-2018",36,"B",12000,10.91
6395,"Jan-2018",36,"B",6000,10.91
6396,"Jan-2018",36,"A",9500,7.35
6397,"Jan-2018",36,"B",15000,11.99
6399,"Feb-2018",36,"A",9600,7.97
6400,"Jan-2018",36,"C",10000,14.08
6402,"Jan-2018",36,"C",6000,15.05
6403,"Jan-2018",36,"C",18000,13.59
6406,"Jan-2018",36,"A",12000,6.72
6407,"Jan-2018",36,"C",15000,13.59
6410,"Feb-2018",36,"B",16000,10.9
6411,"Mar-2018",36,"B",6000,10.41
6412,"Feb-2018",36,"A",20000,6.08
6413,"Mar-2018",36,"C",7200,14.07
6414,"Feb-2018",36,"A",20000,6.72
6416,"Feb-2018",36,"B",3200,10.42
6418,"Mar-2018",36,"A",15000,6.71
6421,"Mar-2018",36,"D",5000,17.47
6422,"Feb-2018",36,"A",7000,6.08
6423,"Feb-2018",36,"A",7200,5.32
6424,"Feb-2018",36,"D",7000,19.03
6425,"Jan-2018",36,"D",30000,17.09
6429,"Feb-2018",36,"B",40000,10.91
6430,"Mar-2018",36,"A",35000,6.71
6432,"Feb-2018",36,"B",12000,11.99
6437,"Mar-2018",36,"B",5000,10.9
6438,"Jan-2018",36,"A",14000,5.32
6439,"Jan-2018",36,"E",35000,24.85
6441,"Jan-2018",36,"B",10000,9.44
6442,"Mar-2018",36,"A",10000,7.34
6443,"Mar-2018",36,"A",16000,7.96
6445,"Mar-2018",36,"C",20000,13.58
6446,"Mar-2018",36,"A",13000,6.07
6447,"Jan-2018",36,"A",25000,6.08
6449,"Jan-2018",36,"A",10000,6.08
6450,"Jan-2018",36,"A",17000,6.72
6451,"Feb-2018",36,"A",25000,7.35
6455,"Jan-2018",36,"D",3000,18.06
6456,"Mar-2018",36,"C",6500,12.61
6457,"Feb-2018",36,"C",19000,14.08
6458,"Mar-2018",36,"B",20000,10.42
6459,"Feb-2018",36,"B",3000,9.92
6460,"Mar-2018",36,"C",5000,16.02
6461,"Mar-2018",36,"A",20000,6.07
6462,"Jan-2018",36,"D",21700,18.06
6464,"Feb-2018",36,"A",10000,7.34
6466,"Jan-2018",36,"C",5000,13.59
6467,"Feb-2018",36,"B",15000,11.99
6469,"Mar-2018",36,"A",10000,6.07
6470,"Mar-2018",36,"B",2000,9.92
6471,"Feb-2018",36,"B",25000,9.43
6472,"Jan-2018",36,"B",2800,10.91
6473,"Feb-2018",36,"B",17600,9.93
6474,"Jan-2018",36,"B",6000,11.99
6475,"Jan-2018",36,"B",5000,9.93
6477,"Jan-2018",36,"A",6000,6.08
6478,"Mar-2018",36,"C",5000,14.07
6479,"Jan-2018",36,"C",5600,14.08
6480,"Jan-2018",36,"A",10000,7.35
6481,"Jan-2018",36,"A",19200,6.08
6482,"Jan-2018",36,"C",7000,16.02
6483,"Mar-2018",36,"B",21700,9.43
6484,"Mar-2018",36,"B",1200,10.9
6485,"Jan-2018",36,"B",3200,10.91
6487,"Mar-2018",36,"A",6500,7.96
6488,"Mar-2018",36,"B",15000,10.9
6489,"Jan-2018",36,"C",3000,12.62
6490,"Jan-2018",36,"C",11000,12.62
6492,"Feb-2018",36,"D",6600,19.03
6494,"Feb-2018",36,"A",40000,6.72
6495,"Jan-2018",36,"B",11200,9.93
6496,"Feb-2018",36,"A",10000,6.08
6497,"Jan-2018",36,"A",30675,5.32
6499,"Feb-2018",36,"B",18000,11.99
6500,"Mar-2018",36,"C",10000,13.58
6501,"Jan-2018",36,"B",5600,11.99
6502,"Mar-2018",36,"A",3500,6.72
6503,"Jan-2018",36,"B",24000,11.99
6504,"Feb-2018",36,"B",3000,9.43
6505,"Mar-2018",36,"A",14000,5.31
6506,"Jan-2018",36,"C",10000,13.59
6507,"Jan-2018",36,"B",16200,10.42
6508,"Mar-2018",36,"D",5000,18.45
6509,"Jan-2018",36,"A",32000,6.72
6511,"Mar-2018",36,"C",12000,14.07
6512,"Jan-2018",36,"E",10000,22.91
6513,"Feb-2018",36,"C",10000,16.02
6514,"Mar-2018",36,"C",35000,16.01
6515,"Feb-2018",36,"A",18000,6.72
6516,"Feb-2018",36,"B",12000,10.9
6517,"Feb-2018",36,"B",14000,10.42
6520,"Jan-2018",36,"C",24000,12.62
6521,"Feb-2018",36,"C",35000,13.59
6522,"Feb-2018",36,"D",24000,17.09
6524,"Mar-2018",36,"D",7000,18.45
6525,"Mar-2018",36,"B",6000,9.92
6527,"Jan-2018",36,"A",40000,6.72
6529,"Mar-2018",36,"A",20000,5.31
6530,"Mar-2018",36,"D",36250,19.42
6531,"Mar-2018",36,"D",9600,17.47
6532,"Jan-2018",36,"B",5000,11.99
6533,"Jan-2018",36,"C",2200,13.59
6534,"Mar-2018",36,"A",25000,6.71
6535,"Feb-2018",36,"C",28000,16.02
6536,"Mar-2018",36,"A",40000,6.07
6539,"Mar-2018",36,"C",5000,15.04
6541,"Mar-2018",36,"C",24000,16.01
6542,"Feb-2018",36,"A",24000,7.35
6543,"Mar-2018",36,"A",11000,7.96
6546,"Feb-2018",36,"D",16000,20
6547,"Feb-2018",36,"C",4925,13.58
6548,"Jan-2018",36,"A",10000,7.35
6549,"Jan-2018",36,"A",16000,7.97
6553,"Mar-2018",36,"C",5500,12.61
6554,"Feb-2018",36,"A",9000,7.35
6555,"Mar-2018",36,"A",18000,6.71
6556,"Jan-2018",36,"C",10000,14.08
6559,"Mar-2018",36,"A",2000,5.31
6562,"Feb-2018",36,"C",4000,14.08
6564,"Feb-2018",36,"C",9600,14.07
6565,"Jan-2018",36,"A",40000,7.35
6569,"Jan-2018",36,"C",8000,13.59
6570,"Jan-2018",36,"B",40000,11.99
6572,"Feb-2018",36,"B",10000,10.9
6573,"Jan-2018",36,"B",40000,9.44
6574,"Mar-2018",36,"B",4000,10.41
6575,"Feb-2018",36,"A",10000,6.72
6577,"Jan-2018",36,"C",4000,14.08
6579,"Feb-2018",36,"A",28800,5.32
6580,"Feb-2018",36,"A",12000,6.72
6581,"Mar-2018",36,"A",11000,7.34
6582,"Mar-2018",36,"A",6000,7.34
6586,"Feb-2018",36,"A",20000,6.07
6587,"Jan-2018",36,"C",15000,13.59
6589,"Jan-2018",36,"B",7800,11.99
6590,"Mar-2018",36,"C",30000,13.58
6591,"Jan-2018",36,"B",10000,9.93
6592,"Feb-2018",36,"A",7500,6.08
6594,"Feb-2018",36,"B",10000,10.42
6595,"Jan-2018",36,"A",10000,6.72
6596,"Feb-2018",36,"C",18000,12.61
6597,"Feb-2018",36,"C",15000,14.08
6599,"Jan-2018",36,"B",14000,9.44
6600,"Jan-2018",36,"B",1500,11.99
6601,"Mar-2018",36,"A",13000,7.35
6602,"Mar-2018",36,"A",10000,7.34
6604,"Feb-2018",36,"D",6000,19.03
6606,"Mar-2018",36,"C",9600,15.05
6608,"Jan-2018",36,"B",4500,9.93
6609,"Mar-2018",36,"A",16000,6.07
6610,"Feb-2018",36,"B",6000,9.44
6611,"Mar-2018",36,"A",21600,6.71
6615,"Jan-2018",36,"D",6650,17.09
6617,"Jan-2018",36,"B",4500,9.44
6619,"Jan-2018",36,"B",30000,11.99
6620,"Mar-2018",36,"C",15000,13.58
6621,"Feb-2018",36,"C",5000,15.05
6622,"Jan-2018",36,"A",40000,7.35
6623,"Jan-2018",36,"B",4000,9.44
6626,"Jan-2018",36,"B",20000,10.91
6627,"Jan-2018",36,"D",18000,17.09
6630,"Mar-2018",36,"A",8000,7.34
6632,"Mar-2018",36,"C",7000,15.04
6633,"Jan-2018",36,"E",5000,23.88
6634,"Mar-2018",36,"E",16100,24.84
6637,"Mar-2018",36,"B",8300,10.41
6638,"Feb-2018",36,"A",3500,6.07
6639,"Feb-2018",36,"C",10400,14.08
6640,"Jan-2018",36,"B",6000,11.99
6642,"Mar-2018",36,"B",20000,10.41
6643,"Jan-2018",36,"C",20000,16.02
6645,"Jan-2018",36,"B",7200,10.91
6646,"Mar-2018",36,"A",2000,6.07
6647,"Mar-2018",36,"B",20000,10.41
6648,"Feb-2018",36,"A",8000,6.08
6649,"Jan-2018",36,"B",15000,9.44
6650,"Jan-2018",36,"C",8400,13.59
6651,"Feb-2018",36,"A",24000,7.97
6652,"Jan-2018",36,"A",7700,7.35
6653,"Jan-2018",36,"B",1500,10.91
6654,"Jan-2018",36,"D",2000,18.06
6657,"Mar-2018",36,"C",10000,14.07
6659,"Mar-2018",36,"B",10000,10.9
6662,"Feb-2018",36,"C",8000,12.61
6663,"Jan-2018",36,"B",8400,10.91
6664,"Jan-2018",36,"C",35000,12.62
6665,"Feb-2018",36,"A",25000,6.72
6666,"Feb-2018",36,"C",25000,14.08
6668,"Jan-2018",36,"B",15000,10.42
6669,"Feb-2018",36,"C",17000,13.59
6671,"Jan-2018",36,"C",2000,16.02
6672,"Jan-2018",36,"D",10000,18.06
6673,"Feb-2018",36,"C",9500,16.01
6674,"Feb-2018",36,"B",20000,9.93
6675,"Jan-2018",36,"A",10000,7.97
6677,"Feb-2018",36,"A",8000,7.34
6678,"Jan-2018",36,"B",6000,10.42
6679,"Feb-2018",36,"B",40000,10.91
6680,"Mar-2018",36,"A",1500,6.07
6681,"Jan-2018",36,"B",20000,9.44
6686,"Mar-2018",36,"B",30000,10.41
6687,"Feb-2018",36,"D",32000,19.03
6688,"Feb-2018",36,"C",20000,12.62
6689,"Feb-2018",36,"A",20000,7.97
6690,"Jan-2018",36,"B",20000,9.93
6691,"Jan-2018",36,"C",10000,12.62
6692,"Feb-2018",36,"C",12000,14.08
6693,"Mar-2018",36,"D",35000,17.47
6694,"Jan-2018",36,"C",16400,16.02
6695,"Jan-2018",36,"B",5000,11.99
6696,"Mar-2018",36,"B",10000,10.41
6698,"Jan-2018",36,"D",10000,17.09
6699,"Jan-2018",36,"D",10000,18.06
6700,"Jan-2018",36,"B",20000,11.99
6703,"Mar-2018",36,"A",15750,7.34
6704,"Jan-2018",36,"D",2200,18.06
6706,"Feb-2018",36,"C",6500,15.05
6708,"Jan-2018",36,"B",8400,11.99
6709,"Feb-2018",36,"A",1450,7.97
6711,"Mar-2018",36,"E",6100,26.77
6713,"Mar-2018",36,"B",18000,9.92
6716,"Mar-2018",36,"B",16800,10.9
6717,"Jan-2018",36,"C",10000,16.02
6718,"Mar-2018",36,"C",5000,15.04
6719,"Mar-2018",36,"A",13000,5.31
6720,"Mar-2018",36,"C",7200,14.07
6721,"Mar-2018",36,"C",2975,13.59
6722,"Jan-2018",36,"A",20000,6.72
6723,"Jan-2018",36,"A",6000,6.08
6725,"Jan-2018",36,"B",10000,10.42
6727,"Jan-2018",36,"B",5000,11.99
6728,"Jan-2018",36,"A",2500,6.72
6731,"Feb-2018",36,"B",9000,9.93
6733,"Mar-2018",36,"C",40000,16.01
6734,"Jan-2018",36,"A",40000,6.08
6735,"Jan-2018",36,"B",8000,10.91
6736,"Mar-2018",36,"A",5000,6.07
6738,"Jan-2018",36,"C",33600,12.62
6739,"Feb-2018",36,"D",13000,21.45
6740,"Mar-2018",36,"D",12000,18.45
6742,"Jan-2018",36,"A",17000,6.08
6743,"Jan-2018",36,"A",3200,7.97
6744,"Feb-2018",36,"C",13500,13.58
6746,"Feb-2018",36,"B",10500,9.93
6747,"Feb-2018",36,"A",8000,5.31
6748,"Feb-2018",36,"B",10000,10.41
6749,"Jan-2018",36,"A",15000,6.08
6750,"Mar-2018",36,"A",12000,6.07
6752,"Feb-2018",36,"D",5900,18.06
6753,"Feb-2018",36,"B",9600,9.93
6754,"Mar-2018",36,"B",12000,10.41
6755,"Mar-2018",36,"B",25000,10.41
6756,"Feb-2018",36,"D",22325,17.09
6757,"Mar-2018",36,"B",8400,9.92
6758,"Feb-2018",36,"C",15000,15.05
6759,"Mar-2018",36,"A",30000,7.96
6761,"Feb-2018",36,"A",16000,6.08
6762,"Mar-2018",36,"C",6500,16.01
6764,"Feb-2018",36,"C",5000,16.02
6765,"Jan-2018",36,"A",30000,6.08
6766,"Jan-2018",36,"A",3000,6.08
6767,"Feb-2018",36,"D",17000,17.09
6769,"Feb-2018",36,"A",3000,5.32
6770,"Mar-2018",36,"C",10000,16.01
6771,"Feb-2018",36,"B",2300,10.91
6773,"Mar-2018",36,"B",5600,9.92
6775,"Jan-2018",36,"D",1750,20
6776,"Jan-2018",36,"C",16000,13.59
6779,"Feb-2018",36,"C",15000,14.08
6781,"Feb-2018",36,"B",19200,9.92
6782,"Mar-2018",36,"B",9800,9.92
6783,"Feb-2018",36,"B",7700,10.91
6784,"Mar-2018",36,"C",4500,16.01
6785,"Jan-2018",36,"A",6600,7.35
6788,"Feb-2018",36,"B",16000,10.41
6789,"Jan-2018",36,"C",9000,12.62
6790,"Jan-2018",36,"C",28975,16.02
6794,"Mar-2018",36,"B",16000,10.9
6795,"Mar-2018",36,"B",10000,11.98
6796,"Feb-2018",36,"A",4500,7.97
6799,"Jan-2018",36,"C",20000,12.62
6800,"Feb-2018",36,"B",33600,10.41
6801,"Mar-2018",36,"C",20000,15.04
6802,"Mar-2018",36,"D",16500,19.42
6804,"Jan-2018",36,"C",8500,16.02
6805,"Feb-2018",36,"A",6800,6.71
6807,"Jan-2018",36,"B",15000,9.93
6808,"Mar-2018",36,"D",30000,18.45
6809,"Jan-2018",36,"C",6500,13.59
6812,"Feb-2018",36,"A",12800,7.35
6813,"Mar-2018",36,"B",10000,10.9
6814,"Jan-2018",36,"E",32000,22.91
6815,"Feb-2018",36,"C",10000,14.08
6816,"Jan-2018",36,"A",10500,7.35
6819,"Mar-2018",36,"B",1200,9.92
6820,"Feb-2018",36,"B",20000,9.92
6822,"Jan-2018",36,"A",14000,6.72
6823,"Feb-2018",36,"A",10000,6.08
6824,"Jan-2018",36,"C",20000,16.02
6825,"Jan-2018",36,"A",3500,7.35
6828,"Mar-2018",36,"A",15000,7.96
6829,"Mar-2018",36,"A",8000,6.07
6830,"Jan-2018",36,"C",1000,15.05
6831,"Jan-2018",36,"D",8000,19.03
6832,"Feb-2018",36,"D",1125,18.06
6833,"Feb-2018",36,"A",35000,5.32
6834,"Mar-2018",36,"B",9000,9.43
6837,"Jan-2018",36,"C",10000,13.59
6838,"Jan-2018",36,"A",25000,5.32
6839,"Mar-2018",36,"B",15300,9.92
6840,"Jan-2018",36,"D",18000,19.03
6842,"Feb-2018",36,"A",18000,6.08
6845,"Jan-2018",36,"A",6000,7.35
6846,"Feb-2018",36,"A",16000,6.08
6847,"Jan-2018",36,"A",10000,6.08
6848,"Jan-2018",36,"B",7200,10.91
6850,"Mar-2018",36,"A",3000,7.96
6851,"Feb-2018",36,"A",32000,6.08
6852,"Mar-2018",36,"A",2000,6.71
6853,"Mar-2018",36,"D",6000,19.42
6854,"Feb-2018",36,"B",7000,9.93
6855,"Mar-2018",36,"A",2000,7.96
6858,"Jan-2018",36,"D",15000,19.03
6859,"Feb-2018",36,"C",15000,14.08
6862,"Mar-2018",36,"B",15000,10.41
6864,"Jan-2018",36,"B",3000,9.93
6865,"Mar-2018",36,"B",40000,9.43
6867,"Jan-2018",36,"E",12900,22.91
6869,"Feb-2018",36,"B",15000,9.93
6872,"Jan-2018",36,"A",35000,7.35
6873,"Jan-2018",36,"B",12000,10.91
6874,"Jan-2018",36,"B",10000,9.44
6875,"Feb-2018",36,"C",8000,12.61
6876,"Jan-2018",36,"B",25000,11.99
6877,"Feb-2018",36,"C",8000,15.05
6878,"Jan-2018",36,"B",14000,11.99
6880,"Jan-2018",36,"B",6000,9.44
6881,"Feb-2018",36,"B",2800,9.93
6883,"Feb-2018",36,"D",12800,20
6884,"Mar-2018",36,"B",13000,10.41
6885,"Jan-2018",36,"B",5000,11.99
6887,"Feb-2018",36,"B",10000,9.93
6888,"Jan-2018",36,"B",8800,10.42
6889,"Feb-2018",36,"A",9000,7.97
6890,"Jan-2018",36,"A",17000,7.35
6891,"Feb-2018",36,"C",16000,13.58
6892,"Feb-2018",36,"C",20000,13.59
6893,"Jan-2018",36,"A",10000,7.97
6894,"Feb-2018",36,"A",10000,6.71
6896,"Feb-2018",36,"B",10000,9.44
6897,"Mar-2018",36,"B",7000,10.41
6900,"Jan-2018",36,"B",10000,9.93
6901,"Mar-2018",36,"C",15000,16.01
6902,"Jan-2018",36,"C",2000,12.62
6903,"Mar-2018",36,"B",4000,9.92
6904,"Jan-2018",36,"B",5000,11.99
6905,"Mar-2018",36,"D",1000,21.85
6906,"Jan-2018",36,"E",25000,26.3
6907,"Mar-2018",36,"B",14000,9.92
6908,"Feb-2018",36,"C",14000,13.58
6909,"Feb-2018",36,"C",6000,14.08
6910,"Jan-2018",36,"A",18000,6.08
6912,"Feb-2018",36,"D",10000,21.45
6913,"Mar-2018",36,"C",20000,12.61
6914,"Feb-2018",36,"A",40000,6.71
6915,"Feb-2018",36,"A",20000,6.72
6917,"Mar-2018",36,"C",3500,12.61
6918,"Mar-2018",36,"D",23000,19.42
6920,"Feb-2018",36,"A",40000,5.32
6921,"Jan-2018",36,"B",5000,9.93
6923,"Mar-2018",36,"B",6000,10.41
6924,"Mar-2018",36,"A",7000,6.71
6925,"Mar-2018",36,"B",8000,10.41
6929,"Mar-2018",36,"D",8500,19.42
6930,"Jan-2018",36,"B",10000,9.44
6933,"Jan-2018",36,"B",14000,11.99
6934,"Mar-2018",36,"A",11000,6.07
6935,"Mar-2018",36,"C",16000,14.07
6936,"Jan-2018",36,"A",22000,7.35
6937,"Mar-2018",36,"A",5000,6.71
6940,"Feb-2018",36,"A",12000,5.32
6941,"Feb-2018",36,"B",40000,11.99
6943,"Mar-2018",36,"C",32000,12.61
6944,"Mar-2018",36,"B",15000,11.98
6945,"Jan-2018",36,"C",1600,16.02
6946,"Feb-2018",36,"A",4000,5.32
6947,"Mar-2018",36,"A",16000,6.71
6948,"Mar-2018",36,"D",22050,19.42
6949,"Mar-2018",36,"A",10000,6.71
6950,"Feb-2018",36,"D",10800,21.45
6951,"Feb-2018",36,"C",5000,12.62
6952,"Mar-2018",36,"B",20000,9.43
6953,"Mar-2018",36,"A",10000,6.71
6954,"Jan-2018",36,"D",15000,18.06
6956,"Mar-2018",36,"B",11500,9.43
6958,"Jan-2018",36,"A",40000,5.32
6959,"Feb-2018",36,"D",9600,18.06
6960,"Mar-2018",36,"A",6000,7.96
6964,"Jan-2018",36,"A",11000,6.08
6966,"Jan-2018",36,"B",5000,9.44
6967,"Jan-2018",36,"C",8000,14.08
6968,"Feb-2018",36,"B",16000,9.92
6969,"Feb-2018",36,"B",24000,9.43
6970,"Jan-2018",36,"C",4800,15.05
6971,"Feb-2018",36,"C",6000,15.05
6973,"Mar-2018",36,"C",4000,16.01
6974,"Feb-2018",36,"B",3000,11.99
6978,"Jan-2018",36,"D",1000,19.03
6979,"Feb-2018",36,"B",10050,11.99
6981,"Jan-2018",36,"C",8000,15.05
6982,"Jan-2018",36,"A",8500,7.35
6984,"Jan-2018",36,"A",21000,6.72
6985,"Mar-2018",36,"B",10000,11.98
6991,"Jan-2018",36,"C",1500,15.05
6992,"Jan-2018",36,"B",13125,10.91
6993,"Jan-2018",36,"B",5000,9.44
6994,"Mar-2018",36,"B",20000,9.43
6995,"Feb-2018",36,"C",3000,14.07
6996,"Jan-2018",36,"C",5000,13.59
6997,"Feb-2018",36,"B",30000,10.91
6998,"Feb-2018",36,"B",5000,11.98
6999,"Feb-2018",36,"C",6000,16.02
7000,"Mar-2018",36,"B",15000,10.41
7001,"Feb-2018",36,"A",20000,7.35
7003,"Feb-2018",36,"B",35000,10.42
7004,"Feb-2018",36,"C",28000,13.59
7006,"Jan-2018",36,"B",31000,10.42
7007,"Mar-2018",36,"A",40000,5.31
7009,"Feb-2018",36,"B",40000,10.91
7010,"Jan-2018",36,"A",8000,6.08
7011,"Mar-2018",36,"A",40000,7.96
7012,"Jan-2018",36,"B",8000,10.42
7013,"Feb-2018",36,"B",4000,9.44
7014,"Feb-2018",36,"A",18000,6.08
7015,"Feb-2018",36,"C",9000,13.59
7017,"Mar-2018",36,"C",9600,13.59
7018,"Jan-2018",36,"A",25000,5.32
7019,"Feb-2018",36,"A",9000,6.71
7020,"Jan-2018",36,"A",10000,7.35
7021,"Feb-2018",36,"B",15000,10.42
7022,"Feb-2018",36,"C",5300,12.62
7025,"Mar-2018",36,"A",20000,7.34
7026,"Jan-2018",36,"A",35000,6.72
7027,"Mar-2018",36,"B",3000,11.98
7028,"Mar-2018",36,"B",9000,10.41
7029,"Jan-2018",36,"D",5000,18.06
7030,"Jan-2018",36,"C",15000,13.59
7031,"Mar-2018",36,"D",17000,18.45
7032,"Mar-2018",36,"A",4000,7.34
7033,"Jan-2018",36,"C",35000,15.05
7034,"Mar-2018",36,"D",16800,20.39
7035,"Jan-2018",36,"B",18000,10.91
7036,"Jan-2018",36,"A",13000,7.35
7038,"Mar-2018",36,"A",14000,7.34
7039,"Feb-2018",36,"C",4800,13.59
7040,"Mar-2018",36,"C",10200,15.04
7041,"Jan-2018",36,"D",18000,17.09
7042,"Mar-2018",36,"B",4000,9.92
7043,"Mar-2018",36,"A",28000,6.71
7045,"Feb-2018",36,"B",5000,10.42
7046,"Feb-2018",36,"B",10000,9.44
7047,"Mar-2018",36,"B",5000,10.9
7053,"Jan-2018",36,"C",14500,12.62
7054,"Mar-2018",36,"C",2500,12.61
7055,"Jan-2018",36,"A",35000,6.72
7056,"Mar-2018",36,"B",22225,9.43
7057,"Mar-2018",36,"C",35000,15.04
7059,"Jan-2018",36,"B",15000,11.99
7060,"Mar-2018",36,"B",36000,11.98
7061,"Feb-2018",36,"A",26000,7.35
7062,"Mar-2018",36,"D",3300,21.85
7063,"Jan-2018",36,"A",25000,6.08
7064,"Jan-2018",36,"B",20000,11.99
7065,"Jan-2018",36,"A",3500,7.35
7066,"Mar-2018",36,"A",5000,7.96
7068,"Feb-2018",36,"A",10000,6.08
7071,"Feb-2018",36,"D",10000,20
7072,"Jan-2018",36,"B",8000,9.44
7076,"Mar-2018",36,"C",10000,16.01
7077,"Mar-2018",36,"D",8000,21.85
7078,"Feb-2018",36,"E",15000,23.88
7080,"Feb-2018",36,"B",28000,9.44
7081,"Jan-2018",36,"C",15000,12.62
7082,"Mar-2018",36,"A",12000,7.34
7083,"Jan-2018",36,"B",10000,9.44
7085,"Mar-2018",36,"A",9000,5.31
7086,"Feb-2018",36,"B",7000,10.42
7087,"Mar-2018",36,"A",7000,6.72
7088,"Feb-2018",36,"B",10000,9.44
7089,"Feb-2018",36,"B",5000,9.44
7090,"Jan-2018",36,"B",4200,9.93
7091,"Mar-2018",36,"A",10500,7.96
7092,"Jan-2018",36,"A",10000,7.97
7093,"Mar-2018",36,"E",6000,23.87
7095,"Mar-2018",36,"D",4800,20.39
7096,"Mar-2018",36,"B",12000,9.43
7099,"Jan-2018",36,"B",12000,9.93
7101,"Mar-2018",36,"D",5000,21.45
7102,"Feb-2018",36,"B",15000,10.91
7103,"Mar-2018",36,"C",10000,14.07
7104,"Mar-2018",36,"B",16000,9.43
7106,"Feb-2018",36,"A",7200,5.31
7107,"Jan-2018",36,"C",30000,12.62
7109,"Feb-2018",36,"E",11600,23.88
7110,"Mar-2018",36,"A",40000,6.07
7112,"Jan-2018",36,"C",9000,14.08
7113,"Jan-2018",36,"A",15000,7.35
7114,"Mar-2018",36,"A",20000,6.07
7116,"Mar-2018",36,"D",12000,17.47
7118,"Jan-2018",36,"B",2100,10.42
7119,"Feb-2018",36,"B",20000,9.44
7120,"Mar-2018",36,"B",11000,11.98
7121,"Mar-2018",36,"A",8000,6.07
7123,"Feb-2018",36,"B",10000,10.91
7125,"Mar-2018",36,"C",8000,14.07
7126,"Jan-2018",36,"A",35000,6.72
7128,"Feb-2018",36,"A",25000,6.72
7129,"Feb-2018",36,"A",9000,6.08
7130,"Jan-2018",36,"D",12800,19.03
7131,"Feb-2018",36,"C",20000,16.02
7133,"Jan-2018",36,"D",17000,20
7134,"Mar-2018",36,"D",12800,21.85
7135,"Feb-2018",36,"A",9600,6.08
7136,"Jan-2018",36,"B",20000,9.93
7137,"Mar-2018",36,"A",25000,7.96
7138,"Jan-2018",36,"B",12000,9.93
7139,"Mar-2018",36,"A",15000,7.34
7140,"Mar-2018",36,"A",5000,5.31
7141,"Feb-2018",36,"C",18000,16.01
7143,"Mar-2018",36,"C",8000,15.04
7144,"Jan-2018",36,"C",15000,16.02
7145,"Jan-2018",36,"A",18000,7.97
7146,"Jan-2018",36,"A",3000,7.97
7147,"Feb-2018",36,"A",30000,6.72
7149,"Mar-2018",36,"E",10700,23.87
7150,"Mar-2018",36,"C",5000,15.04
7151,"Feb-2018",36,"B",7000,9.44
7154,"Mar-2018",36,"B",12000,10.41
7155,"Jan-2018",36,"A",6000,7.35
7157,"Mar-2018",36,"B",8000,10.41
7159,"Mar-2018",36,"B",25000,11.99
7161,"Jan-2018",36,"B",15600,10.42
7162,"Mar-2018",36,"C",30000,16.01
7164,"Jan-2018",36,"A",16000,5.32
7166,"Jan-2018",36,"A",2800,7.97
7167,"Feb-2018",36,"A",15000,5.32
7168,"Mar-2018",36,"D",25000,20.39
7169,"Mar-2018",36,"B",14000,10.41
7170,"Jan-2018",36,"B",15000,9.44
7171,"Jan-2018",36,"B",15000,10.42
7172,"Jan-2018",36,"A",20000,6.72
7175,"Feb-2018",36,"B",5000,10.41
7177,"Mar-2018",36,"C",10000,12.61
7178,"Mar-2018",36,"C",15000,16.01
7179,"Mar-2018",36,"B",22000,10.9
7180,"Jan-2018",36,"C",5000,13.59
7181,"Jan-2018",36,"A",30000,6.72
7183,"Feb-2018",36,"C",12975,15.05
7185,"Jan-2018",36,"D",12000,20
7186,"Jan-2018",36,"A",2000,7.35
7187,"Feb-2018",36,"C",2500,14.07
7189,"Mar-2018",36,"C",6300,16.01
7190,"Jan-2018",36,"B",2500,10.42
7191,"Mar-2018",36,"A",10000,6.07
7192,"Mar-2018",36,"B",3600,11.98
7193,"Jan-2018",36,"A",15000,5.32
7194,"Mar-2018",36,"E",10000,22.9
7196,"Feb-2018",36,"A",20000,7.35
7197,"Jan-2018",36,"C",17425,12.62
7198,"Mar-2018",36,"D",8000,21.85
7200,"Feb-2018",36,"B",10000,9.43
7201,"Jan-2018",36,"A",7700,6.08
7203,"Mar-2018",36,"B",5000,9.43
7204,"Jan-2018",36,"B",4500,9.44
7205,"Mar-2018",36,"A",6500,5.31
7206,"Jan-2018",36,"B",26400,9.44
7207,"Jan-2018",36,"C",5000,15.05
7209,"Jan-2018",36,"A",30000,7.35
7210,"Jan-2018",36,"C",2400,12.62
7211,"Mar-2018",36,"B",7000,9.43
7212,"Mar-2018",36,"B",5000,10.41
7213,"Mar-2018",36,"C",3500,12.61
7214,"Feb-2018",36,"B",15000,9.93
7215,"Feb-2018",36,"C",13775,13.59
7216,"Mar-2018",36,"C",5000,13.58
7217,"Jan-2018",36,"E",6500,22.91
7218,"Mar-2018",36,"D",16825,18.45
7222,"Jan-2018",36,"A",30000,7.35
7224,"Feb-2018",36,"A",14000,6.72
7225,"Feb-2018",36,"C",1000,13.59
7226,"Jan-2018",36,"C",10000,13.59
7227,"Mar-2018",36,"B",40000,9.92
7230,"Jan-2018",36,"D",10000,17.09
7231,"Mar-2018",36,"A",38000,6.71
7232,"Mar-2018",36,"B",6000,11.98
7233,"Mar-2018",36,"C",14000,12.61
7234,"Feb-2018",36,"C",12000,14.08
7236,"Feb-2018",36,"B",3000,9.92
7238,"Mar-2018",36,"A",4200,6.07
7239,"Feb-2018",36,"B",12000,10.91
7240,"Feb-2018",36,"C",3000,13.59
7242,"Jan-2018",36,"C",10000,12.62
7243,"Feb-2018",36,"C",35000,16.02
7244,"Mar-2018",36,"C",4000,15.04
7245,"Feb-2018",36,"B",5000,11.98
7246,"Jan-2018",36,"A",40000,6.72
7247,"Jan-2018",36,"B",4200,10.91
7248,"Mar-2018",36,"B",7000,10.9
7249,"Feb-2018",36,"A",20000,7.35
7250,"Mar-2018",36,"A",20000,7.34
7251,"Feb-2018",36,"B",8500,9.92
7254,"Mar-2018",36,"B",4000,10.41
7255,"Mar-2018",36,"B",18000,9.43
7258,"Mar-2018",36,"B",1500,9.92
7260,"Jan-2018",36,"D",30000,21.45
7261,"Mar-2018",36,"B",5000,10.9
7262,"Feb-2018",36,"A",16000,6.72
7264,"Mar-2018",36,"A",4000,7.96
7265,"Jan-2018",36,"B",11000,9.93
7266,"Feb-2018",36,"C",8000,16.02
7267,"Feb-2018",36,"B",32000,9.44
7269,"Feb-2018",36,"C",7000,14.08
7271,"Mar-2018",36,"B",20000,9.92
7274,"Mar-2018",36,"B",30000,10.41
7275,"Feb-2018",36,"B",6000,10.42
7276,"Mar-2018",36,"A",15000,6.07
7277,"Mar-2018",36,"C",20000,15.04
7278,"Feb-2018",36,"B",20000,9.93
7279,"Feb-2018",36,"A",2000,6.08
7281,"Mar-2018",36,"E",30000,23.87
7282,"Mar-2018",36,"D",3000,19.42
7283,"Jan-2018",36,"C",3000,16.02
7285,"Feb-2018",36,"B",7550,10.91
7286,"Feb-2018",36,"A",4000,7.96
7288,"Feb-2018",36,"A",27000,6.72
7289,"Feb-2018",36,"C",4000,16.02
7290,"Mar-2018",36,"C",15000,13.59
7291,"Mar-2018",36,"A",18000,7.34
7292,"Jan-2018",36,"A",15000,7.35
7294,"Jan-2018",36,"C",5000,15.05
7296,"Mar-2018",36,"C",15000,15.04
7297,"Mar-2018",36,"A",25000,7.34
7298,"Mar-2018",36,"A",5000,7.34
7301,"Jan-2018",36,"A",12000,6.72
7302,"Feb-2018",36,"B",7000,10.42
7304,"Feb-2018",36,"D",30000,21.45
7305,"Mar-2018",36,"A",35000,5.31
7307,"Feb-2018",36,"B",4800,11.99
7308,"Jan-2018",36,"D",10000,21.45
7309,"Feb-2018",36,"B",12000,9.93
7310,"Mar-2018",36,"C",12000,14.07
7311,"Jan-2018",36,"A",10000,7.35
7312,"Jan-2018",36,"C",10000,14.08
7313,"Feb-2018",36,"A",1000,7.35
7315,"Jan-2018",36,"B",15000,10.91
7318,"Mar-2018",36,"A",5000,5.31
7320,"Mar-2018",36,"B",3000,9.92
7321,"Feb-2018",36,"A",18000,5.32
7323,"Jan-2018",36,"A",10000,7.97
7324,"Mar-2018",36,"E",15000,22.9
7327,"Feb-2018",36,"A",5000,7.97
7328,"Mar-2018",36,"A",7200,6.71
7329,"Mar-2018",36,"A",5800,7.34
7332,"Mar-2018",36,"D",7500,21.85
7333,"Mar-2018",36,"B",6000,9.92
7336,"Jan-2018",36,"D",10400,20
7337,"Mar-2018",36,"B",24000,10.9
7338,"Feb-2018",36,"C",24000,15.05
7341,"Jan-2018",36,"E",1000,25.82
7342,"Mar-2018",36,"B",35000,11.98
7343,"Feb-2018",36,"D",7200,21.45
7344,"Jan-2018",36,"B",25000,9.93
7345,"Jan-2018",36,"C",25000,16.02
7351,"Mar-2018",36,"A",3125,6.07
7353,"Jan-2018",36,"A",5000,6.72
7355,"Jan-2018",36,"B",3000,9.44
7356,"Mar-2018",36,"A",2500,6.07
7357,"Feb-2018",36,"B",30000,9.93
7360,"Jan-2018",36,"A",19000,7.35
7361,"Feb-2018",36,"C",8000,13.59
7363,"Mar-2018",36,"B",10000,11.98
7364,"Feb-2018",36,"C",20000,14.08
7366,"Jan-2018",36,"B",7800,10.91
7367,"Mar-2018",36,"B",15000,9.92
7368,"Jan-2018",36,"A",6000,7.97
7371,"Feb-2018",36,"D",20000,20
7372,"Feb-2018",36,"A",25000,6.08
7374,"Jan-2018",36,"D",6000,17.09
7375,"Feb-2018",36,"A",23550,7.97
7377,"Mar-2018",36,"A",7600,7.96
7378,"Feb-2018",36,"A",40000,6.08
7381,"Mar-2018",36,"B",5000,10.9
7383,"Jan-2018",36,"C",11500,15.05
7384,"Feb-2018",36,"B",21000,11.99
7386,"Jan-2018",36,"A",10000,7.35
7387,"Mar-2018",36,"C",9000,13.58
7388,"Mar-2018",36,"C",24000,15.04
7389,"Mar-2018",36,"B",10000,10.41
7390,"Feb-2018",36,"C",12000,16.02
7393,"Feb-2018",36,"E",7000,23.88
7394,"Jan-2018",36,"A",15500,7.35
7397,"Jan-2018",36,"A",13000,5.32
7398,"Feb-2018",36,"C",15000,13.59
7399,"Mar-2018",36,"A",5150,7.96
7401,"Jan-2018",36,"D",4000,18.06
7402,"Feb-2018",36,"B",23000,10.42
7405,"Mar-2018",36,"E",8425,22.9
7406,"Feb-2018",36,"B",15000,10.91
7407,"Mar-2018",36,"B",20000,10.41
7408,"Jan-2018",36,"A",9800,6.08
7410,"Jan-2018",36,"A",8000,6.72
7412,"Jan-2018",36,"B",7000,11.99
7414,"Mar-2018",36,"A",10000,6.71
7416,"Mar-2018",36,"A",6000,7.34
7417,"Mar-2018",36,"B",6000,11.98
7419,"Mar-2018",36,"A",14000,5.31
7421,"Mar-2018",36,"A",7000,6.07
7422,"Mar-2018",36,"B",6000,9.92
7423,"Feb-2018",36,"A",9600,7.34
7425,"Mar-2018",36,"A",31000,7.96
7426,"Jan-2018",36,"A",6500,6.08
7427,"Mar-2018",36,"B",10000,9.43
7428,"Feb-2018",36,"A",30000,7.97
7431,"Jan-2018",36,"A",10000,6.08
7432,"Feb-2018",36,"B",20000,9.44
7433,"Feb-2018",36,"B",20000,9.43
7434,"Jan-2018",36,"C",19000,16.02
7435,"Feb-2018",36,"A",11200,6.72
7438,"Mar-2018",36,"B",7000,9.92
7440,"Jan-2018",36,"B",2800,9.93
7441,"Mar-2018",36,"A",10000,6.72
7442,"Mar-2018",36,"D",16000,19.42
7443,"Jan-2018",36,"A",10000,6.72
7444,"Feb-2018",36,"D",3000,17.09
7446,"Jan-2018",36,"A",3000,6.72
7447,"Mar-2018",36,"A",12000,7.96
7448,"Mar-2018",36,"A",2500,6.71
7450,"Mar-2018",36,"E",5000,22.9
7452,"Mar-2018",36,"A",11500,6.07
7453,"Mar-2018",36,"C",20000,16.02
7454,"Mar-2018",36,"D",32000,18.45
7456,"Feb-2018",36,"B",10000,11.99
7457,"Jan-2018",36,"A",10000,6.72
7463,"Feb-2018",36,"A",4200,7.35
7465,"Mar-2018",36,"B",6000,10.41
7467,"Mar-2018",36,"A",15500,7.34
7469,"Mar-2018",36,"B",7000,9.43
7471,"Feb-2018",36,"D",5000,19.42
7473,"Jan-2018",36,"B",7000,11.99
7479,"Mar-2018",36,"C",10050,16.01
7480,"Mar-2018",36,"A",15000,7.34
7483,"Mar-2018",36,"A",4900,6.72
7484,"Jan-2018",36,"A",29000,6.08
7487,"Mar-2018",36,"A",28000,5.31
7489,"Jan-2018",36,"A",10000,7.35
7490,"Mar-2018",36,"B",5250,11.98
7492,"Feb-2018",36,"B",5000,11.99
7493,"Mar-2018",36,"D",24000,21.45
7494,"Feb-2018",36,"A",5000,7.35
7495,"Mar-2018",36,"C",4000,16.01
7496,"Feb-2018",36,"C",10000,12.62
7497,"Mar-2018",36,"D",30000,20.39
7498,"Feb-2018",36,"B",40000,10.91
7499,"Mar-2018",36,"A",2800,7.34
7500,"Mar-2018",36,"B",15600,11.98
7501,"Mar-2018",36,"B",6025,9.43
7502,"Feb-2018",36,"A",7000,6.72
7503,"Mar-2018",36,"A",14000,6.07
7504,"Mar-2018",36,"B",8000,10.91
7505,"Jan-2018",36,"B",8000,10.42
7507,"Jan-2018",36,"C",15000,15.05
7508,"Mar-2018",36,"B",10000,11.98
7509,"Mar-2018",36,"A",20000,7.34
7512,"Mar-2018",36,"A",6500,7.96
7513,"Mar-2018",36,"A",15000,7.96
7514,"Mar-2018",36,"B",16000,10.9
7515,"Mar-2018",36,"A",2400,7.96
7516,"Jan-2018",36,"C",10000,15.05
7518,"Mar-2018",36,"B",7000,11.99
7519,"Mar-2018",36,"D",10000,18.45
7520,"Mar-2018",36,"A",40000,7.96
7522,"Mar-2018",36,"A",22000,7.96
7523,"Feb-2018",36,"A",40000,5.32
7524,"Mar-2018",36,"C",10000,15.04
7527,"Mar-2018",36,"B",12000,9.43
7528,"Jan-2018",36,"D",8000,18.06
7529,"Mar-2018",36,"C",7000,13.58
7530,"Mar-2018",36,"B",10000,11.98
7532,"Jan-2018",36,"A",36000,7.35
7533,"Jan-2018",36,"A",10000,7.97
7535,"Mar-2018",36,"C",6000,14.07
7538,"Feb-2018",36,"B",5350,10.91
7539,"Mar-2018",36,"A",24000,6.71
7541,"Jan-2018",36,"A",6000,6.08
7543,"Jan-2018",36,"D",5000,18.06
7544,"Feb-2018",36,"C",10000,16.02
7545,"Jan-2018",36,"C",12000,13.59
7548,"Feb-2018",36,"B",3000,11.99
7549,"Mar-2018",36,"D",6000,17.47
7550,"Feb-2018",36,"C",7000,15.05
7551,"Jan-2018",36,"A",12000,7.97
7553,"Feb-2018",36,"B",9600,10.42
7554,"Jan-2018",36,"E",5100,23.88
7556,"Mar-2018",36,"A",6500,7.96
7557,"Feb-2018",36,"B",6000,11.99
7559,"Feb-2018",36,"D",20000,18.06
7560,"Mar-2018",36,"B",15000,9.43
7561,"Mar-2018",36,"C",25000,13.58
7562,"Mar-2018",36,"A",6000,6.07
7563,"Feb-2018",36,"C",30000,13.59
7564,"Mar-2018",36,"C",2000,12.61
7565,"Jan-2018",36,"D",14400,18.06
7570,"Mar-2018",36,"B",14800,9.92
7571,"Feb-2018",36,"B",15000,11.99
7574,"Jan-2018",36,"D",16000,17.09
7576,"Feb-2018",36,"D",15000,18.06
7578,"Feb-2018",36,"B",15000,9.92
7579,"Feb-2018",36,"B",10000,9.93
7580,"Jan-2018",36,"A",21000,7.97
7581,"Mar-2018",36,"A",8000,7.96
7582,"Jan-2018",36,"A",9600,7.35
7584,"Mar-2018",36,"B",10000,10.41
7585,"Jan-2018",36,"B",8000,9.93
7586,"Feb-2018",36,"B",13000,10.42
7587,"Jan-2018",36,"B",34650,11.99
7588,"Feb-2018",36,"B",12000,9.92
7589,"Jan-2018",36,"B",10000,9.44
7590,"Mar-2018",36,"A",16000,7.34
7592,"Mar-2018",36,"C",15000,12.61
7593,"Mar-2018",36,"D",10000,17.47
7595,"Mar-2018",36,"A",30000,5.31
7597,"Mar-2018",36,"D",17625,18.45
7599,"Mar-2018",36,"A",21000,7.34
7601,"Mar-2018",36,"A",30000,7.34
7602,"Jan-2018",36,"C",16000,15.05
7606,"Mar-2018",36,"A",10000,6.71
7608,"Jan-2018",36,"A",20000,7.97
7609,"Jan-2018",36,"C",35000,14.08
7610,"Mar-2018",36,"B",10000,9.92
7611,"Jan-2018",36,"A",15000,6.72
7612,"Jan-2018",36,"C",12000,14.08
7613,"Feb-2018",36,"C",10000,13.59
7616,"Feb-2018",36,"E",2250,26.3
7619,"Mar-2018",36,"A",10000,7.34
7621,"Mar-2018",36,"A",20000,7.34
7623,"Jan-2018",36,"C",16000,16.02
7624,"Jan-2018",36,"C",7000,16.02
7627,"Jan-2018",36,"E",4050,26.3
7628,"Jan-2018",36,"C",6000,15.05
7629,"Jan-2018",36,"B",15000,10.91
7632,"Mar-2018",36,"C",35000,16.01
7633,"Jan-2018",36,"B",10000,11.99
7635,"Mar-2018",36,"A",6000,6.07
7636,"Jan-2018",36,"A",2000,6.08
7638,"Mar-2018",36,"B",7500,10.41
7640,"Feb-2018",36,"A",16000,7.35
7641,"Mar-2018",36,"D",30000,20.39
7642,"Mar-2018",36,"A",3600,7.96
7643,"Jan-2018",36,"A",3600,6.08
7645,"Mar-2018",36,"A",15000,7.34
7646,"Jan-2018",36,"A",40000,6.72
7647,"Jan-2018",36,"C",24000,14.08
7649,"Jan-2018",36,"B",10000,9.44
7650,"Jan-2018",36,"E",20000,22.91
7653,"Jan-2018",36,"B",2500,9.93
7654,"Jan-2018",36,"B",6000,10.42
7655,"Jan-2018",36,"B",8000,9.44
7656,"Jan-2018",36,"C",6000,15.05
7657,"Mar-2018",36,"B",5000,11.98
7658,"Jan-2018",36,"B",6000,9.44
7659,"Mar-2018",36,"D",7000,18.45
7661,"Jan-2018",36,"A",5000,6.08
7662,"Mar-2018",36,"A",8900,7.96
7664,"Feb-2018",36,"A",9000,6.08
7665,"Jan-2018",36,"A",6400,6.08
7666,"Mar-2018",36,"A",10000,7.34
7667,"Feb-2018",36,"C",5000,13.59
7668,"Feb-2018",36,"A",25000,7.35
7670,"Jan-2018",36,"D",10000,17.09
7671,"Jan-2018",36,"D",15200,20
7673,"Mar-2018",36,"B",20000,9.43
7674,"Mar-2018",36,"C",2400,12.61
7675,"Jan-2018",36,"A",3000,6.08
7676,"Feb-2018",36,"D",5000,17.09
7677,"Mar-2018",36,"B",12000,10.9
7678,"Jan-2018",36,"A",10500,6.72
7681,"Mar-2018",36,"A",5600,7.34
7682,"Jan-2018",36,"C",10000,14.08
7684,"Feb-2018",36,"A",15000,7.35
7685,"Jan-2018",36,"B",8000,9.44
7686,"Feb-2018",36,"D",15000,20
7687,"Mar-2018",36,"C",19425,15.04
7688,"Feb-2018",36,"D",8000,21.45
7689,"Feb-2018",36,"B",5825,10.91
7690,"Mar-2018",36,"B",15000,10.41
7692,"Feb-2018",36,"B",10000,9.44
7693,"Mar-2018",36,"B",2000,9.92
7694,"Feb-2018",36,"B",25000,9.44
7695,"Jan-2018",36,"C",14400,13.59
7696,"Jan-2018",36,"C",12000,15.05
7697,"Feb-2018",36,"D",2000,19.42
7698,"Mar-2018",36,"B",32000,10.9
7699,"Jan-2018",36,"A",8650,6.08
7700,"Jan-2018",36,"D",22000,17.09
7701,"Feb-2018",36,"B",36000,9.44
7703,"Mar-2018",36,"A",9000,6.07
7708,"Feb-2018",36,"A",4700,6.08
7710,"Jan-2018",36,"A",30000,7.35
7712,"Mar-2018",36,"D",24000,17.47
7713,"Jan-2018",36,"D",2500,20
7715,"Mar-2018",36,"A",9775,5.31
7716,"Mar-2018",36,"C",8000,15.04
7721,"Mar-2018",36,"B",2000,10.41
7722,"Jan-2018",36,"B",3000,9.44
7723,"Feb-2018",36,"C",20000,13.59
7724,"Mar-2018",36,"B",5500,10.41
7726,"Jan-2018",36,"A",8400,7.97
7727,"Jan-2018",36,"A",5500,6.72
7728,"Jan-2018",36,"C",20000,14.08
7729,"Jan-2018",36,"C",15000,13.59
7730,"Jan-2018",36,"B",32000,10.91
7731,"Mar-2018",36,"B",8400,10.9
7732,"Feb-2018",36,"C",10000,14.08
7733,"Feb-2018",36,"C",24500,12.62
7734,"Feb-2018",36,"D",6000,20
7735,"Jan-2018",36,"A",18000,6.08
7736,"Jan-2018",36,"A",2050,6.08
7738,"Jan-2018",36,"B",3600,9.44
7739,"Mar-2018",36,"A",20000,7.96
7740,"Jan-2018",36,"B",5000,9.93
7741,"Jan-2018",36,"B",5000,11.99
7743,"Feb-2018",36,"A",15000,5.32
7747,"Feb-2018",36,"A",15000,5.32
7748,"Mar-2018",36,"B",15000,11.98
7750,"Mar-2018",36,"A",5000,5.31
7751,"Mar-2018",36,"B",20000,9.92
7753,"Mar-2018",36,"D",4200,20.39
7754,"Mar-2018",36,"B",20000,10.9
7755,"Feb-2018",36,"C",25000,14.08
7758,"Jan-2018",36,"B",35000,11.99
7759,"Jan-2018",36,"B",20000,10.91
7760,"Jan-2018",36,"A",30000,6.72
7761,"Jan-2018",36,"D",12500,19.03
7762,"Mar-2018",36,"D",28000,18.45
7765,"Feb-2018",36,"A",4500,7.97
7766,"Jan-2018",36,"A",5000,7.35
7767,"Feb-2018",36,"A",30000,7.34
7768,"Mar-2018",36,"B",10000,10.41
7769,"Mar-2018",36,"B",10000,10.41
7770,"Feb-2018",36,"B",10000,10.41
7771,"Feb-2018",36,"B",5000,10.41
7772,"Feb-2018",36,"A",24000,7.96
7775,"Mar-2018",36,"B",7600,9.43
7777,"Jan-2018",36,"B",2400,11.99
7778,"Feb-2018",36,"B",36000,9.43
7779,"Feb-2018",36,"A",36000,7.35
7781,"Mar-2018",36,"A",10000,7.34
7782,"Jan-2018",36,"D",12500,17.09
7785,"Jan-2018",36,"A",10000,7.97
7786,"Jan-2018",36,"C",3600,14.08
7788,"Mar-2018",36,"B",16000,9.43
7789,"Mar-2018",36,"B",16000,9.43
7790,"Jan-2018",36,"A",10000,7.97
7791,"Jan-2018",36,"B",10000,9.44
7792,"Mar-2018",36,"C",10000,13.58
7793,"Mar-2018",36,"C",2500,12.62
7794,"Jan-2018",36,"C",24000,12.62
7795,"Feb-2018",36,"E",6650,22.91
7797,"Feb-2018",36,"A",10000,7.96
7799,"Jan-2018",36,"A",16000,6.72
7800,"Feb-2018",36,"B",8000,10.9
7801,"Feb-2018",36,"B",4000,11.99
7803,"Feb-2018",36,"B",8000,9.44
7804,"Mar-2018",36,"A",15000,5.31
7805,"Jan-2018",36,"B",5000,11.99
7806,"Feb-2018",36,"A",3200,6.08
7807,"Jan-2018",36,"A",30000,5.32
7809,"Feb-2018",36,"C",5000,15.05
7810,"Mar-2018",36,"D",10000,20.39
7811,"Jan-2018",36,"A",5000,6.72
7812,"Feb-2018",36,"C",13000,15.05
7815,"Feb-2018",36,"B",5500,9.93
7816,"Jan-2018",36,"A",7200,6.72
7817,"Mar-2018",36,"D",10000,18.45
7819,"Jan-2018",36,"D",6000,18.06
7820,"Feb-2018",36,"A",21600,6.07
7822,"Mar-2018",36,"A",4500,7.34
7824,"Feb-2018",36,"B",8400,9.92
7825,"Feb-2018",36,"D",30000,17.09
7826,"Mar-2018",36,"A",5000,6.71
7827,"Jan-2018",36,"A",16000,7.35
7829,"Mar-2018",36,"A",12000,7.34
7831,"Jan-2018",36,"A",15000,7.35
7832,"Mar-2018",36,"B",13700,9.92
7833,"Mar-2018",36,"A",9600,6.71
7836,"Feb-2018",36,"D",25000,19.03
7837,"Feb-2018",36,"C",10000,16.02
7838,"Mar-2018",36,"B",5500,9.92
7839,"Mar-2018",36,"A",7500,7.34
7842,"Feb-2018",36,"A",7000,6.08
7843,"Mar-2018",36,"B",16000,9.92
7845,"Feb-2018",36,"C",32000,14.08
7846,"Feb-2018",36,"A",7500,6.71
7847,"Feb-2018",36,"A",4800,7.35
7849,"Feb-2018",36,"C",4000,13.58
7850,"Feb-2018",36,"A",8000,7.97
7851,"Mar-2018",36,"C",6000,13.58
7853,"Jan-2018",36,"A",8000,7.97
7854,"Mar-2018",36,"A",25000,6.07
7855,"Mar-2018",36,"B",30000,9.92
7856,"Mar-2018",36,"A",5000,5.31
7857,"Jan-2018",36,"C",15000,15.05
7861,"Mar-2018",36,"A",15000,7.34
7862,"Mar-2018",36,"A",20000,5.31
7864,"Mar-2018",36,"B",19000,9.43
7865,"Feb-2018",36,"A",8000,5.31
7866,"Mar-2018",36,"B",6500,10.41
7867,"Jan-2018",36,"D",30000,18.06
7868,"Feb-2018",36,"C",5000,14.08
7869,"Mar-2018",36,"B",12000,10.41
7870,"Mar-2018",36,"C",1200,15.04
7871,"Jan-2018",36,"A",36475,7.97
7875,"Jan-2018",36,"A",4000,6.72
7877,"Mar-2018",36,"C",35000,12.61
7878,"Mar-2018",36,"B",10000,9.92
7880,"Mar-2018",36,"A",12500,7.34
7881,"Feb-2018",36,"B",2800,9.44
7884,"Feb-2018",36,"B",40000,9.92
7885,"Jan-2018",36,"C",12600,13.59
7889,"Feb-2018",36,"D",20000,17.09
7890,"Feb-2018",36,"D",35500,21.45
7893,"Feb-2018",36,"A",18000,5.31
7895,"Jan-2018",36,"B",6025,10.42
7896,"Mar-2018",36,"A",15000,5.31
7898,"Jan-2018",36,"B",6000,10.91
7900,"Feb-2018",36,"B",10000,9.44
7901,"Jan-2018",36,"A",40000,5.32
7903,"Feb-2018",36,"A",10450,6.08
7904,"Jan-2018",36,"D",5000,17.09
7905,"Mar-2018",36,"A",12000,7.96
7906,"Jan-2018",36,"A",10000,7.97
7907,"Mar-2018",36,"B",12000,9.43
7909,"Feb-2018",36,"A",20000,5.31
7911,"Feb-2018",36,"A",40000,6.07
7913,"Feb-2018",36,"C",6400,13.59
7914,"Mar-2018",36,"A",8000,7.96
7915,"Jan-2018",36,"C",2000,14.08
7918,"Feb-2018",36,"C",4000,13.58
7919,"Jan-2018",36,"D",6500,19.03
7920,"Feb-2018",36,"A",10500,7.96
7921,"Feb-2018",36,"A",12000,7.96
7922,"Feb-2018",36,"A",2000,6.72
7925,"Jan-2018",36,"D",24000,17.09
7926,"Jan-2018",36,"B",5000,9.44
7927,"Mar-2018",36,"A",28000,7.34
7928,"Mar-2018",36,"B",19725,11.98
7929,"Jan-2018",36,"D",7000,19.03
7930,"Mar-2018",36,"B",12000,9.92
7933,"Mar-2018",36,"A",11200,7.97
7934,"Jan-2018",36,"B",1700,9.44
7935,"Jan-2018",36,"A",40000,5.32
7936,"Feb-2018",36,"C",10000,15.05
7938,"Feb-2018",36,"C",9600,12.62
7939,"Feb-2018",36,"A",28000,5.32
7940,"Feb-2018",36,"A",15000,6.72
7941,"Jan-2018",36,"A",20000,5.32
7942,"Feb-2018",36,"B",15000,11.99
7944,"Mar-2018",36,"A",10000,6.07
7947,"Feb-2018",36,"C",8400,15.05
7948,"Feb-2018",36,"C",10000,13.59
7949,"Mar-2018",36,"B",7000,11.98
7951,"Mar-2018",36,"D",5200,18.45
7954,"Feb-2018",36,"A",16000,7.35
7955,"Jan-2018",36,"B",18000,9.44
7957,"Mar-2018",36,"C",5000,14.07
7959,"Feb-2018",36,"D",30000,19.03
7961,"Jan-2018",36,"E",1000,22.91
7962,"Jan-2018",36,"A",25000,7.35
7963,"Mar-2018",36,"D",3000,18.45
7964,"Jan-2018",36,"C",20000,15.05
7966,"Mar-2018",36,"B",2500,10.9
7967,"Feb-2018",36,"A",10000,6.08
7968,"Mar-2018",36,"B",12000,10.9
7970,"Jan-2018",36,"A",8000,6.72
7972,"Mar-2018",36,"C",25000,13.58
7973,"Mar-2018",36,"C",8000,15.04
7975,"Mar-2018",36,"D",9000,17.47
7978,"Feb-2018",36,"D",28000,20.39
7980,"Feb-2018",36,"B",16000,9.93
7981,"Jan-2018",36,"C",6000,15.05
7982,"Mar-2018",36,"D",12500,18.45
7985,"Mar-2018",36,"C",10000,14.07
7986,"Mar-2018",36,"C",35000,14.07
7987,"Jan-2018",36,"A",9000,7.97
7989,"Jan-2018",36,"C",13500,15.05
7991,"Feb-2018",36,"C",20000,12.62
7994,"Feb-2018",36,"B",25000,11.98
7996,"Feb-2018",36,"A",40000,6.08
7997,"Feb-2018",36,"B",20000,10.41
7998,"Jan-2018",36,"C",7500,13.59
8000,"Jan-2018",36,"A",35000,7.35
8001,"Mar-2018",36,"B",12000,10.9
8005,"Jan-2018",36,"B",2500,9.93
8006,"Mar-2018",36,"C",20000,13.58
8009,"Mar-2018",36,"B",30000,9.43
8011,"Jan-2018",36,"B",14000,9.93
8014,"Mar-2018",36,"A",25000,7.34
8016,"Mar-2018",36,"A",10000,5.31
8017,"Jan-2018",36,"C",21000,12.62
8019,"Jan-2018",36,"B",40000,10.91
8020,"Jan-2018",36,"C",16800,12.62
8021,"Mar-2018",36,"A",7000,5.31
8023,"Mar-2018",36,"A",14400,7.96
8024,"Feb-2018",36,"C",30000,14.07
8025,"Feb-2018",36,"C",8000,14.08
8026,"Feb-2018",36,"B",5000,9.44
8027,"Feb-2018",36,"C",10000,13.59
8028,"Feb-2018",36,"E",5000,22.91
8029,"Jan-2018",36,"A",4000,6.08
8030,"Jan-2018",36,"A",15000,6.72
8032,"Jan-2018",36,"D",10000,18.06
8033,"Mar-2018",36,"C",19000,14.07
8035,"Jan-2018",36,"A",40000,5.32
8036,"Mar-2018",36,"B",10000,10.41
8039,"Feb-2018",36,"A",18000,5.32
8040,"Mar-2018",36,"A",40000,5.31
8041,"Mar-2018",36,"C",16000,16.01
8042,"Jan-2018",36,"B",10000,11.99
8043,"Mar-2018",36,"B",25000,9.92
8044,"Mar-2018",36,"B",14000,11.98
8047,"Mar-2018",36,"A",12000,7.34
8048,"Mar-2018",36,"A",6000,6.71
8052,"Feb-2018",36,"A",7500,7.97
8053,"Feb-2018",36,"B",6000,10.91
8054,"Jan-2018",36,"B",10000,10.91
8055,"Jan-2018",36,"B",7500,9.44
8056,"Mar-2018",36,"E",25000,23.87
8057,"Mar-2018",36,"D",6600,18.45
8058,"Mar-2018",36,"B",15500,10.41
8060,"Mar-2018",36,"C",2000,13.58
8061,"Mar-2018",36,"B",4000,9.92
8062,"Feb-2018",36,"C",5000,16.02
8064,"Feb-2018",36,"B",6000,10.91
8065,"Jan-2018",36,"C",15000,13.59
8067,"Jan-2018",36,"C",24000,14.08
8069,"Mar-2018",36,"C",15600,14.07
8070,"Feb-2018",36,"B",15000,10.91
8071,"Jan-2018",36,"B",10000,10.91
8073,"Jan-2018",36,"B",6000,9.93
8075,"Feb-2018",36,"B",30000,10.42
8077,"Feb-2018",36,"A",4000,5.32
8081,"Jan-2018",36,"C",18000,15.05
8082,"Mar-2018",36,"B",7000,9.43
8086,"Mar-2018",36,"B",7000,9.92
8087,"Mar-2018",36,"B",4200,9.92
8088,"Feb-2018",36,"B",4800,11.99
8089,"Feb-2018",36,"B",16000,9.44
8090,"Mar-2018",36,"B",15000,9.43
8091,"Jan-2018",36,"A",1500,7.35
8094,"Feb-2018",36,"B",35000,9.44
8095,"Mar-2018",36,"B",15000,9.92
8097,"Jan-2018",36,"C",20000,14.08
8098,"Feb-2018",36,"B",17400,10.41
8100,"Jan-2018",36,"C",25000,13.59
8101,"Feb-2018",36,"D",8425,17.09
8102,"Mar-2018",36,"A",4000,6.07
8103,"Mar-2018",36,"B",28000,9.43
8104,"Jan-2018",36,"A",15850,6.08
8105,"Feb-2018",36,"A",4200,7.97
8109,"Mar-2018",36,"A",12500,7.96
8110,"Feb-2018",36,"C",15000,15.05
8111,"Mar-2018",36,"B",5000,9.43
8113,"Jan-2018",36,"D",2000,17.09
8115,"Jan-2018",36,"B",22500,10.42
8117,"Mar-2018",36,"C",16000,15.04
8120,"Jan-2018",36,"E",7100,22.91
8121,"Feb-2018",36,"A",12000,6.08
8122,"Mar-2018",36,"C",35000,16.01
8124,"Mar-2018",36,"B",6000,11.98
8125,"Mar-2018",36,"A",5000,7.34
8126,"Feb-2018",36,"C",5600,16.02
8129,"Mar-2018",36,"B",20000,10.41
8130,"Feb-2018",36,"C",35000,12.62
8132,"Mar-2018",36,"B",2500,10.9
8133,"Jan-2018",36,"A",10000,7.35
8134,"Feb-2018",36,"A",15000,5.32
8136,"Mar-2018",36,"A",6000,5.31
8138,"Mar-2018",36,"B",5000,9.92
8139,"Mar-2018",36,"A",10000,6.71
8140,"Feb-2018",36,"B",4500,9.43
8143,"Jan-2018",36,"A",10000,6.72
8144,"Mar-2018",36,"B",19000,10.9
8145,"Feb-2018",36,"A",7500,7.97
8146,"Feb-2018",36,"C",4800,13.59
8147,"Mar-2018",36,"B",18000,11.98
8148,"Mar-2018",36,"C",8000,12.61
8149,"Jan-2018",36,"A",15000,7.97
8151,"Feb-2018",36,"B",40000,10.91
8152,"Jan-2018",36,"C",10000,12.62
8153,"Jan-2018",36,"C",7200,14.08
8154,"Jan-2018",36,"A",30000,6.08
8155,"Mar-2018",36,"C",9500,12.61
8159,"Feb-2018",36,"A",35000,7.35
8160,"Jan-2018",36,"C",6000,12.62
8162,"Jan-2018",36,"C",12000,16.02
8163,"Jan-2018",36,"C",10800,15.05
8165,"Jan-2018",36,"A",14000,6.72
8167,"Mar-2018",36,"C",13000,13.58
8168,"Mar-2018",36,"B",8000,11.98
8169,"Feb-2018",36,"A",40000,5.32
8174,"Jan-2018",36,"B",40000,10.91
8175,"Feb-2018",36,"E",10000,24.85
8176,"Mar-2018",36,"B",5000,11.98
8178,"Feb-2018",36,"A",8500,7.97
8181,"Jan-2018",36,"D",9000,19.03
8182,"Jan-2018",36,"A",10000,6.72
8185,"Feb-2018",36,"C",5000,15.05
8187,"Feb-2018",36,"B",10000,10.42
8188,"Mar-2018",36,"B",20000,11.98
8189,"Jan-2018",36,"B",6500,10.42
8191,"Mar-2018",36,"B",12000,9.92
8192,"Feb-2018",36,"E",15200,24.85
8193,"Jan-2018",36,"C",8000,12.62
8194,"Mar-2018",36,"C",22000,14.07
8195,"Mar-2018",36,"D",8000,18.45
8197,"Mar-2018",36,"A",7000,6.07
8198,"Mar-2018",36,"A",10000,6.71
8199,"Feb-2018",36,"C",12000,13.59
8200,"Mar-2018",36,"A",4400,7.34
8201,"Feb-2018",36,"A",7000,6.72
8202,"Mar-2018",36,"A",25000,5.31
8203,"Feb-2018",36,"B",40000,9.44
8204,"Jan-2018",36,"B",24000,10.91
8205,"Mar-2018",36,"B",35000,10.41
8207,"Mar-2018",36,"B",5500,9.93
8208,"Feb-2018",36,"C",8600,14.08
8209,"Feb-2018",36,"B",18000,9.93
8211,"Mar-2018",36,"D",28225,20.39
8213,"Jan-2018",36,"B",4200,11.99
8214,"Jan-2018",36,"A",12950,7.35
8218,"Mar-2018",36,"D",10000,18.45
8219,"Feb-2018",36,"B",22000,11.99
8221,"Mar-2018",36,"B",6500,10.41
8222,"Feb-2018",36,"E",6000,25.82
8224,"Mar-2018",36,"B",7300,9.43
8225,"Feb-2018",36,"C",20000,12.62
8226,"Jan-2018",36,"D",6000,21.45
8227,"Jan-2018",36,"B",40000,11.99
8232,"Feb-2018",36,"C",15000,15.05
8233,"Mar-2018",36,"B",40000,10.9
8234,"Jan-2018",36,"A",6000,7.35
8236,"Jan-2018",36,"A",3600,7.35
8238,"Feb-2018",36,"B",5000,11.99
8240,"Feb-2018",36,"A",10000,7.97
8242,"Mar-2018",36,"A",40000,5.32
8243,"Mar-2018",36,"B",12000,9.43
8244,"Mar-2018",36,"B",1000,10.41
8245,"Mar-2018",36,"C",14000,12.61
8246,"Feb-2018",36,"A",10000,7.34
8251,"Feb-2018",36,"D",7500,20
8252,"Feb-2018",36,"D",30000,18.06
8253,"Feb-2018",36,"C",4800,12.61
8256,"Feb-2018",36,"C",10000,13.59
8257,"Feb-2018",36,"B",35000,10.42
8258,"Feb-2018",36,"B",25000,10.42
8259,"Mar-2018",36,"B",40000,9.92
8260,"Mar-2018",36,"B",20000,11.98
8261,"Mar-2018",36,"A",7900,6.71
8264,"Jan-2018",36,"C",6500,13.59
8265,"Feb-2018",36,"C",8000,15.05
8266,"Jan-2018",36,"C",9600,13.59
8267,"Jan-2018",36,"A",10000,5.32
8268,"Mar-2018",36,"E",8000,24.84
8270,"Jan-2018",36,"C",22800,12.62
8272,"Mar-2018",36,"A",12000,6.07
8276,"Mar-2018",36,"A",5000,7.34
8278,"Mar-2018",36,"B",10000,10.9
8279,"Feb-2018",36,"A",32000,7.35
8280,"Jan-2018",36,"C",3000,13.59
8281,"Jan-2018",36,"A",9000,6.08
8282,"Jan-2018",36,"A",12500,5.32
8284,"Jan-2018",36,"B",10000,9.93
8285,"Mar-2018",36,"D",11000,20.39
8286,"Mar-2018",36,"D",13000,17.47
8288,"Mar-2018",36,"B",21650,11.98
8289,"Jan-2018",36,"C",12000,12.62
8293,"Jan-2018",36,"B",5000,10.42
8294,"Jan-2018",36,"C",7000,14.08
8295,"Mar-2018",36,"B",3500,10.41
8296,"Mar-2018",36,"C",4800,12.61
8299,"Feb-2018",36,"C",10000,13.58
8300,"Mar-2018",36,"C",18000,12.61
8302,"Feb-2018",36,"C",4700,14.08
8304,"Mar-2018",36,"C",7500,16.01
8307,"Mar-2018",36,"B",8000,9.43
8309,"Jan-2018",36,"C",10000,14.08
8310,"Feb-2018",36,"B",10000,10.91
8313,"Feb-2018",36,"B",25200,10.91
8314,"Feb-2018",36,"B",10000,9.92
8315,"Feb-2018",36,"A",5000,7.34
8318,"Jan-2018",36,"A",12000,7.97
8319,"Feb-2018",36,"C",18000,12.62
8320,"Jan-2018",36,"B",6000,9.93
8321,"Mar-2018",36,"A",20000,5.31
8322,"Jan-2018",36,"B",12000,10.42
8323,"Feb-2018",36,"B",8500,10.91
8324,"Feb-2018",36,"B",4500,10.42
8325,"Jan-2018",36,"B",40000,10.91
8327,"Mar-2018",36,"B",4200,9.92
8328,"Mar-2018",36,"B",32925,9.92
8329,"Feb-2018",36,"D",12000,20
8330,"Mar-2018",36,"D",1500,19.42
8331,"Mar-2018",36,"A",6000,6.71
8333,"Jan-2018",36,"C",12500,14.08
8334,"Feb-2018",36,"A",23100,6.72
8335,"Jan-2018",36,"A",35000,6.08
8336,"Mar-2018",36,"B",30000,11.98
8338,"Jan-2018",36,"D",11700,19.03
8339,"Mar-2018",36,"A",4000,6.71
8341,"Jan-2018",36,"B",15000,9.44
8342,"Mar-2018",36,"C",18000,14.07
8343,"Mar-2018",36,"D",1500,18.45
8344,"Feb-2018",36,"B",10000,9.93
8346,"Mar-2018",36,"B",8000,11.98
8347,"Feb-2018",36,"A",30000,7.97
8349,"Feb-2018",36,"C",12000,16.01
8350,"Mar-2018",36,"C",35000,15.04
8352,"Mar-2018",36,"C",5000,14.07
8353,"Feb-2018",36,"B",1700,10.91
8354,"Mar-2018",36,"B",10000,10.41
8356,"Feb-2018",36,"A",12000,6.71
8357,"Jan-2018",36,"B",15600,11.99
8359,"Mar-2018",36,"B",4200,10.9
8361,"Mar-2018",36,"C",10000,13.58
8362,"Jan-2018",36,"C",6425,15.05
8363,"Mar-2018",36,"A",10000,7.34
8364,"Feb-2018",36,"B",20000,9.93
8365,"Feb-2018",36,"C",6400,15.05
8366,"Jan-2018",36,"A",35000,6.72
8368,"Jan-2018",36,"C",10000,13.59
8370,"Jan-2018",36,"D",21000,17.09
8371,"Jan-2018",36,"B",40000,10.42
8375,"Jan-2018",36,"A",40000,5.32
8376,"Feb-2018",36,"C",4200,12.62
8377,"Mar-2018",36,"D",10000,17.47
8378,"Mar-2018",36,"D",15000,19.42
8380,"Mar-2018",36,"B",4800,11.98
8381,"Jan-2018",36,"A",20000,6.72
8383,"Feb-2018",36,"C",3200,13.59
8384,"Feb-2018",36,"A",12000,6.72
8385,"Feb-2018",36,"B",10000,9.44
8386,"Mar-2018",36,"B",10000,11.98
8387,"Feb-2018",36,"B",5000,11.99
8388,"Jan-2018",36,"A",5000,7.35
8390,"Mar-2018",36,"A",16000,7.96
8391,"Mar-2018",36,"D",4000,20.39
8393,"Feb-2018",36,"A",20000,6.72
8394,"Feb-2018",36,"D",30000,20
8395,"Mar-2018",36,"B",6000,9.92
8396,"Feb-2018",36,"C",16100,16.02
8399,"Mar-2018",36,"C",35000,16.01
8400,"Jan-2018",36,"C",10000,13.59
8401,"Mar-2018",36,"B",40000,9.43
8402,"Feb-2018",36,"A",9000,5.31
8404,"Jan-2018",36,"A",29000,5.32
8406,"Jan-2018",36,"C",20000,12.62
8407,"Mar-2018",36,"D",15000,18.45
8409,"Feb-2018",36,"A",3000,6.08
8410,"Feb-2018",36,"B",20000,9.93
8412,"Mar-2018",36,"B",20000,9.92
8414,"Jan-2018",36,"C",19000,15.05
8416,"Mar-2018",36,"C",25000,13.58
8417,"Mar-2018",36,"B",3800,10.9
8418,"Feb-2018",36,"A",19000,6.72
8420,"Mar-2018",36,"C",6000,12.61
8421,"Mar-2018",36,"D",10400,18.45
8422,"Jan-2018",36,"A",10000,7.97
8423,"Jan-2018",36,"D",4000,20
8425,"Jan-2018",36,"A",12000,6.72
8426,"Jan-2018",36,"C",15000,14.08
8427,"Jan-2018",36,"B",15000,9.44
8428,"Jan-2018",36,"C",10000,16.02
8429,"Jan-2018",36,"C",11000,13.59
8430,"Mar-2018",36,"B",1800,10.9
8431,"Jan-2018",36,"D",1000,19.03
8432,"Jan-2018",36,"B",21000,10.91
8433,"Jan-2018",36,"C",8000,12.62
8435,"Jan-2018",36,"B",8000,11.99
8437,"Mar-2018",36,"A",40000,7.96
8440,"Mar-2018",36,"A",5000,7.34
8441,"Jan-2018",36,"B",1200,9.93
8445,"Feb-2018",36,"D",10000,20
8447,"Feb-2018",36,"A",19000,7.97
8449,"Feb-2018",36,"A",13500,6.07
8451,"Mar-2018",36,"B",9600,10.9
8452,"Jan-2018",36,"A",10000,6.08
8453,"Mar-2018",36,"B",24000,11.98
8454,"Jan-2018",36,"C",14200,16.02
8456,"Feb-2018",36,"A",7000,7.35
8457,"Feb-2018",36,"B",10000,10.42
8459,"Feb-2018",36,"B",12000,9.44
8460,"Jan-2018",36,"C",7000,12.62
8461,"Mar-2018",36,"A",7000,5.31
8465,"Jan-2018",36,"C",35000,14.08
8466,"Feb-2018",36,"C",27900,16.02
8467,"Feb-2018",36,"A",3600,6.08
8468,"Feb-2018",36,"D",16000,19.03
8469,"Mar-2018",36,"A",4800,6.07
8470,"Feb-2018",36,"A",4000,7.97
8471,"Feb-2018",36,"A",7825,5.31
8473,"Feb-2018",36,"C",8000,12.62
8474,"Feb-2018",36,"C",12000,16.02
8475,"Feb-2018",36,"B",40000,9.44
8477,"Jan-2018",36,"A",10000,5.32
8478,"Mar-2018",36,"A",20000,7.34
8479,"Feb-2018",36,"B",12000,10.9
8482,"Mar-2018",36,"D",16000,19.42
8483,"Mar-2018",36,"C",35000,14.07
8485,"Jan-2018",36,"A",12500,7.97
8487,"Feb-2018",36,"D",1000,18.06
8488,"Feb-2018",36,"B",30000,10.91
8490,"Jan-2018",36,"C",5000,13.59
8491,"Jan-2018",36,"A",3000,7.97
8492,"Mar-2018",36,"C",10000,15.04
8498,"Mar-2018",36,"C",4800,14.07
8499,"Feb-2018",36,"D",30000,17.09
8502,"Mar-2018",36,"B",39275,10.9
8505,"Jan-2018",36,"B",6000,9.44
8507,"Jan-2018",36,"C",25000,15.05
8508,"Feb-2018",36,"A",7000,7.35
8510,"Mar-2018",36,"C",35000,12.61
8511,"Mar-2018",36,"B",10000,9.92
8513,"Mar-2018",36,"B",5000,9.43
8514,"Jan-2018",36,"C",32000,16.02
8516,"Mar-2018",36,"B",3000,9.43
8517,"Mar-2018",36,"B",10400,10.9
8518,"Mar-2018",36,"E",7000,23.87
8519,"Feb-2018",36,"B",24000,10.42
8520,"Feb-2018",36,"D",9600,17.09
8521,"Mar-2018",36,"A",20000,6.07
8522,"Mar-2018",36,"B",18000,9.43
8525,"Mar-2018",36,"B",17500,11.98
8526,"Jan-2018",36,"A",35000,5.32
8531,"Mar-2018",36,"D",3600,19.42
8532,"Feb-2018",36,"A",6000,6.71
8533,"Mar-2018",36,"A",9000,5.31
8535,"Jan-2018",36,"B",6400,9.44
8537,"Jan-2018",36,"A",17000,6.72
8538,"Mar-2018",36,"C",8000,13.58
8539,"Jan-2018",36,"B",12000,9.93
8542,"Mar-2018",36,"A",17500,6.71
8543,"Mar-2018",36,"B",25000,9.43
8544,"Mar-2018",36,"B",40000,10.41
8546,"Jan-2018",36,"A",10000,6.72
8547,"Mar-2018",36,"C",4000,12.61
8548,"Mar-2018",36,"C",3700,15.04
8549,"Mar-2018",36,"B",5000,9.92
8551,"Jan-2018",36,"A",40000,5.32
8552,"Mar-2018",36,"B",10000,9.92
8553,"Mar-2018",36,"A",10000,5.31
8554,"Feb-2018",36,"A",24000,6.07
8556,"Jan-2018",36,"D",9000,18.06
8557,"Jan-2018",36,"D",18000,20
8559,"Mar-2018",36,"A",25000,7.34
8561,"Feb-2018",36,"A",11200,6.72
8562,"Feb-2018",36,"A",5000,5.31
8564,"Jan-2018",36,"B",17000,11.99
8565,"Jan-2018",36,"A",7500,7.97
8566,"Jan-2018",36,"D",4075,20
8567,"Feb-2018",36,"B",15000,10.42
8568,"Mar-2018",36,"B",1200,10.41
8569,"Mar-2018",36,"A",22000,7.96
8570,"Feb-2018",36,"B",40000,11.98
8571,"Feb-2018",36,"B",40000,9.93
8572,"Jan-2018",36,"C",3000,13.59
8573,"Mar-2018",36,"A",17000,6.07
8574,"Mar-2018",36,"A",7200,7.96
8576,"Mar-2018",36,"A",35000,7.96
8577,"Jan-2018",36,"A",3500,7.35
8578,"Mar-2018",36,"B",15000,9.43
8579,"Jan-2018",36,"B",1000,10.91
8580,"Jan-2018",36,"B",33000,10.42
8581,"Jan-2018",36,"C",8400,13.59
8582,"Feb-2018",36,"C",20000,13.58
8583,"Jan-2018",36,"A",35000,6.08
8584,"Jan-2018",36,"A",9975,6.08
8585,"Jan-2018",36,"A",13000,7.97
8587,"Feb-2018",36,"C",10000,14.08
8589,"Mar-2018",36,"D",15000,18.45
8590,"Mar-2018",36,"C",12000,16.01
8592,"Jan-2018",36,"C",4800,13.59
8593,"Jan-2018",36,"B",15000,9.93
8597,"Jan-2018",36,"B",20000,9.93
8598,"Jan-2018",36,"C",5000,13.59
8599,"Jan-2018",36,"C",15000,16.02
8600,"Jan-2018",36,"A",40000,6.08
8601,"Mar-2018",36,"C",20000,15.05
8602,"Feb-2018",36,"B",15200,9.43
8604,"Jan-2018",36,"B",4800,11.99
8605,"Jan-2018",36,"B",7500,9.93
8608,"Feb-2018",36,"A",8400,7.34
8609,"Feb-2018",36,"C",35000,13.59
8611,"Mar-2018",36,"B",17600,9.43
8613,"Jan-2018",36,"B",1800,10.42
8614,"Feb-2018",36,"C",10000,12.62
8615,"Feb-2018",36,"A",5000,6.71
8616,"Feb-2018",36,"A",10000,7.96
8617,"Mar-2018",36,"A",6000,7.34
8619,"Mar-2018",36,"B",21000,10.9
8620,"Mar-2018",36,"B",9000,10.9
8621,"Jan-2018",36,"A",10000,6.08
8622,"Jan-2018",36,"A",15000,5.32
8623,"Jan-2018",36,"A",2500,6.72
8625,"Feb-2018",36,"C",6000,14.08
8626,"Jan-2018",36,"B",9000,11.99
8627,"Jan-2018",36,"B",37000,9.44
8628,"Mar-2018",36,"D",6000,17.47
8629,"Feb-2018",36,"D",15000,17.09
8630,"Jan-2018",36,"C",6000,14.08
8631,"Mar-2018",36,"D",4800,18.45
8632,"Feb-2018",36,"C",32000,13.58
8633,"Feb-2018",36,"D",13500,19.03
8634,"Jan-2018",36,"A",10500,5.32
8637,"Jan-2018",36,"B",3000,11.99
8638,"Mar-2018",36,"B",18000,10.9
8639,"Jan-2018",36,"A",1375,7.97
8640,"Feb-2018",36,"B",5000,11.98
8641,"Jan-2018",36,"D",1000,17.09
8642,"Feb-2018",36,"A",30000,6.08
8643,"Jan-2018",36,"B",5000,9.93
8645,"Feb-2018",36,"A",5000,7.34
8647,"Feb-2018",36,"E",5000,22.91
8648,"Mar-2018",36,"C",28000,16.01
8649,"Mar-2018",36,"A",15250,6.71
8650,"Jan-2018",36,"B",29450,10.91
8651,"Mar-2018",36,"D",6800,17.47
8652,"Jan-2018",36,"E",4375,26.3
8653,"Feb-2018",36,"A",6000,7.97
8654,"Jan-2018",36,"A",20000,7.35
8655,"Mar-2018",36,"B",15000,9.43
8658,"Feb-2018",36,"C",30550,14.08
8659,"Mar-2018",36,"C",6000,15.04
8661,"Mar-2018",36,"B",15000,9.43
8662,"Jan-2018",36,"B",8000,10.91
8663,"Jan-2018",36,"A",21000,6.08
8664,"Jan-2018",36,"A",14000,7.97
8665,"Mar-2018",36,"A",6000,7.34
8667,"Jan-2018",36,"B",10500,10.42
8671,"Feb-2018",36,"A",7500,7.97
8672,"Jan-2018",36,"A",11000,6.08
8673,"Jan-2018",36,"A",17000,5.32
8674,"Jan-2018",36,"C",30000,15.05
8675,"Jan-2018",36,"D",4800,17.09
8678,"Jan-2018",36,"A",18000,5.32
8679,"Jan-2018",36,"A",35000,6.08
8680,"Jan-2018",36,"B",15000,9.93
8681,"Feb-2018",36,"C",9600,14.08
8682,"Feb-2018",36,"B",25000,11.99
8683,"Mar-2018",36,"A",8000,7.96
8684,"Feb-2018",36,"B",24350,9.93
8685,"Feb-2018",36,"B",14000,11.99
8686,"Mar-2018",36,"B",30000,10.9
8687,"Feb-2018",36,"B",5000,9.93
8688,"Feb-2018",36,"A",8000,6.72
8691,"Mar-2018",36,"B",8500,9.92
8693,"Jan-2018",36,"D",1800,19.03
8695,"Jan-2018",36,"D",7775,21.45
8696,"Mar-2018",36,"B",9600,10.9
8699,"Feb-2018",36,"B",20000,11.98
8704,"Jan-2018",36,"C",5000,13.59
8705,"Mar-2018",36,"B",4800,9.43
8707,"Jan-2018",36,"C",5000,16.02
8709,"Feb-2018",36,"B",20000,10.42
8710,"Feb-2018",36,"B",10000,10.41
8713,"Feb-2018",36,"C",20000,16.02
8714,"Jan-2018",36,"A",11000,7.35
8717,"Mar-2018",36,"A",8000,6.71
8719,"Feb-2018",36,"B",7500,10.42
8720,"Jan-2018",36,"A",10000,6.08
8721,"Mar-2018",36,"B",16000,10.9
8722,"Jan-2018",36,"B",15000,9.93
8724,"Feb-2018",36,"B",9000,10.9
8725,"Mar-2018",36,"B",10000,10.9
8726,"Jan-2018",36,"B",2000,9.93
8727,"Jan-2018",36,"A",18000,7.97
8728,"Feb-2018",36,"A",7000,6.07
8729,"Jan-2018",36,"B",20000,10.91
8730,"Jan-2018",36,"B",10000,9.44
8733,"Feb-2018",36,"A",18000,7.97
8734,"Jan-2018",36,"D",30000,20
8735,"Feb-2018",36,"C",33600,12.62
8736,"Mar-2018",36,"A",6500,6.71
8737,"Jan-2018",36,"B",3000,11.99
8738,"Jan-2018",36,"D",28000,17.09
8739,"Mar-2018",36,"C",35000,15.04
8741,"Mar-2018",36,"A",5000,6.07
8742,"Jan-2018",36,"D",14350,21.45
8743,"Jan-2018",36,"D",4800,20
8744,"Mar-2018",36,"B",10050,11.99
8746,"Feb-2018",36,"D",10000,18.06
8747,"Feb-2018",36,"A",12000,7.35
8749,"Feb-2018",36,"A",4000,6.08
8751,"Feb-2018",36,"C",15000,15.05
8752,"Mar-2018",36,"B",9000,11.98
8753,"Feb-2018",36,"C",29975,15.05
8755,"Feb-2018",36,"B",6000,10.91
8756,"Mar-2018",36,"A",40000,7.96
8758,"Feb-2018",36,"A",7000,5.32
8759,"Jan-2018",36,"B",5000,11.99
8760,"Mar-2018",36,"D",12000,19.42
8761,"Mar-2018",36,"A",14500,6.71
8762,"Mar-2018",36,"A",20000,7.34
8763,"Feb-2018",36,"A",15000,6.08
8765,"Jan-2018",36,"A",10000,6.72
8766,"Feb-2018",36,"C",35000,14.07
8768,"Jan-2018",36,"A",5000,6.72
8769,"Feb-2018",36,"C",8000,13.58
8771,"Mar-2018",36,"B",13000,10.41
8772,"Mar-2018",36,"A",7000,7.96
8774,"Jan-2018",36,"B",6000,11.99
8775,"Jan-2018",36,"A",8000,7.35
8777,"Feb-2018",36,"A",20000,6.08
8778,"Mar-2018",36,"C",12000,12.61
8784,"Jan-2018",36,"C",5000,12.62
8786,"Jan-2018",36,"B",8000,11.99
8787,"Jan-2018",36,"C",12250,14.08
8788,"Feb-2018",36,"A",40000,5.32
8790,"Mar-2018",36,"B",6000,10.9
8792,"Mar-2018",36,"D",4000,18.45
8793,"Feb-2018",36,"D",3000,18.06
8794,"Feb-2018",36,"A",10000,6.72
8796,"Mar-2018",36,"B",20000,9.92
8797,"Feb-2018",36,"B",16000,10.42
8800,"Jan-2018",36,"C",9600,14.08
8801,"Mar-2018",36,"A",18000,5.31
8802,"Feb-2018",36,"C",35000,15.05
8805,"Mar-2018",36,"A",10000,7.96
8806,"Mar-2018",36,"A",10000,7.96
8808,"Mar-2018",36,"C",35000,13.58
8809,"Mar-2018",36,"A",5000,7.34
8810,"Mar-2018",36,"A",15000,5.31
8811,"Mar-2018",36,"A",4000,6.71
8812,"Mar-2018",36,"A",20000,5.31
8813,"Jan-2018",36,"B",20000,11.99
8814,"Jan-2018",36,"A",10000,6.72
8815,"Feb-2018",36,"B",30000,11.99
8816,"Jan-2018",36,"A",5000,5.32
8818,"Jan-2018",36,"B",4200,10.42
8820,"Jan-2018",36,"A",10000,6.72
8823,"Mar-2018",36,"D",10000,17.09
8825,"Mar-2018",36,"D",30000,19.42
8826,"Jan-2018",36,"B",10000,10.91
8828,"Jan-2018",36,"A",10000,6.72
8829,"Jan-2018",36,"B",10000,10.42
8832,"Mar-2018",36,"B",24000,11.98
8833,"Mar-2018",36,"C",12000,13.58
8835,"Jan-2018",36,"C",8000,16.02
8836,"Jan-2018",36,"A",4000,5.32
8837,"Mar-2018",36,"B",3000,11.98
8838,"Feb-2018",36,"C",10000,13.59
8839,"Feb-2018",36,"C",9600,14.08
8840,"Jan-2018",36,"B",6000,9.44
8841,"Feb-2018",36,"B",16000,10.41
8842,"Mar-2018",36,"B",10500,9.92
8845,"Feb-2018",36,"C",4000,12.61
8848,"Mar-2018",36,"D",15000,19.42
8849,"Jan-2018",36,"B",5000,10.42
8852,"Mar-2018",36,"A",36000,6.08
8853,"Mar-2018",36,"C",8600,13.58
8856,"Mar-2018",36,"B",6500,10.9
8857,"Feb-2018",36,"C",27000,14.08
8858,"Mar-2018",36,"A",25000,6.07
8859,"Feb-2018",36,"B",30000,10.91
8860,"Feb-2018",36,"B",24000,9.44
8862,"Mar-2018",36,"A",10000,6.07
8863,"Jan-2018",36,"B",9000,11.99
8864,"Feb-2018",36,"B",32000,9.43
8866,"Feb-2018",36,"C",9500,14.08
8867,"Jan-2018",36,"B",25000,9.44
8868,"Feb-2018",36,"D",8000,17.09
8870,"Jan-2018",36,"D",8400,17.09
8871,"Feb-2018",36,"C",10000,14.08
8872,"Mar-2018",36,"C",25000,13.58
8873,"Feb-2018",36,"A",4000,5.32
8874,"Feb-2018",36,"C",10000,12.62
8875,"Jan-2018",36,"B",12000,9.44
8877,"Mar-2018",36,"B",8000,10.9
8878,"Feb-2018",36,"C",30000,14.08
8879,"Feb-2018",36,"A",6400,7.97
8882,"Jan-2018",36,"A",10000,6.72
8884,"Mar-2018",36,"A",20000,6.07
8885,"Feb-2018",36,"A",38400,6.72
8886,"Jan-2018",36,"A",16000,5.32
8887,"Mar-2018",36,"A",5000,7.96
8888,"Mar-2018",36,"D",15000,20.39
8889,"Jan-2018",36,"B",4500,9.93
8891,"Jan-2018",36,"E",35000,23.88
8892,"Mar-2018",36,"D",5475,20.39
8893,"Mar-2018",36,"C",6000,12.61
8894,"Jan-2018",36,"C",14400,14.08
8895,"Mar-2018",36,"B",20000,10.41
8896,"Jan-2018",36,"D",10000,19.03
8897,"Feb-2018",36,"A",10000,6.08
8898,"Jan-2018",36,"B",10000,10.91
8899,"Jan-2018",36,"A",12000,7.35
8900,"Mar-2018",36,"A",10000,6.71
8901,"Jan-2018",36,"B",10000,10.91
8902,"Mar-2018",36,"C",7200,15.04
8903,"Mar-2018",36,"C",9200,12.61
8904,"Jan-2018",36,"A",40000,7.35
8905,"Feb-2018",36,"B",15000,11.98
8906,"Mar-2018",36,"C",18000,14.07
8907,"Mar-2018",36,"A",3800,5.31
8908,"Mar-2018",36,"C",35000,12.61
8909,"Feb-2018",36,"D",3725,20
8910,"Mar-2018",36,"B",10000,10.9
8913,"Jan-2018",36,"A",16000,6.08
8914,"Mar-2018",36,"A",5000,7.96
8915,"Jan-2018",36,"D",35000,17.09
8916,"Mar-2018",36,"B",6000,10.41
8917,"Mar-2018",36,"B",15000,10.9
8919,"Mar-2018",36,"B",10000,11.98
8921,"Jan-2018",36,"C",3200,12.62
8922,"Mar-2018",36,"D",19200,18.06
8923,"Mar-2018",36,"A",12800,6.71
8924,"Jan-2018",36,"D",10200,17.09
8926,"Jan-2018",36,"B",9000,10.42
8927,"Jan-2018",36,"D",30000,18.06
8928,"Feb-2018",36,"A",15000,7.35
8929,"Feb-2018",36,"C",20500,12.62
8932,"Jan-2018",36,"B",30000,11.99
8933,"Jan-2018",36,"A",5000,7.97
8934,"Mar-2018",36,"C",3600,16.01
8935,"Feb-2018",36,"B",40000,9.44
8936,"Jan-2018",36,"B",24000,9.44
8937,"Mar-2018",36,"D",4000,20.39
8939,"Mar-2018",36,"C",11000,13.58
8940,"Feb-2018",36,"D",20000,18.06
8942,"Mar-2018",36,"A",13500,5.31
8943,"Jan-2018",36,"A",24000,7.97
8944,"Jan-2018",36,"D",30000,19.03
8945,"Mar-2018",36,"A",6000,6.07
8946,"Feb-2018",36,"C",40000,14.08
8947,"Jan-2018",36,"B",12000,10.91
8948,"Feb-2018",36,"A",4000,6.71
8949,"Mar-2018",36,"B",18000,10.9
8950,"Mar-2018",36,"D",9600,19.42
8952,"Feb-2018",36,"C",20000,13.59
8953,"Mar-2018",36,"A",17575,5.31
8954,"Jan-2018",36,"C",2600,12.62
8955,"Mar-2018",36,"C",3500,12.61
8956,"Jan-2018",36,"B",25000,10.42
8957,"Jan-2018",36,"B",15000,10.91
8958,"Jan-2018",36,"D",13175,21.45
8960,"Jan-2018",36,"B",8550,9.93
8961,"Jan-2018",36,"E",30750,25.82
8962,"Feb-2018",36,"B",21200,10.42
8964,"Mar-2018",36,"C",15000,12.61
8967,"Mar-2018",36,"A",10000,6.71
8968,"Mar-2018",36,"C",4975,16.01
8969,"Feb-2018",36,"D",5550,21.45
8970,"Feb-2018",36,"A",10500,5.32
8971,"Jan-2018",36,"A",25000,6.72
8973,"Jan-2018",36,"B",15000,9.93
8974,"Jan-2018",36,"B",16000,10.42
8975,"Feb-2018",36,"C",14000,12.62
8976,"Feb-2018",36,"D",4000,17.09
8978,"Jan-2018",36,"A",14000,6.08
8979,"Feb-2018",36,"B",6500,10.42
8980,"Feb-2018",36,"C",3200,16.01
8981,"Feb-2018",36,"A",15000,7.97
8982,"Feb-2018",36,"B",19000,11.99
8985,"Feb-2018",36,"B",8000,10.9
8986,"Mar-2018",36,"A",23000,5.31
8987,"Jan-2018",36,"B",9000,10.42
8988,"Mar-2018",36,"A",18000,6.07
8989,"Feb-2018",36,"A",12000,7.35
8990,"Mar-2018",36,"A",4650,6.71
8991,"Jan-2018",36,"A",18000,7.97
8992,"Feb-2018",36,"B",6000,10.42
8996,"Jan-2018",36,"A",24000,6.72
8997,"Mar-2018",36,"E",9100,26.77
8998,"Jan-2018",36,"A",7000,6.08
8999,"Mar-2018",36,"C",10000,16.01
9001,"Jan-2018",36,"B",20000,9.44
9002,"Jan-2018",36,"B",40000,9.44
9003,"Mar-2018",36,"A",40000,5.31
9004,"Mar-2018",36,"B",9000,9.43
9005,"Mar-2018",36,"B",7800,9.43
9006,"Jan-2018",36,"E",25000,25.82
9008,"Feb-2018",36,"A",14000,7.97
9010,"Mar-2018",36,"B",13175,9.92
9011,"Feb-2018",36,"C",5600,16.02
9012,"Jan-2018",36,"A",25000,6.72
9013,"Jan-2018",36,"A",25000,5.32
9014,"Jan-2018",36,"A",10000,7.35
9017,"Jan-2018",36,"B",18000,10.91
9018,"Mar-2018",36,"B",10500,9.43
9019,"Mar-2018",36,"A",20000,6.07
9021,"Jan-2018",36,"A",40000,5.32
9023,"Mar-2018",36,"A",15000,6.07
9024,"Jan-2018",36,"C",9125,15.05
9027,"Feb-2018",36,"C",8300,14.07
9028,"Feb-2018",36,"C",17150,12.62
9029,"Mar-2018",36,"B",3000,10.9
9032,"Jan-2018",36,"D",11000,18.06
9033,"Feb-2018",36,"B",35000,10.41
9035,"Mar-2018",36,"B",12675,10.41
9036,"Jan-2018",36,"B",8000,9.44
9037,"Jan-2018",36,"B",5500,10.42
9038,"Jan-2018",36,"B",36025,10.91
9039,"Feb-2018",36,"C",20000,13.59
9041,"Feb-2018",36,"A",4500,6.08
9042,"Jan-2018",36,"B",13000,9.44
9043,"Mar-2018",36,"C",2800,14.07
9044,"Feb-2018",36,"B",12000,11.99
9046,"Feb-2018",36,"B",3000,9.44
9047,"Mar-2018",36,"A",18200,7.96
9048,"Feb-2018",36,"A",10000,6.72
9050,"Feb-2018",36,"B",3000,10.9
9051,"Mar-2018",36,"A",6000,7.34
9053,"Jan-2018",36,"D",12000,21.45
9054,"Mar-2018",36,"A",18450,6.71
9055,"Feb-2018",36,"B",5000,9.93
9056,"Mar-2018",36,"A",16600,7.34
9057,"Jan-2018",36,"B",5000,11.99
9058,"Mar-2018",36,"B",6000,9.43
9059,"Feb-2018",36,"B",10500,10.91
9060,"Mar-2018",36,"B",5000,9.92
9061,"Mar-2018",36,"B",9000,10.41
9062,"Feb-2018",36,"A",30000,7.34
9063,"Feb-2018",36,"B",10000,11.99
9064,"Jan-2018",36,"B",8000,9.93
9065,"Jan-2018",36,"B",13000,9.93
9066,"Feb-2018",36,"D",2000,17.09
9067,"Jan-2018",36,"A",8000,6.72
9068,"Jan-2018",36,"A",12000,6.72
9070,"Jan-2018",36,"A",12000,6.72
9071,"Mar-2018",36,"B",20000,11.98
9072,"Jan-2018",36,"A",2200,6.08
9075,"Jan-2018",36,"C",3500,14.08
9076,"Mar-2018",36,"D",12000,20.39
9077,"Jan-2018",36,"B",20000,10.42
9078,"Mar-2018",36,"B",40000,10.41
9079,"Mar-2018",36,"A",25000,7.96
9082,"Feb-2018",36,"B",3000,9.93
9083,"Mar-2018",36,"C",10000,13.58
9084,"Mar-2018",36,"B",20000,10.9
9085,"Mar-2018",36,"A",37025,7.96
9087,"Jan-2018",36,"D",21075,20
9089,"Mar-2018",36,"C",20000,14.07
9090,"Feb-2018",36,"A",5000,6.08
9091,"Jan-2018",36,"A",10000,7.97
9093,"Jan-2018",36,"B",18000,10.42
9094,"Jan-2018",36,"A",12000,7.35
9095,"Feb-2018",36,"C",5000,14.08
9096,"Jan-2018",36,"A",4800,7.35
9097,"Jan-2018",36,"A",4900,7.35
9098,"Mar-2018",36,"C",19000,13.58
9099,"Feb-2018",36,"C",35000,16.02
9101,"Mar-2018",36,"C",5000,15.04
9103,"Jan-2018",36,"C",6000,13.59
9104,"Feb-2018",36,"C",15000,14.08
9105,"Jan-2018",36,"A",8000,6.72
9106,"Jan-2018",36,"D",8000,20
9109,"Jan-2018",36,"B",15000,10.42
9110,"Feb-2018",36,"B",30000,11.99
9111,"Feb-2018",36,"B",35000,9.93
9112,"Feb-2018",36,"B",11500,11.99
9113,"Jan-2018",36,"B",20000,10.91
9114,"Jan-2018",36,"A",9000,7.97
9116,"Jan-2018",36,"A",10000,6.08
9117,"Mar-2018",36,"D",4000,19.42
9118,"Feb-2018",36,"C",24000,13.59
9119,"Jan-2018",36,"D",7000,17.09
9120,"Mar-2018",36,"C",8000,14.07
9121,"Feb-2018",36,"D",29975,20
9122,"Jan-2018",36,"D",1200,19.03
9123,"Mar-2018",36,"B",20000,9.92
9124,"Mar-2018",36,"A",15000,6.07
9125,"Mar-2018",36,"D",10000,18.45
9126,"Feb-2018",36,"A",15000,7.35
9127,"Mar-2018",36,"A",20000,7.96
9129,"Feb-2018",36,"A",8000,6.08
9130,"Jan-2018",36,"B",12000,10.42
9131,"Mar-2018",36,"A",10000,6.07
9132,"Jan-2018",36,"B",11000,10.91
9133,"Mar-2018",36,"B",10000,9.92
9134,"Feb-2018",36,"A",7000,6.08
9136,"Mar-2018",36,"A",30000,7.35
9137,"Mar-2018",36,"C",17500,12.61
9138,"Jan-2018",36,"B",16000,9.93
9141,"Mar-2018",36,"D",5000,20.39
9142,"Mar-2018",36,"B",12000,11.98
9143,"Jan-2018",36,"C",3000,15.05
9144,"Jan-2018",36,"B",4800,10.42
9145,"Feb-2018",36,"B",1550,9.93
9146,"Jan-2018",36,"D",20000,20
9147,"Jan-2018",36,"B",16000,11.99
9148,"Jan-2018",36,"C",26600,14.08
9149,"Feb-2018",36,"A",4000,6.71
9152,"Jan-2018",36,"A",16000,5.32
9153,"Feb-2018",36,"D",28000,17.09
9154,"Mar-2018",36,"A",20000,7.34
9158,"Feb-2018",36,"C",12000,14.08
9159,"Feb-2018",36,"A",16550,7.35
9162,"Feb-2018",36,"B",5300,9.43
9164,"Mar-2018",36,"B",11000,9.92
9165,"Feb-2018",36,"B",7500,10.42
9166,"Jan-2018",36,"A",15000,6.72
9167,"Mar-2018",36,"B",26275,9.92
9168,"Feb-2018",36,"C",12000,12.62
9170,"Feb-2018",36,"B",10000,10.91
9172,"Jan-2018",36,"B",24000,9.44
9173,"Mar-2018",36,"A",18000,5.31
9174,"Mar-2018",36,"A",10000,7.34
9176,"Jan-2018",36,"C",1000,16.02
9177,"Jan-2018",36,"A",19000,6.72
9179,"Feb-2018",36,"A",11200,5.32
9181,"Mar-2018",36,"D",10000,19.42
9182,"Jan-2018",36,"C",35000,13.59
9183,"Feb-2018",36,"B",26000,10.91
9184,"Mar-2018",36,"A",8000,6.71
9185,"Mar-2018",36,"A",15000,7.34
9187,"Feb-2018",36,"A",15000,5.31
9188,"Jan-2018",36,"A",6000,6.72
9189,"Feb-2018",36,"A",15000,6.08
9192,"Jan-2018",36,"B",20000,10.42
9194,"Jan-2018",36,"B",15000,9.93
9195,"Mar-2018",36,"A",6300,7.34
9196,"Feb-2018",36,"D",32000,17.09
9198,"Jan-2018",36,"A",11000,7.97
9199,"Jan-2018",36,"A",20000,6.08
9200,"Mar-2018",36,"B",2500,10.41
9202,"Feb-2018",36,"B",3500,10.42
9203,"Mar-2018",36,"B",15000,10.9
9207,"Mar-2018",36,"B",14000,9.92
9208,"Mar-2018",36,"B",7200,11.98
9209,"Jan-2018",36,"A",40000,6.08
9210,"Feb-2018",36,"A",22000,5.32
9213,"Feb-2018",36,"B",20000,9.44
9214,"Jan-2018",36,"B",8000,10.91
9217,"Mar-2018",36,"D",13425,21.85
9218,"Feb-2018",36,"B",14000,10.91
9220,"Mar-2018",36,"C",20000,12.61
9222,"Feb-2018",36,"C",3000,16.02
9223,"Jan-2018",36,"B",5000,10.42
9224,"Jan-2018",36,"D",4800,20
9225,"Mar-2018",36,"C",7225,13.58
9227,"Jan-2018",36,"A",10000,6.08
9228,"Mar-2018",36,"C",2400,13.58
9229,"Mar-2018",36,"A",8000,7.96
9230,"Jan-2018",36,"B",20000,11.99
9231,"Mar-2018",36,"C",8000,16.01
9232,"Jan-2018",36,"A",24000,6.72
9236,"Jan-2018",36,"A",4900,7.97
9237,"Jan-2018",36,"A",9000,6.72
9238,"Mar-2018",36,"C",21000,15.04
9239,"Feb-2018",36,"A",5625,7.96
9240,"Jan-2018",36,"A",10000,6.08
9241,"Jan-2018",36,"A",5000,6.08
9242,"Mar-2018",36,"D",22875,18.45
9243,"Feb-2018",36,"A",20000,7.97
9245,"Mar-2018",36,"C",21125,13.58
9247,"Feb-2018",36,"A",6000,7.35
9248,"Feb-2018",36,"B",10000,10.91
9249,"Feb-2018",36,"A",24000,7.97
9250,"Mar-2018",36,"B",25000,10.41
9251,"Jan-2018",36,"D",15000,21.45
9252,"Jan-2018",36,"A",15000,5.32
9255,"Mar-2018",36,"C",35000,12.61
9258,"Mar-2018",36,"A",18000,6.07
9259,"Feb-2018",36,"C",11500,16.02
9260,"Mar-2018",36,"A",6000,7.34
9263,"Feb-2018",36,"B",5000,9.93
9264,"Jan-2018",36,"C",13000,13.59
9265,"Mar-2018",36,"B",8800,10.41
9266,"Feb-2018",36,"B",10000,10.41
9267,"Feb-2018",36,"D",30000,21.85
9268,"Jan-2018",36,"B",24000,9.93
9269,"Mar-2018",36,"B",7200,11.98
9270,"Jan-2018",36,"B",6000,9.44
9271,"Jan-2018",36,"A",2000,6.08
9272,"Feb-2018",36,"A",20000,7.35
9273,"Jan-2018",36,"D",2000,17.09
9274,"Feb-2018",36,"D",6000,19.03
9275,"Feb-2018",36,"C",10000,15.05
9276,"Jan-2018",36,"B",4000,10.42
9277,"Mar-2018",36,"A",6000,7.96
9278,"Jan-2018",36,"C",30000,15.05
9279,"Jan-2018",36,"A",40000,7.97
9280,"Mar-2018",36,"C",9000,13.58
9281,"Feb-2018",36,"B",9000,9.43
9282,"Feb-2018",36,"D",4200,19.03
9283,"Feb-2018",36,"B",7000,9.44
9284,"Feb-2018",36,"B",6000,11.99
9285,"Mar-2018",36,"B",6700,10.41
9286,"Mar-2018",36,"B",1000,9.92
9287,"Jan-2018",36,"A",15000,7.97
9288,"Feb-2018",36,"B",18000,9.43
9289,"Jan-2018",36,"A",4000,6.72
9290,"Mar-2018",36,"C",10000,15.04
9291,"Feb-2018",36,"B",12000,9.44
9292,"Feb-2018",36,"B",16800,10.91
9293,"Feb-2018",36,"C",15000,16.01
9294,"Mar-2018",36,"B",23525,10.41
9295,"Mar-2018",36,"C",30025,16.01
9297,"Feb-2018",36,"C",4725,14.08
9298,"Mar-2018",36,"D",10000,20
9299,"Feb-2018",36,"A",7200,7.34
9300,"Jan-2018",36,"A",5000,7.97
9301,"Feb-2018",36,"A",40000,6.08
9302,"Mar-2018",36,"B",24000,9.43
9306,"Mar-2018",36,"D",15000,20
9307,"Jan-2018",36,"A",16000,7.35
9308,"Mar-2018",36,"B",20000,9.43
9309,"Feb-2018",36,"B",15000,11.99
9310,"Mar-2018",36,"D",7500,18.45
9311,"Feb-2018",36,"C",3000,15.05
9312,"Mar-2018",36,"B",2500,9.43
9313,"Mar-2018",36,"B",10000,9.93
9315,"Feb-2018",36,"A",8000,5.32
9316,"Jan-2018",36,"C",10000,16.02
9317,"Mar-2018",36,"B",8000,10.41
9318,"Feb-2018",36,"B",10000,10.42
9320,"Feb-2018",36,"A",10800,7.35
9321,"Jan-2018",36,"B",18000,9.93
9322,"Feb-2018",36,"B",14400,11.99
9324,"Mar-2018",36,"A",10000,5.31
9326,"Jan-2018",36,"E",6000,25.82
9328,"Mar-2018",36,"A",15000,5.31
9329,"Feb-2018",36,"C",16000,15.05
9333,"Jan-2018",36,"C",15000,12.62
9334,"Mar-2018",36,"A",25000,6.71
9335,"Feb-2018",36,"B",7200,10.91
9337,"Feb-2018",36,"D",8000,19.03
9338,"Jan-2018",36,"C",8000,13.59
9339,"Mar-2018",36,"A",2000,6.71
9340,"Mar-2018",36,"C",6025,16.01
9343,"Mar-2018",36,"C",10000,12.61
9344,"Mar-2018",36,"E",2400,22.9
9345,"Jan-2018",36,"C",32000,12.62
9347,"Jan-2018",36,"C",40000,12.62
9348,"Feb-2018",36,"B",1500,11.99
9349,"Feb-2018",36,"D",1000,18.06
9350,"Jan-2018",36,"A",26000,6.72
9351,"Mar-2018",36,"D",15000,17.47
9352,"Jan-2018",36,"A",10000,6.08
9354,"Mar-2018",36,"A",38225,6.07
9355,"Feb-2018",36,"B",7500,10.42
9357,"Jan-2018",36,"A",11200,5.32
9359,"Jan-2018",36,"B",13000,9.93
9360,"Feb-2018",36,"D",5000,21.45
9361,"Mar-2018",36,"B",33875,11.99
9363,"Mar-2018",36,"C",4000,12.61
9364,"Mar-2018",36,"B",7000,10.9
9365,"Jan-2018",36,"B",40000,10.91
9368,"Feb-2018",36,"D",18000,21.45
9369,"Mar-2018",36,"A",6000,5.31
9370,"Jan-2018",36,"D",8000,20
9371,"Mar-2018",36,"B",12000,9.43
9373,"Mar-2018",36,"A",3000,5.31
9374,"Jan-2018",36,"B",7400,11.99
9375,"Mar-2018",36,"B",12000,9.92
9376,"Feb-2018",36,"A",25000,7.96
9377,"Jan-2018",36,"A",32000,6.72
9378,"Mar-2018",36,"C",6300,14.07
9380,"Mar-2018",36,"A",3000,5.31
9381,"Jan-2018",36,"A",10000,6.08
9382,"Feb-2018",36,"C",6000,12.61
9383,"Feb-2018",36,"B",11000,9.93
9384,"Feb-2018",36,"A",18500,6.08
9385,"Jan-2018",36,"B",30000,9.44
9386,"Jan-2018",36,"A",24000,7.97
9387,"Jan-2018",36,"B",5000,10.91
9388,"Mar-2018",36,"C",15000,13.58
9390,"Jan-2018",36,"A",18000,7.97
9391,"Feb-2018",36,"B",5000,9.44
9392,"Jan-2018",36,"A",12500,6.72
9393,"Jan-2018",36,"A",3300,7.35
9394,"Jan-2018",36,"A",8000,6.08
9395,"Feb-2018",36,"D",7000,21.45
9396,"Jan-2018",36,"C",16000,13.59
9398,"Jan-2018",36,"B",28550,9.93
9399,"Jan-2018",36,"C",10000,16.02
9400,"Mar-2018",36,"C",4000,14.07
9402,"Jan-2018",36,"B",18000,10.91
9403,"Feb-2018",36,"A",37000,5.32
9404,"Feb-2018",36,"A",6400,6.72
9406,"Mar-2018",36,"A",15000,7.96
9408,"Jan-2018",36,"D",7000,19.03
9411,"Feb-2018",36,"B",10000,10.9
9413,"Jan-2018",36,"A",8000,7.35
9415,"Feb-2018",36,"D",12000,19.03
9416,"Jan-2018",36,"C",20000,14.08
9418,"Jan-2018",36,"C",12000,14.08
9419,"Jan-2018",36,"C",13150,14.08
9420,"Mar-2018",36,"C",5000,12.61
9421,"Mar-2018",36,"C",5000,15.04
9423,"Mar-2018",36,"C",12000,12.61
9424,"Mar-2018",36,"A",14000,7.96
9425,"Mar-2018",36,"C",35000,12.61
9427,"Jan-2018",36,"C",34800,14.08
9431,"Jan-2018",36,"A",16800,5.32
9433,"Jan-2018",36,"D",30000,17.09
9436,"Jan-2018",36,"B",18000,9.93
9438,"Feb-2018",36,"B",5000,9.44
9441,"Jan-2018",36,"D",30000,17.09
9443,"Jan-2018",36,"D",15000,20
9445,"Mar-2018",36,"B",28675,10.9
9446,"Mar-2018",36,"C",5000,15.04
9447,"Jan-2018",36,"B",10000,10.42
9448,"Feb-2018",36,"A",15000,6.08
9451,"Feb-2018",36,"C",18000,13.59
9454,"Mar-2018",36,"C",12000,16.01
9455,"Mar-2018",36,"B",6000,10.41
9456,"Mar-2018",36,"A",6800,7.97
9457,"Jan-2018",36,"B",6000,10.42
9458,"Mar-2018",36,"B",6000,11.98
9459,"Feb-2018",36,"B",10000,10.42
9462,"Jan-2018",36,"A",13000,7.97
9463,"Feb-2018",36,"A",20000,7.97
9464,"Feb-2018",36,"B",15000,9.93
9465,"Feb-2018",36,"B",10000,10.9
9466,"Feb-2018",36,"B",2000,9.93
9467,"Mar-2018",36,"B",5000,11.98
9469,"Jan-2018",36,"B",25000,9.93
9470,"Feb-2018",36,"A",7500,5.32
9471,"Jan-2018",36,"A",35000,6.08
9474,"Mar-2018",36,"B",19200,9.43
9476,"Jan-2018",36,"C",35000,13.59
9478,"Feb-2018",36,"B",8000,11.99
9479,"Jan-2018",36,"A",4000,7.35
9480,"Jan-2018",36,"A",16000,6.72
9481,"Feb-2018",36,"B",10000,9.44
9482,"Jan-2018",36,"B",4000,10.42
9483,"Jan-2018",36,"B",32500,11.99
9486,"Mar-2018",36,"B",10400,9.43
9487,"Mar-2018",36,"A",28000,7.96
9489,"Jan-2018",36,"A",7200,6.72
9490,"Mar-2018",36,"D",10000,17.47
9491,"Jan-2018",36,"A",12000,7.97
9492,"Mar-2018",36,"A",31675,6.71
9495,"Mar-2018",36,"C",10000,12.61
9497,"Mar-2018",36,"B",10000,10.41
9498,"Feb-2018",36,"A",8000,7.97
9501,"Jan-2018",36,"C",4500,13.59
9502,"Jan-2018",36,"E",8000,22.91
9503,"Jan-2018",36,"A",8000,6.72
9504,"Mar-2018",36,"D",5000,18.06
9507,"Jan-2018",36,"C",8000,14.08
9508,"Jan-2018",36,"D",21000,20
9509,"Feb-2018",36,"D",30000,18.06
9510,"Mar-2018",36,"C",4800,16.01
9512,"Feb-2018",36,"C",19225,12.62
9515,"Jan-2018",36,"D",5125,18.06
9517,"Jan-2018",36,"A",5000,6.72
9518,"Mar-2018",36,"C",16500,15.04
9519,"Mar-2018",36,"A",40000,6.71
9520,"Mar-2018",36,"B",36975,10.9
9521,"Feb-2018",36,"D",1450,19.03
9522,"Feb-2018",36,"B",5500,11.98
9524,"Feb-2018",36,"C",6025,12.61
9526,"Mar-2018",36,"A",4000,7.96
9527,"Mar-2018",36,"B",21000,9.92
9530,"Jan-2018",36,"D",30000,18.06
9531,"Feb-2018",36,"B",6000,9.92
9533,"Feb-2018",36,"A",15000,6.08
9535,"Jan-2018",36,"B",7000,10.42
9536,"Mar-2018",36,"B",10000,10.9
9537,"Mar-2018",36,"A",2000,6.07
9538,"Mar-2018",36,"B",15000,10.41
9539,"Jan-2018",36,"D",30000,20
9540,"Feb-2018",36,"A",20800,6.08
9542,"Mar-2018",36,"A",7000,7.96
9543,"Mar-2018",36,"D",5750,20.39
9544,"Feb-2018",36,"C",20000,16.02
9545,"Jan-2018",36,"B",10000,10.42
9546,"Mar-2018",36,"C",30000,15.04
9548,"Mar-2018",36,"A",18000,7.96
9550,"Mar-2018",36,"B",30000,9.43
9551,"Mar-2018",36,"C",25600,16.01
9552,"Mar-2018",36,"B",32000,9.92
9554,"Mar-2018",36,"B",40000,9.43
9556,"Jan-2018",36,"B",29150,11.99
9557,"Mar-2018",36,"A",10000,6.07
9558,"Feb-2018",36,"C",30000,16.02
9560,"Mar-2018",36,"B",16000,9.92
9561,"Mar-2018",36,"D",4400,18.45
9563,"Jan-2018",36,"D",4900,21.45
9564,"Jan-2018",36,"A",10000,6.72
9566,"Jan-2018",36,"A",30000,5.32
9567,"Feb-2018",36,"B",20000,11.99
9569,"Mar-2018",36,"C",19200,14.07
9570,"Jan-2018",36,"A",10000,5.32
9571,"Jan-2018",36,"A",35000,6.08
9572,"Feb-2018",36,"A",4200,7.97
9573,"Mar-2018",36,"D",1000,18.45
9574,"Feb-2018",36,"A",14500,6.08
9576,"Feb-2018",36,"B",4000,10.91
9579,"Mar-2018",36,"A",10000,5.31
9580,"Mar-2018",36,"B",35000,10.9
9581,"Jan-2018",36,"B",10500,9.93
9582,"Mar-2018",36,"D",8400,21.85
9583,"Jan-2018",36,"B",6000,10.91
9584,"Feb-2018",36,"B",20000,11.98
9585,"Feb-2018",36,"C",15000,12.62
9586,"Feb-2018",36,"B",10000,10.42
9587,"Mar-2018",36,"D",7000,20.39
9588,"Feb-2018",36,"C",17650,13.58
9589,"Feb-2018",36,"C",20000,13.59
9590,"Feb-2018",36,"D",15050,19.03
9592,"Mar-2018",36,"A",5000,7.96
9593,"Mar-2018",36,"B",25000,10.41
9594,"Jan-2018",36,"C",27000,14.08
9596,"Jan-2018",36,"D",30000,21.45
9599,"Mar-2018",36,"C",4800,16.01
9601,"Mar-2018",36,"B",40000,11.98
9603,"Jan-2018",36,"C",5600,12.62
9604,"Jan-2018",36,"A",10000,7.97
9605,"Mar-2018",36,"D",26000,18.45
9606,"Mar-2018",36,"C",14000,13.58
9607,"Jan-2018",36,"C",20000,14.08
9608,"Feb-2018",36,"B",35000,10.41
9610,"Mar-2018",36,"C",6000,15.04
9612,"Mar-2018",36,"E",25000,24.84
9613,"Jan-2018",36,"C",8700,16.02
9614,"Feb-2018",36,"C",19200,12.61
9615,"Jan-2018",36,"A",30000,5.32
9618,"Mar-2018",36,"A",30000,7.34
9619,"Feb-2018",36,"A",7000,6.08
9620,"Mar-2018",36,"C",10000,14.07
9621,"Jan-2018",36,"C",4200,15.05
9622,"Mar-2018",36,"D",18000,19.42
9623,"Jan-2018",36,"A",16000,6.72
9624,"Jan-2018",36,"C",10000,15.05
9626,"Jan-2018",36,"A",25000,5.32
9627,"Jan-2018",36,"D",7000,21.45
9629,"Feb-2018",36,"D",20000,21.45
9631,"Mar-2018",36,"A",4200,6.07
9632,"Feb-2018",36,"A",9600,5.32
9633,"Feb-2018",36,"C",6300,12.62
9637,"Feb-2018",36,"C",11000,14.08
9640,"Jan-2018",36,"B",8000,10.91
9641,"Mar-2018",36,"B",3500,10.9
9642,"Feb-2018",36,"D",12800,17.09
9644,"Feb-2018",36,"B",8000,10.41
9645,"Mar-2018",36,"C",8000,13.58
9646,"Mar-2018",36,"C",2000,12.61
9647,"Mar-2018",36,"B",6700,10.41
9648,"Jan-2018",36,"A",10000,6.72
9651,"Mar-2018",36,"C",20000,13.58
9652,"Jan-2018",36,"B",15000,9.44
9653,"Jan-2018",36,"A",33725,6.08
9654,"Jan-2018",36,"C",8000,12.62
9655,"Mar-2018",36,"D",6000,17.47
9656,"Feb-2018",36,"B",6300,9.44
9657,"Mar-2018",36,"B",20000,11.98
9659,"Mar-2018",36,"A",35400,7.96
9661,"Jan-2018",36,"A",40000,5.32
9664,"Feb-2018",36,"A",15000,6.08
9665,"Mar-2018",36,"A",15500,6.07
9667,"Mar-2018",36,"A",26575,6.07
9670,"Feb-2018",36,"A",30000,5.32
9671,"Mar-2018",36,"D",3000,17.47
9674,"Mar-2018",36,"A",40000,5.31
9675,"Mar-2018",36,"B",11000,10.41
9676,"Mar-2018",36,"B",5500,10.9
9677,"Mar-2018",36,"A",7000,6.71
9678,"Feb-2018",36,"A",9000,6.71
9679,"Feb-2018",36,"D",4000,17.09
9681,"Jan-2018",36,"A",7000,5.32
9683,"Feb-2018",36,"C",25000,15.05
9684,"Jan-2018",36,"A",10000,7.97
9685,"Mar-2018",36,"D",12000,17.47
9686,"Feb-2018",36,"B",40000,9.93
9687,"Jan-2018",36,"D",24000,6
9688,"Jan-2018",36,"A",2400,6.08
9690,"Mar-2018",36,"A",10000,5.31
9692,"Mar-2018",36,"B",8300,9.43
9693,"Feb-2018",36,"B",28000,10.91
9694,"Mar-2018",36,"B",28000,11.98
9695,"Jan-2018",36,"A",36000,5.32
9696,"Mar-2018",36,"C",22500,14.07
9697,"Jan-2018",36,"C",7200,16.02
9699,"Feb-2018",36,"B",8000,9.44
9701,"Mar-2018",36,"A",7200,7.34
9703,"Feb-2018",36,"B",5700,9.93
9704,"Jan-2018",36,"A",5000,5.32
9705,"Mar-2018",36,"C",16050,16.01
9706,"Mar-2018",36,"A",3500,7.96
9707,"Mar-2018",36,"B",1200,9.43
9709,"Feb-2018",36,"C",12000,12.62
9710,"Feb-2018",36,"A",12500,7.34
9711,"Feb-2018",36,"D",30000,18.06
9714,"Jan-2018",36,"C",2000,16.02
9717,"Jan-2018",36,"D",3025,20
9718,"Mar-2018",36,"C",6000,16.01
9719,"Feb-2018",36,"A",20000,6.72
9723,"Jan-2018",36,"D",20975,18.06
9724,"Feb-2018",36,"C",11775,14.08
9725,"Mar-2018",36,"C",7500,12.61
9727,"Mar-2018",36,"C",2500,15.04
9729,"Jan-2018",36,"B",4000,11.99
9730,"Feb-2018",36,"A",10000,6.08
9732,"Mar-2018",36,"A",4800,7.34
9733,"Jan-2018",36,"B",18000,9.93
9737,"Jan-2018",36,"B",15000,10.91
9738,"Mar-2018",36,"B",6000,9.92
9740,"Mar-2018",36,"B",15000,11.98
9741,"Feb-2018",36,"A",25000,7.35
9742,"Mar-2018",36,"A",22500,6.71
9743,"Jan-2018",36,"B",15000,10.91
9744,"Mar-2018",36,"B",1500,10.9
9748,"Mar-2018",36,"C",25000,12.61
9750,"Mar-2018",36,"B",19000,10.9
9752,"Mar-2018",36,"C",10400,15.04
9754,"Mar-2018",36,"B",11000,9.92
9755,"Feb-2018",36,"C",3025,16.02
9756,"Jan-2018",36,"B",40000,10.42
9759,"Jan-2018",36,"A",30000,6.08
9760,"Jan-2018",36,"D",24000,19.03
9761,"Mar-2018",36,"A",40000,7.34
9762,"Jan-2018",36,"B",10000,11.99
9763,"Jan-2018",36,"C",35000,16.02
9764,"Mar-2018",36,"A",10000,5.31
9768,"Jan-2018",36,"B",5400,10.91
9769,"Mar-2018",36,"B",8000,9.44
9770,"Mar-2018",36,"D",12000,21.85
9772,"Feb-2018",36,"B",9000,11.99
9774,"Feb-2018",36,"A",40000,5.32
9775,"Mar-2018",36,"A",15000,6.07
9776,"Jan-2018",36,"C",5000,14.08
9779,"Feb-2018",36,"D",10000,18.06
9780,"Feb-2018",36,"C",7500,15.05
9781,"Jan-2018",36,"B",20000,9.44
9782,"Feb-2018",36,"C",30000,15.05
9783,"Mar-2018",36,"B",6000,9.92
9784,"Jan-2018",36,"C",26000,13.59
9786,"Jan-2018",36,"B",5000,10.42
9787,"Mar-2018",36,"A",40000,5.31
9788,"Mar-2018",36,"A",4000,6.07
9789,"Mar-2018",36,"B",2750,10.41
9790,"Jan-2018",36,"B",10000,9.93
9793,"Feb-2018",36,"A",7000,6.71
9794,"Jan-2018",36,"C",8000,16.02
9795,"Jan-2018",36,"D",6025,18.06
9796,"Feb-2018",36,"B",8000,11.99
9797,"Jan-2018",36,"B",10000,11.99
9798,"Jan-2018",36,"C",20000,14.08
9799,"Feb-2018",36,"A",12000,5.31
9800,"Jan-2018",36,"B",8000,9.44
9801,"Mar-2018",36,"D",6000,17.47
9803,"Mar-2018",36,"C",10800,16.01
9804,"Mar-2018",36,"E",10000,23.87
9805,"Feb-2018",36,"B",8500,9.93
9806,"Mar-2018",36,"C",6100,12.61
9807,"Jan-2018",36,"C",6000,13.59
9808,"Jan-2018",36,"C",20000,14.08
9809,"Feb-2018",36,"B",8000,10.42
9810,"Mar-2018",36,"B",26000,11.98
9811,"Mar-2018",36,"C",10000,12.61
9812,"Feb-2018",36,"C",15000,16.02
9815,"Feb-2018",36,"B",4300,10.91
9818,"Mar-2018",36,"A",10800,6.71
9820,"Feb-2018",36,"B",1600,9.44
9821,"Jan-2018",36,"C",25200,16.02
9823,"Mar-2018",36,"A",32000,5.31
9824,"Mar-2018",36,"A",10000,7.34
9825,"Jan-2018",36,"B",18000,10.42
9827,"Feb-2018",36,"E",25000,26.3
9828,"Jan-2018",36,"A",16000,7.35
9829,"Jan-2018",36,"B",1700,10.91
9832,"Jan-2018",36,"A",14000,7.35
9834,"Feb-2018",36,"A",30000,7.96
9835,"Mar-2018",36,"C",10000,13.58
9836,"Mar-2018",36,"A",16000,6.07
9837,"Mar-2018",36,"A",13500,6.07
9840,"Jan-2018",36,"C",5000,12.62
9841,"Jan-2018",36,"A",8000,6.08
9843,"Jan-2018",36,"B",21000,10.91
9846,"Feb-2018",36,"A",5000,5.32
9849,"Mar-2018",36,"C",20000,13.58
9850,"Feb-2018",36,"C",6500,15.05
9852,"Jan-2018",36,"B",8000,10.91
9854,"Jan-2018",36,"B",11000,9.93
9855,"Mar-2018",36,"A",12000,7.96
9858,"Mar-2018",36,"A",6500,7.96
9859,"Mar-2018",36,"B",10400,9.43
9861,"Mar-2018",36,"A",16000,6.71
9862,"Mar-2018",36,"A",35000,7.34
9863,"Feb-2018",36,"A",6000,6.07
9864,"Mar-2018",36,"A",7000,7.35
9867,"Jan-2018",36,"B",30000,10.42
9869,"Mar-2018",36,"A",20000,5.31
9870,"Feb-2018",36,"A",34000,6.08
9872,"Jan-2018",36,"A",7000,7.97
9873,"Mar-2018",36,"B",10000,9.43
9874,"Mar-2018",36,"A",10000,6.07
9875,"Jan-2018",36,"A",16200,6.72
9876,"Mar-2018",36,"D",13200,20.39
9877,"Mar-2018",36,"A",20000,5.31
9879,"Feb-2018",36,"C",3800,14.07
9883,"Mar-2018",36,"C",16000,12.61
9884,"Jan-2018",36,"A",6000,7.97
9887,"Feb-2018",36,"B",13000,9.44
9889,"Feb-2018",36,"B",19000,10.41
9890,"Jan-2018",36,"C",10000,14.08
9892,"Mar-2018",36,"B",6500,11.98
9894,"Mar-2018",36,"D",38000,19.42
9895,"Feb-2018",36,"A",6025,7.35
9896,"Mar-2018",36,"B",32000,10.91
9898,"Mar-2018",36,"D",8000,18.45
9899,"Mar-2018",36,"C",3000,15.04
9901,"Mar-2018",36,"E",4000,24.84
9902,"Mar-2018",36,"B",30000,11.99
9903,"Feb-2018",36,"A",15000,7.97
9904,"Mar-2018",36,"A",6300,5.31
9905,"Jan-2018",36,"B",28000,9.93
9909,"Mar-2018",36,"A",40000,7.34
9911,"Feb-2018",36,"A",5000,6.71
9912,"Mar-2018",36,"B",36000,10.41
9913,"Mar-2018",36,"B",10000,10.9
9914,"Mar-2018",36,"B",5000,9.43
9915,"Mar-2018",36,"A",4000,6.71
9916,"Jan-2018",36,"A",15000,5.32
9917,"Mar-2018",36,"A",13000,5.31
9919,"Mar-2018",36,"B",8000,9.43
9920,"Feb-2018",36,"A",12600,6.72
9921,"Feb-2018",36,"C",25000,14.07
9922,"Mar-2018",36,"D",21250,18.45
9923,"Jan-2018",36,"A",13200,7.35
9927,"Mar-2018",36,"D",8000,21.45
9929,"Jan-2018",36,"A",5000,7.35
9930,"Mar-2018",36,"B",12000,10.9
9931,"Mar-2018",36,"D",10000,18.45
9933,"Mar-2018",36,"B",20000,9.43
9934,"Mar-2018",36,"B",10000,10.9
9936,"Mar-2018",36,"A",10000,7.97
9937,"Feb-2018",36,"C",9600,13.59
9938,"Jan-2018",36,"B",20000,10.42
9939,"Mar-2018",36,"A",2800,6.07
9940,"Mar-2018",36,"C",17000,15.04
9942,"Feb-2018",36,"B",3025,9.93
9943,"Jan-2018",36,"B",20000,9.93
9944,"Mar-2018",36,"B",20000,10.9
9945,"Feb-2018",36,"C",15000,13.59
9947,"Mar-2018",36,"B",20000,9.92
9949,"Mar-2018",36,"A",4000,6.07
9950,"Mar-2018",36,"A",4300,7.96
9952,"Feb-2018",36,"C",9600,14.08
9953,"Feb-2018",36,"B",9000,10.91
9954,"Jan-2018",36,"A",3000,5.32
9956,"Feb-2018",36,"B",2400,10.91
9957,"Jan-2018",36,"B",6800,10.42
9958,"Mar-2018",36,"A",6000,7.96
9959,"Feb-2018",36,"C",1600,15.04
9960,"Jan-2018",36,"B",30000,10.42
9962,"Mar-2018",36,"D",6400,20.39
9963,"Jan-2018",36,"A",4500,6.08
9964,"Feb-2018",36,"A",27100,6.72
9965,"Mar-2018",36,"A",7500,6.07
9967,"Feb-2018",36,"A",1975,7.35
9968,"Jan-2018",36,"A",25000,7.35
9970,"Feb-2018",36,"C",18325,15.05
9972,"Mar-2018",36,"A",8000,7.96
9973,"Feb-2018",36,"C",8975,15.05
9975,"Jan-2018",36,"C",7000,16.02
9976,"Mar-2018",36,"C",20000,14.07
9977,"Mar-2018",36,"B",14000,9.43
9979,"Mar-2018",36,"D",7000,18.45
9980,"Feb-2018",36,"A",30000,6.08
9981,"Mar-2018",36,"B",15000,9.43
9982,"Jan-2018",36,"B",30000,9.93
9984,"Jan-2018",36,"B",20000,9.93
9986,"Jan-2018",36,"A",12500,7.35
9987,"Mar-2018",36,"A",40000,6.07
9989,"Mar-2018",36,"B",3200,9.92
9991,"Feb-2018",36,"B",20000,9.44
9994,"Jan-2018",36,"A",5000,7.97
9995,"Mar-2018",36,"B",4800,10.41
9996,"Jan-2018",36,"A",24000,7.35
9997,"Feb-2018",36,"D",10000,19.03
9998,"Feb-2018",36,"E",30000,23.88
9999,"Feb-2018",36,"A",24000,5.32
10000,"Feb-2018",36,"B",12800,10.91
