"STATION","NAME","DATE","PRCP","SNOW","TMAX","TMIN"
"USC00106152","MOSCOW U OF I, ID US","2021-01-01","0.02","0.0","37","28"
"USC00106152","MOSCOW U OF I, ID US","2021-01-02","0.04","0.0","42","32"
"USC00106152","MOSCOW U OF I, ID US","2021-01-03","0.98","0.0","45","33"
"USC00106152","MOSCOW U OF I, ID US","2021-01-04","0.43","0.0","40","30"
"USC00106152","MOSCOW U OF I, ID US","2021-01-05","0.00","0.0","42","28"
"USC00106152","MOSCOW U OF I, ID US","2021-01-06","0.13","0.0","42","32"
"USC00106152","MOSCOW U OF I, ID US","2021-01-07","0.23","0.0","40","30"
"USC00106152","MOSCOW U OF I, ID US","2021-01-08","0.00","0.0","37","27"
"USC00106152","MOSCOW U OF I, ID US","2021-01-09","0.00","0.0","38","29"
"USC00106152","MOSCOW U OF I, ID US","2021-01-10","0.00","0.0","38","27"
"USC00106152","MOSCOW U OF I, ID US","2021-01-11","0.00","0.0","37","26"
"USC00106152","MOSCOW U OF I, ID US","2021-01-12","0.99","0.0","42","30"
"USC00106152","MOSCOW U OF I, ID US","2021-01-13","0.76","0.0","49","34"
"USC00106152","MOSCOW U OF I, ID US","2021-01-14","0.02","0.0","41","23"
"USC00106152","MOSCOW U OF I, ID US","2021-01-15","0.08","0.0","40","28"
"USC00106152","MOSCOW U OF I, ID US","2021-01-16","0.01","0.0","42","29"
"USC00106152","MOSCOW U OF I, ID US","2021-01-17","0.08","0.0","40","30"
"USC00106152","MOSCOW U OF I, ID US","2021-01-18","0.00","0.0","36","25"
"USC00106152","MOSCOW U OF I, ID US","2021-01-19","0.00","0.0","35","22"
"USC00106152","MOSCOW U OF I, ID US","2021-01-20","0.00","0.0","37","25"
"USC00106152","MOSCOW U OF I, ID US","2021-01-21","0.04","0.0","36","29"
"USC00106152","MOSCOW U OF I, ID US","2021-01-22","0.03","0.0","35","25"
"USC00106152","MOSCOW U OF I, ID US","2021-01-23","0.00","0.0","33","20"
"USC00106152","MOSCOW U OF I, ID US","2021-01-24","0.00","0.0","33","18"
"USC00106152","MOSCOW U OF I, ID US","2021-01-25","0.02","0.0","32","22"
"USC00106152","MOSCOW U OF I, ID US","2021-01-26","0.03","0.2","35","21"
"USC00106152","MOSCOW U OF I, ID US","2021-01-27","0.02","0.0","42","22"
"USC00106152","MOSCOW U OF I, ID US","2021-01-28","0.03","0.0","42","27"
"USC00106152","MOSCOW U OF I, ID US","2021-01-29","0.01","0.0","38","28"
"USC00106152","MOSCOW U OF I, ID US","2021-01-30","0.03","0.0","45","27"
"USC00106152","MOSCOW U OF I, ID US","2021-01-31","0.00","0.0","52","31"
"USC00106152","MOSCOW U OF I, ID US","2021-02-01","0.00","0.0","54","32"
"USC00106152","MOSCOW U OF I, ID US","2021-02-02","0.34","0.0","50","33"
"USC00106152","MOSCOW U OF I, ID US","2021-02-03","0.05","0.0","37","25"
"USC00106152","MOSCOW U OF I, ID US","2021-02-04","0.01","0.0","39","28"
"USC00106152","MOSCOW U OF I, ID US","2021-02-05","0.39","0.0","47","31"
"USC00106152","MOSCOW U OF I, ID US","2021-02-06","0.02","0.0","43","36"
"USC00106152","MOSCOW U OF I, ID US","2021-02-07","0.18","2.7","40","30"
"USC00106152","MOSCOW U OF I, ID US","2021-02-08","0.05","1.0","32","23"
"USC00106152","MOSCOW U OF I, ID US","2021-02-09","0.04","1.0","28","16"
"USC00106152","MOSCOW U OF I, ID US","2021-02-10","0.00","0.0","28","9"
"USC00106152","MOSCOW U OF I, ID US","2021-02-11","0.00","0.0","30","6"
"USC00106152","MOSCOW U OF I, ID US","2021-02-12","0.04","1.5","26","10"
"USC00106152","MOSCOW U OF I, ID US","2021-02-13","0.10","3.1","20","12"
"USC00106152","MOSCOW U OF I, ID US","2021-02-14","0.01","0.5","26","7"
"USC00106152","MOSCOW U OF I, ID US","2021-02-15","0.44","6.5","28","15"
"USC00106152","MOSCOW U OF I, ID US","2021-02-16","0.31","4.2","28","18"
"USC00106152","MOSCOW U OF I, ID US","2021-02-17","0.05","1.1","32","24"
"USC00106152","MOSCOW U OF I, ID US","2021-02-18","0.00","0.0","30","17"
"USC00106152","MOSCOW U OF I, ID US","2021-02-19","0.26","3.7","37","26"
"USC00106152","MOSCOW U OF I, ID US","2021-02-20","0.03","0.5","34","24"
"USC00106152","MOSCOW U OF I, ID US","2021-02-21","0.04","0.0","40","18"
"USC00106152","MOSCOW U OF I, ID US","2021-02-22","0.21","0.0","42","35"
"USC00106152","MOSCOW U OF I, ID US","2021-02-23","0.07","0.0","42","29"
"USC00106152","MOSCOW U OF I, ID US","2021-02-24","0.02","0.0","36","26"
"USC00106152","MOSCOW U OF I, ID US","2021-02-25","0.14","2.4","41","20"
"USC00106152","MOSCOW U OF I, ID US","2021-02-26","0.18","2.8","38","31"
"USC00106152","MOSCOW U OF I, ID US","2021-02-27","0.11","1.4","37","26"
"USC00106152","MOSCOW U OF I, ID US","2021-02-28","0.00","0.0","38","17"
"USC00106152","MOSCOW U OF I, ID US","2021-03-01","0.00","0.0","45","25"
"USC00106152","MOSCOW U OF I, ID US","2021-03-02","0.00","0.0","50","35"
"USC00106152","MOSCOW U OF I, ID US","2021-03-03","0.00","0.0","51","29"
"USC00106152","MOSCOW U OF I, ID US","2021-03-04","0.00","0.0","55","31"
"USC00106152","MOSCOW U OF I, ID US","2021-03-05","0.00","0.0","53","35"
"USC00106152","MOSCOW U OF I, ID US","2021-03-06","0.06","0.0","47","32"
"USC00106152","MOSCOW U OF I, ID US","2021-03-07","0.03","0.0","43","31"
"USC00106152","MOSCOW U OF I, ID US","2021-03-08","0.00","0.0","42","29"
"USC00106152","MOSCOW U OF I, ID US","2021-03-09","0.00","0.0","47","29"
"USC00106152","MOSCOW U OF I, ID US","2021-03-10","0.01","0.0","50","27"
"USC00106152","MOSCOW U OF I, ID US","2021-03-11","0.00","0.0","50","23"
"USC00106152","MOSCOW U OF I, ID US","2021-03-12","0.00","0.0","52","25"
"USC00106152","MOSCOW U OF I, ID US","2021-03-13","0.00","0.0","58","27"
"USC00106152","MOSCOW U OF I, ID US","2021-03-14","0.00","0.0","60","31"
"USC00106152","MOSCOW U OF I, ID US","2021-03-15","0.00","0.0","55","33"
"USC00106152","MOSCOW U OF I, ID US","2021-03-16","0.00","0.0","50","32"
"USC00106152","MOSCOW U OF I, ID US","2021-03-17","0.00","0.0","59","27"
"USC00106152","MOSCOW U OF I, ID US","2021-03-18","0.00","0.0","66","36"
"USC00106152","MOSCOW U OF I, ID US","2021-03-19","0.10","0.0","63","37"
"USC00106152","MOSCOW U OF I, ID US","2021-03-20","0.01","0.0","45","29"
"USC00106152","MOSCOW U OF I, ID US","2021-03-21","0.00","0.0","44","32"
"USC00106152","MOSCOW U OF I, ID US","2021-03-22","0.56","2.2","44","31"
"USC00106152","MOSCOW U OF I, ID US","2021-03-23","0.15","0.5","46","25"
"USC00106152","MOSCOW U OF I, ID US","2021-03-24","0.19","0.0","43","29"
"USC00106152","MOSCOW U OF I, ID US","2021-03-25","0.17","0.0","42","34"
"USC00106152","MOSCOW U OF I, ID US","2021-03-26","0.03","0.0","50","28"
"USC00106152","MOSCOW U OF I, ID US","2021-03-27","0.00","0.0","56","27"
"USC00106152","MOSCOW U OF I, ID US","2021-03-28","0.00","0.0","60","39"
"USC00106152","MOSCOW U OF I, ID US","2021-03-29","0.16","0.2","56","28"
"USC00106152","MOSCOW U OF I, ID US","2021-03-30","0.00","0.0","45","19"
"USC00106152","MOSCOW U OF I, ID US","2021-03-31","0.00","0.0","57","25"
"USC00106152","MOSCOW U OF I, ID US","2021-04-01","0.00","0.0","68","35"
"USC00106152","MOSCOW U OF I, ID US","2021-04-02","0.00","0.0","64","31"
"USC00106152","MOSCOW U OF I, ID US","2021-04-03","0.00","0.0","62","34"
"USC00106152","MOSCOW U OF I, ID US","2021-04-04","0.02","0.0","59","30"
"USC00106152","MOSCOW U OF I, ID US","2021-04-05","0.07","0.0","50","32"
"USC00106152","MOSCOW U OF I, ID US","2021-04-06","0.00","0.0","60","25"
"USC00106152","MOSCOW U OF I, ID US","2021-04-07","0.00","0.0","61","35"
"USC00106152","MOSCOW U OF I, ID US","2021-04-08","0.12","0.0","51","35"
"USC00106152","MOSCOW U OF I, ID US","2021-04-09","0.00","0.0","57","23"
"USC00106152","MOSCOW U OF I, ID US","2021-04-10","0.15","1.1","53","33"
"USC00106152","MOSCOW U OF I, ID US","2021-04-11","0.00","0.0","47","17"
"USC00106152","MOSCOW U OF I, ID US","2021-04-12","0.00","0.0","55","19"
"USC00106152","MOSCOW U OF I, ID US","2021-04-13","0.00","0.0","56","33"
"USC00106152","MOSCOW U OF I, ID US","2021-04-14","0.00","0.0","62","30"
"USC00106152","MOSCOW U OF I, ID US","2021-04-15","0.00","0.0","66","37"
"USC00106152","MOSCOW U OF I, ID US","2021-04-16","0.00","0.0","68","34"
"USC00106152","MOSCOW U OF I, ID US","2021-04-17","0.00","0.0","73","37"
"USC00106152","MOSCOW U OF I, ID US","2021-04-18","0.00","0.0","74","36"
"USC00106152","MOSCOW U OF I, ID US","2021-04-19","0.00","0.0","71","33"
"USC00106152","MOSCOW U OF I, ID US","2021-04-20","0.00","0.0","60","27"
"USC00106152","MOSCOW U OF I, ID US","2021-04-21","0.00","0.0","66","29"
"USC00106152","MOSCOW U OF I, ID US","2021-04-22","0.00","0.0","67","33"
"USC00106152","MOSCOW U OF I, ID US","2021-04-23","0.00","0.0","63","31"
"USC00106152","MOSCOW U OF I, ID US","2021-04-24","0.06","0.0","60","40"
"USC00106152","MOSCOW U OF I, ID US","2021-04-25","0.10","0.0","55","40"
"USC00106152","MOSCOW U OF I, ID US","2021-04-26","0.00","0.0","60","33"
"USC00106152","MOSCOW U OF I, ID US","2021-04-27","0.00","0.0","63","30"
"USC00106152","MOSCOW U OF I, ID US","2021-04-28","0.00","0.0","68","32"
"USC00106152","MOSCOW U OF I, ID US","2021-04-29","0.00","0.0","78","44"
"USC00106152","MOSCOW U OF I, ID US","2021-04-30","0.00","0.0","77","44"
"USC00106152","MOSCOW U OF I, ID US","2021-05-01","0.00","0.0","67","45"
"USC00106152","MOSCOW U OF I, ID US","2021-05-02","0.00","0.0","63","38"
"USC00106152","MOSCOW U OF I, ID US","2021-05-03","0.00","0.0","65","32"
"USC00106152","MOSCOW U OF I, ID US","2021-05-04","0.00","0.0","65","34"
"USC00106152","MOSCOW U OF I, ID US","2021-05-05","0.00","0.0","72","35"
"USC00106152","MOSCOW U OF I, ID US","2021-05-06","0.00","0.0","86","50"
"USC00106152","MOSCOW U OF I, ID US","2021-05-07","0.00","0.0","80","42"
"USC00106152","MOSCOW U OF I, ID US","2021-05-08","0.00","0.0","55","32"
"USC00106152","MOSCOW U OF I, ID US","2021-05-09","0.00","0.0","60","27"
"USC00106152","MOSCOW U OF I, ID US","2021-05-10","0.00","0.0","64","34"
"USC00106152","MOSCOW U OF I, ID US","2021-05-11","0.00","0.0","70","36"
"USC00106152","MOSCOW U OF I, ID US","2021-05-12","0.01","0.0","74","36"
"USC00106152","MOSCOW U OF I, ID US","2021-05-13","0.00","0.0","73","36"
"USC00106152","MOSCOW U OF I, ID US","2021-05-14","0.00","0.0","78","40"
"USC00106152","MOSCOW U OF I, ID US","2021-05-15","0.00","0.0","78","35"
"USC00106152","MOSCOW U OF I, ID US","2021-05-16","0.00","0.0","82","40"
"USC00106152","MOSCOW U OF I, ID US","2021-05-17","0.00","0.0","81","42"
"USC00106152","MOSCOW U OF I, ID US","2021-05-18","0.00","0.0","77","48"
"USC00106152","MOSCOW U OF I, ID US","2021-05-19","0.03","0.0","60","40"
"USC00106152","MOSCOW U OF I, ID US","2021-05-20","0.45","0.0","49","39"
"USC00106152","MOSCOW U OF I, ID US","2021-05-21","0.02","0.0","57","33"
"USC00106152","MOSCOW U OF I, ID US","2021-05-22","0.00","0.0","65","43"
"USC00106152","MOSCOW U OF I, ID US","2021-05-23","0.00","0.0","65","38"
"USC00106152","MOSCOW U OF I, ID US","2021-05-24","0.00","0.0","65","48"
"USC00106152","MOSCOW U OF I, ID US","2021-05-25","0.10","0.0","66","39"
"USC00106152","MOSCOW U OF I, ID US","2021-05-26","0.08","0.0","69","47"
"USC00106152","MOSCOW U OF I, ID US","2021-05-27","0.00","0.0","74","48"
"USC00106152","MOSCOW U OF I, ID US","2021-05-28","0.00","0.0","68","40"
"USC00106152","MOSCOW U OF I, ID US","2021-05-29","0.00","0.0","72","36"
"USC00106152","MOSCOW U OF I, ID US","2021-05-30","0.00","0.0","77","34"
"USC00106152","MOSCOW U OF I, ID US","2021-05-31","0.00","0.0","81","38"
"USC00106152","MOSCOW U OF I, ID US","2021-06-01","0.00","0.0","86","46"
"USC00106152","MOSCOW U OF I, ID US","2021-06-02","0.00","0.0","91","51"
"USC00106152","MOSCOW U OF I, ID US","2021-06-03","0.00","0.0","89","54"
"USC00106152","MOSCOW U OF I, ID US","2021-06-04","0.00","0.0","85","58"
"USC00106152","MOSCOW U OF I, ID US","2021-06-05","0.00","0.0","78","52"
"USC00106152","MOSCOW U OF I, ID US","2021-06-06","0.12","0.0","63","35"
"USC00106152","MOSCOW U OF I, ID US","2021-06-07","0.00","0.0","61","34"
"USC00106152","MOSCOW U OF I, ID US","2021-06-08","0.00","0.0","71","45"
"USC00106152","MOSCOW U OF I, ID US","2021-06-09","0.08","0.0","68","43"
"USC00106152","MOSCOW U OF I, ID US","2021-06-10","0.00","0.0","65","47"
"USC00106152","MOSCOW U OF I, ID US","2021-06-11","0.00","0.0","74","36"
"USC00106152","MOSCOW U OF I, ID US","2021-06-12","0.13","0.0","74","49"
"USC00106152","MOSCOW U OF I, ID US","2021-06-13","0.00","0.0","89","50"
"USC00106152","MOSCOW U OF I, ID US","2021-06-14","0.00","0.0","84","52"
"USC00106152","MOSCOW U OF I, ID US","2021-06-15","0.51","0.0","80","50"
"USC00106152","MOSCOW U OF I, ID US","2021-06-16","0.03","0.0","71","39"
"USC00106152","MOSCOW U OF I, ID US","2021-06-17","0.00","0.0","77","39"
"USC00106152","MOSCOW U OF I, ID US","2021-06-18","0.00","0.0","83","42"
"USC00106152","MOSCOW U OF I, ID US","2021-06-19","0.00","0.0","80","43"
"USC00106152","MOSCOW U OF I, ID US","2021-06-20","0.00","0.0","83","45"
"USC00106152","MOSCOW U OF I, ID US","2021-06-21","0.00","0.0","87","52"
"USC00106152","MOSCOW U OF I, ID US","2021-06-22","0.00","0.0","88","49"
"USC00106152","MOSCOW U OF I, ID US","2021-06-23","0.00","0.0","87","60"
"USC00106152","MOSCOW U OF I, ID US","2021-06-24","0.00","0.0","88","46"
"USC00106152","MOSCOW U OF I, ID US","2021-06-25","0.00","0.0","87","48"
"USC00106152","MOSCOW U OF I, ID US","2021-06-26","0.00","0.0","95","53"
"USC00106152","MOSCOW U OF I, ID US","2021-06-27","0.00","0.0","98","62"
"USC00106152","MOSCOW U OF I, ID US","2021-06-28","0.00","0.0","101","64"
"USC00106152","MOSCOW U OF I, ID US","2021-06-29","0.00","0.0","105","63"
"USC00106152","MOSCOW U OF I, ID US","2021-06-30","0.00","0.0","104","68"
"USC00106152","MOSCOW U OF I, ID US","2021-07-01","0.02","0.0","99","69"
"USC00106152","MOSCOW U OF I, ID US","2021-07-02","0.00","0.0","89","54"
"USC00106152","MOSCOW U OF I, ID US","2021-07-03","0.00","0.0","92","46"
"USC00106152","MOSCOW U OF I, ID US","2021-07-04","0.00","0.0","91","45"
"USC00106152","MOSCOW U OF I, ID US","2021-07-05","0.00","0.0","91","45"
"USC00106152","MOSCOW U OF I, ID US","2021-07-06","0.00","0.0","96","47"
"USC00106152","MOSCOW U OF I, ID US","2021-07-07","0.02","0.0","93","51"
"USC00106152","MOSCOW U OF I, ID US","2021-07-08","0.00","0.0","85","48"
"USC00106152","MOSCOW U OF I, ID US","2021-07-09","0.00","0.0","89","43"
"USC00106152","MOSCOW U OF I, ID US","2021-07-10","0.00","0.0","94","50"
"USC00106152","MOSCOW U OF I, ID US","2021-07-11","0.00","0.0","92","45"
"USC00106152","MOSCOW U OF I, ID US","2021-07-12","0.00","0.0","93","45"
"USC00106152","MOSCOW U OF I, ID US","2021-07-13","0.00","0.0","95","46"
"USC00106152","MOSCOW U OF I, ID US","2021-07-14","0.00","0.0","95","51"
"USC00106152","MOSCOW U OF I, ID US","2021-07-15","0.00","0.0","92","52"
"USC00106152","MOSCOW U OF I, ID US","2021-07-16","0.00","0.0","86","45"
"USC00106152","MOSCOW U OF I, ID US","2021-07-17","0.00","0.0","85","48"
"USC00106152","MOSCOW U OF I, ID US","2021-07-18","0.00","0.0","91","45"
"USC00106152","MOSCOW U OF I, ID US","2021-07-19","0.00","0.0","89","52"
"USC00106152","MOSCOW U OF I, ID US","2021-07-20","0.00","0.0","88","55"
"USC00106152","MOSCOW U OF I, ID US","2021-07-21","0.01","0.0","87","52"
"USC00106152","MOSCOW U OF I, ID US","2021-07-22","0.00","0.0","80","42"
"USC00106152","MOSCOW U OF I, ID US","2021-07-23","0.00","0.0","85","38"
"USC00106152","MOSCOW U OF I, ID US","2021-07-24","0.00","0.0","92","43"
"USC00106152","MOSCOW U OF I, ID US","2021-07-25","0.00","0.0","96","45"
"USC00106152","MOSCOW U OF I, ID US","2021-07-26","0.00","0.0","95","46"
"USC00106152","MOSCOW U OF I, ID US","2021-07-27","0.00",,"89","51"
"USC00106152","MOSCOW U OF I, ID US","2021-07-28","0.00","0.0","92","61"
"USC00106152","MOSCOW U OF I, ID US","2021-07-29","0.00","0.0","97","53"
"USC00106152","MOSCOW U OF I, ID US","2021-07-30","0.00","0.0","104","54"
"USC00106152","MOSCOW U OF I, ID US","2021-07-31","0.00","0.0","105","58"
"USC00106152","MOSCOW U OF I, ID US","2021-08-01","0.09","0.0","100","66"
"USC00106152","MOSCOW U OF I, ID US","2021-08-02","0.00","0.0","92","62"
"USC00106152","MOSCOW U OF I, ID US","2021-08-03","0.00","0.0","96","57"
"USC00106152","MOSCOW U OF I, ID US","2021-08-04","0.03","0.0","96","65"
"USC00106152","MOSCOW U OF I, ID US","2021-08-05","0.00","0.0","91","54"
"USC00106152","MOSCOW U OF I, ID US","2021-08-06","0.00","0.0","88","54"
"USC00106152","MOSCOW U OF I, ID US","2021-08-07","0.00","0.0","88","50"
"USC00106152","MOSCOW U OF I, ID US","2021-08-08","0.00","0.0","84","58"
"USC00106152","MOSCOW U OF I, ID US","2021-08-09","0.00","0.0","80","46"
"USC00106152","MOSCOW U OF I, ID US","2021-08-10","0.00","0.0","88","44"
"USC00106152","MOSCOW U OF I, ID US","2021-08-11","0.00","0.0","96","52"
"USC00106152","MOSCOW U OF I, ID US","2021-08-12","0.00","0.0","94","55"
"USC00106152","MOSCOW U OF I, ID US","2021-08-13","0.00","0.0","94","50"
"USC00106152","MOSCOW U OF I, ID US","2021-08-14","0.00","0.0","95","51"
"USC00106152","MOSCOW U OF I, ID US","2021-08-15","0.00","0.0","97","58"
"USC00106152","MOSCOW U OF I, ID US","2021-08-16","0.00","0.0","93","55"
"USC00106152","MOSCOW U OF I, ID US","2021-08-17","0.00","0.0","88","55"
"USC00106152","MOSCOW U OF I, ID US","2021-08-18","0.00","0.0","73","45"
"USC00106152","MOSCOW U OF I, ID US","2021-08-19","0.00","0.0","80","46"
"USC00106152","MOSCOW U OF I, ID US","2021-08-20","0.00","0.0","80","50"
"USC00106152","MOSCOW U OF I, ID US","2021-08-21","0.47","0.0","74","49"
"USC00106152","MOSCOW U OF I, ID US","2021-08-22","0.00","0.0","76","44"
"USC00106152","MOSCOW U OF I, ID US","2021-08-23","0.00","0.0","71","39"
"USC00106152","MOSCOW U OF I, ID US","2021-08-24","0.00","0.0","78","35"
"USC00106152","MOSCOW U OF I, ID US","2021-08-25","0.00","0.0","80","40"
"USC00106152","MOSCOW U OF I, ID US","2021-08-26","0.00","0.0","74","42"
"USC00106152","MOSCOW U OF I, ID US","2021-08-27","0.00","0.0","73","50"
"USC00106152","MOSCOW U OF I, ID US","2021-08-28","0.00","0.0","81","39"
"USC00106152","MOSCOW U OF I, ID US","2021-08-29","0.00","0.0","87","42"
"USC00106152","MOSCOW U OF I, ID US","2021-08-30","0.00","0.0","83","39"
"USC00106152","MOSCOW U OF I, ID US","2021-08-31","0.00","0.0","75","46"
"USC00106152","MOSCOW U OF I, ID US","2021-09-01","0.00","0.0","70","29"
"USC00106152","MOSCOW U OF I, ID US","2021-09-02","0.00","0.0","75","31"
"USC00106152","MOSCOW U OF I, ID US","2021-09-03","0.00","0.0","80","34"
"USC00106152","MOSCOW U OF I, ID US","2021-09-04","0.00","0.0","84","47"
"USC00106152","MOSCOW U OF I, ID US","2021-09-05","0.00","0.0","85","46"
"USC00106152","MOSCOW U OF I, ID US","2021-09-06","0.00","0.0","81","49"
"USC00106152","MOSCOW U OF I, ID US","2021-09-07","0.00","0.0","90","41"
"USC00106152","MOSCOW U OF I, ID US","2021-09-08","0.00","0.0","86","50"
"USC00106152","MOSCOW U OF I, ID US","2021-09-09","0.00","0.0","86","50"
"USC00106152","MOSCOW U OF I, ID US","2021-09-10","0.01","0.0","81","57"
"USC00106152","MOSCOW U OF I, ID US","2021-09-11","0.11","0.0","73","51"
"USC00106152","MOSCOW U OF I, ID US","2021-09-12","0.00","0.0","75","42"
"USC00106152","MOSCOW U OF I, ID US","2021-09-13","0.00","0.0","73","41"
"USC00106152","MOSCOW U OF I, ID US","2021-09-14","0.00","0.0","78","35"
"USC00106152","MOSCOW U OF I, ID US","2021-09-15","0.00","0.0","74","48"
"USC00106152","MOSCOW U OF I, ID US","2021-09-16","0.00","0.0","67","28"
"USC00106152","MOSCOW U OF I, ID US","2021-09-17","0.00","0.0","76","36"
"USC00106152","MOSCOW U OF I, ID US","2021-09-18","0.31","0.0","72","49"
"USC00106152","MOSCOW U OF I, ID US","2021-09-19","0.14","0.0","61","43"
"USC00106152","MOSCOW U OF I, ID US","2021-09-20","0.00","0.0","65","43"
"USC00106152","MOSCOW U OF I, ID US","2021-09-21","0.00","0.0","75","38"
"USC00106152","MOSCOW U OF I, ID US","2021-09-22","0.00","0.0","76","47"
"USC00106152","MOSCOW U OF I, ID US","2021-09-23","0.00","0.0","73","39"
"USC00106152","MOSCOW U OF I, ID US","2021-09-24","0.00","0.0","80","38"
"USC00106152","MOSCOW U OF I, ID US","2021-09-25","0.00","0.0","83","49"
"USC00106152","MOSCOW U OF I, ID US","2021-09-26","0.00","0.0","77","42"
"USC00106152","MOSCOW U OF I, ID US","2021-09-27","0.00","0.0","75","39"
"USC00106152","MOSCOW U OF I, ID US","2021-09-28","0.35","0.0","65","42"
"USC00106152","MOSCOW U OF I, ID US","2021-09-29","0.00","0.0","63","34"
"USC00106152","MOSCOW U OF I, ID US","2021-09-30","0.00","0.0","75","39"
"USC00106152","MOSCOW U OF I, ID US","2021-10-01","0.02","0.0","70","46"
"USC00106152","MOSCOW U OF I, ID US","2021-10-02","0.00","0.0","71","33"
"USC00106152","MOSCOW U OF I, ID US","2021-10-03","0.00","0.0","73","36"
"USC00106152","MOSCOW U OF I, ID US","2021-10-04","0.00","0.0","82","40"
"USC00106152","MOSCOW U OF I, ID US","2021-10-05","0.00","0.0","80","48"
"USC00106152","MOSCOW U OF I, ID US","2021-10-06","0.05","0.0","70","39"
"USC00106152","MOSCOW U OF I, ID US","2021-10-07","0.00","0.0","61","25"
"USC00106152","MOSCOW U OF I, ID US","2021-10-08","0.03","0.0","54","31"
"USC00106152","MOSCOW U OF I, ID US","2021-10-09","0.00","0.0","59","23"
"USC00106152","MOSCOW U OF I, ID US","2021-10-10","0.01","0.0","58","38"
"USC00106152","MOSCOW U OF I, ID US","2021-10-11","0.00","0.0","53","21"
"USC00106152","MOSCOW U OF I, ID US","2021-10-12","0.00","0.0","53","14"
"USC00106152","MOSCOW U OF I, ID US","2021-10-13","0.06","0.0","48","24"
"USC00106152","MOSCOW U OF I, ID US","2021-10-14","0.03","0.0","52","22"
"USC00106152","MOSCOW U OF I, ID US","2021-10-15","0.00","0.0","58","36"
"USC00106152","MOSCOW U OF I, ID US","2021-10-16","0.00","0.0","72","38"
"USC00106152","MOSCOW U OF I, ID US","2021-10-17","0.00","0.0","75","44"
"USC00106152","MOSCOW U OF I, ID US","2021-10-18","0.00","0.0","66","33"
"USC00106152","MOSCOW U OF I, ID US","2021-10-19","0.00","0.0","68","27"
"USC00106152","MOSCOW U OF I, ID US","2021-10-20","0.01","0.0","62","45"
"USC00106152","MOSCOW U OF I, ID US","2021-10-21","0.00","0.0","69","42"
"USC00106152","MOSCOW U OF I, ID US","2021-10-22","0.17","0.0","62","44"
"USC00106152","MOSCOW U OF I, ID US","2021-10-23","0.16","0.0","53","33"
"USC00106152","MOSCOW U OF I, ID US","2021-10-24","0.22","0.0","49","37"
"USC00106152","MOSCOW U OF I, ID US","2021-10-25","0.46","0.0","53","38"
"USC00106152","MOSCOW U OF I, ID US","2021-10-26","0.08","0.0","54","35"
"USC00106152","MOSCOW U OF I, ID US","2021-10-27","0.03","0.0","52","29"
"USC00106152","MOSCOW U OF I, ID US","2021-10-28","0.06","0.0","55","38"
"USC00106152","MOSCOW U OF I, ID US","2021-10-29","0.52","0.0","51","44"
"USC00106152","MOSCOW U OF I, ID US","2021-10-30","0.02","0.0","50","26"
"USC00106152","MOSCOW U OF I, ID US","2021-10-31","0.00","0.0","50","22"
"USC00106152","MOSCOW U OF I, ID US","2021-11-01","0.00","0.0","56","25"
"USC00106152","MOSCOW U OF I, ID US","2021-11-02","0.05","0.0","55","36"
"USC00106152","MOSCOW U OF I, ID US","2021-11-03","0.00","0.0","58","42"
"USC00106152","MOSCOW U OF I, ID US","2021-11-04","0.28","0.0","54","42"
"USC00106152","MOSCOW U OF I, ID US","2021-11-05","0.07","0.0","48","34"
"USC00106152","MOSCOW U OF I, ID US","2021-11-06","0.55","0.0","46","31"
"USC00106152","MOSCOW U OF I, ID US","2021-11-07","0.00","0.0","46","24"
"USC00106152","MOSCOW U OF I, ID US","2021-11-08","0.00","0.0","48","29"
"USC00106152","MOSCOW U OF I, ID US","2021-11-09","0.48","0.0","46","30"
"USC00106152","MOSCOW U OF I, ID US","2021-11-10","0.00","0.0","43","26"
"USC00106152","MOSCOW U OF I, ID US","2021-11-11","0.15","0.0","38","28"
"USC00106152","MOSCOW U OF I, ID US","2021-11-12","1.34","0.0","52","35"
"USC00106152","MOSCOW U OF I, ID US","2021-11-13","0.37","0.0","52","36"
"USC00106152","MOSCOW U OF I, ID US","2021-11-14","0.16","0.0","62","40"
"USC00106152","MOSCOW U OF I, ID US","2021-11-15","0.00","0.0","60","39"
"USC00106152","MOSCOW U OF I, ID US","2021-11-16","0.01","0.0","56","29"
"USC00106152","MOSCOW U OF I, ID US","2021-11-17","0.00","0.0","39","17"
"USC00106152","MOSCOW U OF I, ID US","2021-11-18","0.03","0.0","38","28"
"USC00106152","MOSCOW U OF I, ID US","2021-11-19","0.76","0.0","48","29"
"USC00106152","MOSCOW U OF I, ID US","2021-11-20","0.09","0.0","40","28"
"USC00106152","MOSCOW U OF I, ID US","2021-11-21","0.00","0.0","41","28"
"USC00106152","MOSCOW U OF I, ID US","2021-11-22","0.00","0.0","48","30"
"USC00106152","MOSCOW U OF I, ID US","2021-11-23","0.30","1.5","43","29"
"USC00106152","MOSCOW U OF I, ID US","2021-11-24","0.00","0.0","40","23"
"USC00106152","MOSCOW U OF I, ID US","2021-11-25","0.00","0.0","40","30"
"USC00106152","MOSCOW U OF I, ID US","2021-11-26","0.05","0.0","52","34"
"USC00106152","MOSCOW U OF I, ID US","2021-11-27","0.00","0.0","47","35"
"USC00106152","MOSCOW U OF I, ID US","2021-11-28","0.12","0.0","55","40"
"USC00106152","MOSCOW U OF I, ID US","2021-11-29","0.46","0.0","53","40"
"USC00106152","MOSCOW U OF I, ID US","2021-11-30","0.05","0.0","47","35"
"USC00106152","MOSCOW U OF I, ID US","2021-12-01","0.00","0.0","61","40"
"USC00106152","MOSCOW U OF I, ID US","2021-12-02","0.00","0.0","54","40"
"USC00106152","MOSCOW U OF I, ID US","2021-12-03","0.00","0.0","45","27"
"USC00106152","MOSCOW U OF I, ID US","2021-12-04","0.20","0.0","40","32"
"USC00106152","MOSCOW U OF I, ID US","2021-12-05","0.20","0.0","38","27"
"USC00106152","MOSCOW U OF I, ID US","2021-12-06","0.17","1.6","32","20"
"USC00106152","MOSCOW U OF I, ID US","2021-12-07","0.10","0.0","36","28"
"USC00106152","MOSCOW U OF I, ID US","2021-12-08","0.38","0.0","42","29"
"USC00106152","MOSCOW U OF I, ID US","2021-12-09","0.04","0.0","34","23"
"USC00106152","MOSCOW U OF I, ID US","2021-12-10","0.03","1.0","34","11"
"USC00106152","MOSCOW U OF I, ID US","2021-12-11","0.05","0.0","38","25"
"USC00106152","MOSCOW U OF I, ID US","2021-12-12","0.63","2.5","40","30"
"USC00106152","MOSCOW U OF I, ID US","2021-12-13","0.02","0.0","37","26"
"USC00106152","MOSCOW U OF I, ID US","2021-12-14","0.35","2.0","39","26"
"USC00106152","MOSCOW U OF I, ID US","2021-12-15","0.00","0.0","32","12"
"USC00106152","MOSCOW U OF I, ID US","2021-12-16","0.06","2.0","37","20"
"USC00106152","MOSCOW U OF I, ID US","2021-12-17","0.01","0.2","30","6"
"USC00106152","MOSCOW U OF I, ID US","2021-12-18","0.04","0.8","35","16"
"USC00106152","MOSCOW U OF I, ID US","2021-12-19","0.41","1.6","39","30"
"USC00106152","MOSCOW U OF I, ID US","2021-12-20","0.19","2.0","36","24"
"USC00106152","MOSCOW U OF I, ID US","2021-12-21","0.17","0.5","33","25"
"USC00106152","MOSCOW U OF I, ID US","2021-12-22","0.00","0.0","40","26"
"USC00106152","MOSCOW U OF I, ID US","2021-12-23","0.11","0.2","41","28"
"USC00106152","MOSCOW U OF I, ID US","2021-12-24","0.00","0.0","35","26"
"USC00106152","MOSCOW U OF I, ID US","2021-12-25","0.00","0.0","35","20"
"USC00106152","MOSCOW U OF I, ID US","2021-12-26","0.08","2.2","27","20"
"USC00106152","MOSCOW U OF I, ID US","2021-12-27","0.11","2.5","20","8"
"USC00106152","MOSCOW U OF I, ID US","2021-12-28","0.08","2.0","20","8"
"USC00106152","MOSCOW U OF I, ID US","2021-12-29","0.02","1.0","14","-5"
"USC00106152","MOSCOW U OF I, ID US","2021-12-30","0.33","5.0","22","5"
"USC00106152","MOSCOW U OF I, ID US","2021-12-31","0.10","2.0","20","4"
"USC00106152","MOSCOW U OF I, ID US","2022-01-01","0.00","0.0","14","-14"
"USC00106152","MOSCOW U OF I, ID US","2022-01-02","0.00","0.0","27","10"
"USC00106152","MOSCOW U OF I, ID US","2022-01-03","0.10","1.5","37","18"
"USC00106152","MOSCOW U OF I, ID US","2022-01-04","0.06","2.2","33","13"
"USC00106152","MOSCOW U OF I, ID US","2022-01-05","0.21","3.1","31","23"
"USC00106152","MOSCOW U OF I, ID US","2022-01-06","0.97","7.8","33","22"
"USC00106152","MOSCOW U OF I, ID US","2022-01-07","0.52","0.0","42","27"
"USC00106152","MOSCOW U OF I, ID US","2022-01-08","0.00","0.0","35","20"
"USC00106152","MOSCOW U OF I, ID US","2022-01-09","0.00","0.0","34","18"
"USC00106152","MOSCOW U OF I, ID US","2022-01-10","0.00","0.0","34","18"
"USC00106152","MOSCOW U OF I, ID US","2022-01-11","0.00","0.0","37","22"
"USC00106152","MOSCOW U OF I, ID US","2022-01-12","0.10","0.0","41","32"
"USC00106152","MOSCOW U OF I, ID US","2022-01-13","0.00","0.0","45","30"
"USC00106152","MOSCOW U OF I, ID US","2022-01-14","0.00","0.0","44","28"
"USC00106152","MOSCOW U OF I, ID US","2022-01-15","0.00","0.0","40","27"
"USC00106152","MOSCOW U OF I, ID US","2022-01-16","0.00","0.0","38","25"
"USC00106152","MOSCOW U OF I, ID US","2022-01-17","0.00","0.0","39","27"
"USC00106152","MOSCOW U OF I, ID US","2022-01-18","0.02","0.0","39","27"
"USC00106152","MOSCOW U OF I, ID US","2022-01-19","0.02","0.0","44","32"
"USC00106152","MOSCOW U OF I, ID US","2022-01-20","0.88","0.0","46","32"
"USC00106152","MOSCOW U OF I, ID US","2022-01-21","0.00","0.0","44","26"
"USC00106152","MOSCOW U OF I, ID US","2022-01-22","0.00","0.0","40","25"
"USC00106152","MOSCOW U OF I, ID US","2022-01-23","0.00","0.0","39","24"
"USC00106152","MOSCOW U OF I, ID US","2022-01-24","0.00","0.0","35","22"
"USC00106152","MOSCOW U OF I, ID US","2022-01-25","0.00","0.0","35","25"
"USC00106152","MOSCOW U OF I, ID US","2022-01-26","0.00","0.0","32","20"
"USC00106152","MOSCOW U OF I, ID US","2022-01-27","0.00","0.0","34","22"
"USC00106152","MOSCOW U OF I, ID US","2022-01-28","0.00","0.0","35","18"
"USC00106152","MOSCOW U OF I, ID US","2022-01-29","0.00","0.0","36","15"
"USC00106152","MOSCOW U OF I, ID US","2022-01-30","0.00","0.0","37","22"
"USC00106152","MOSCOW U OF I, ID US","2022-01-31","0.02","0.2","37","28"
"USC00106152","MOSCOW U OF I, ID US","2022-02-01","0.23","1.0","34","11"
"USC00106152","MOSCOW U OF I, ID US","2022-02-02","0.00","0.0","25","-1"
"USC00106152","MOSCOW U OF I, ID US","2022-02-03","0.10","2.0","30","17"
"USC00106152","MOSCOW U OF I, ID US","2022-02-04","0.00","0.0","36","25"
"USC00106152","MOSCOW U OF I, ID US","2022-02-05","0.00","0.0","44","30"
"USC00106152","MOSCOW U OF I, ID US","2022-02-06","0.00","0.0","43","24"
"USC00106152","MOSCOW U OF I, ID US","2022-02-07","0.00","0.0","52","31"
"USC00106152","MOSCOW U OF I, ID US","2022-02-08","0.00","0.0","45","25"
"USC00106152","MOSCOW U OF I, ID US","2022-02-09","0.00","0.0","55","31"
"USC00106152","MOSCOW U OF I, ID US","2022-02-10","0.00","0.0","56","33"
"USC00106152","MOSCOW U OF I, ID US","2022-02-11","0.00","0.0","50","23"
"USC00106152","MOSCOW U OF I, ID US","2022-02-12","0.00","0.0","50","20"
"USC00106152","MOSCOW U OF I, ID US","2022-02-13","0.00","0.0","45","26"
"USC00106152","MOSCOW U OF I, ID US","2022-02-14","0.13","0.0","42","34"
"USC00106152","MOSCOW U OF I, ID US","2022-02-15","0.06","0.0","40","31"
"USC00106152","MOSCOW U OF I, ID US","2022-02-16","0.03","0.0","43","30"
"USC00106152","MOSCOW U OF I, ID US","2022-02-17","0.00","0.0","47","23"
"USC00106152","MOSCOW U OF I, ID US","2022-02-18","0.00","0.0","50","27"
"USC00106152","MOSCOW U OF I, ID US","2022-02-19","0.00","0.0","51","33"
"USC00106152","MOSCOW U OF I, ID US","2022-02-20","0.26","0.7","42","31"
"USC00106152","MOSCOW U OF I, ID US","2022-02-21","0.01","0.0","37","27"
"USC00106152","MOSCOW U OF I, ID US","2022-02-22","0.00","0.0","29","9"
"USC00106152","MOSCOW U OF I, ID US","2022-02-23","0.00","0.0","19","3"
"USC00106152","MOSCOW U OF I, ID US","2022-02-24","0.01","0.3","25","11"
"USC00106152","MOSCOW U OF I, ID US","2022-02-25","0.00","0.0","30","8"
"USC00106152","MOSCOW U OF I, ID US","2022-02-26","0.00","0.0","37","16"
"USC00106152","MOSCOW U OF I, ID US","2022-02-27","0.08","1.0","38","25"
"USC00106152","MOSCOW U OF I, ID US","2022-02-28","0.65","0.0","45","32"
"USC00106152","MOSCOW U OF I, ID US","2022-03-01","0.42","0.0","51","39"
"USC00106152","MOSCOW U OF I, ID US","2022-03-02","0.59","0.0","50","39"
"USC00106152","MOSCOW U OF I, ID US","2022-03-03","0.59","0.0","46","38"
"USC00106152","MOSCOW U OF I, ID US","2022-03-04","0.02","0.0","42","25"
"USC00106152","MOSCOW U OF I, ID US","2022-03-05","0.00","0.0","45","25"
"USC00106152","MOSCOW U OF I, ID US","2022-03-06","0.00","0.0","45","24"
"USC00106152","MOSCOW U OF I, ID US","2022-03-07","0.00","0.0","50","25"
"USC00106152","MOSCOW U OF I, ID US","2022-03-08","0.00","0.0","45","31"
"USC00106152","MOSCOW U OF I, ID US","2022-03-09","0.00","0.0","36","20"
"USC00106152","MOSCOW U OF I, ID US","2022-03-10","0.00","0.0","36","13"
"USC00106152","MOSCOW U OF I, ID US","2022-03-11","0.00","0.0","40","26"
"USC00106152","MOSCOW U OF I, ID US","2022-03-12","0.00","0.0","57","33"
"USC00106152","MOSCOW U OF I, ID US","2022-03-13","0.28","0.3","55","31"
"USC00106152","MOSCOW U OF I, ID US","2022-03-14","0.01","0.0","50","41"
"USC00106152","MOSCOW U OF I, ID US","2022-03-15","0.38","0.0","52","41"
"USC00106152","MOSCOW U OF I, ID US","2022-03-16","0.01","0.0","60","34"
"USC00106152","MOSCOW U OF I, ID US","2022-03-17","0.00","0.0","56","28"
"USC00106152","MOSCOW U OF I, ID US","2022-03-18","0.05","0.0","53","36"
"USC00106152","MOSCOW U OF I, ID US","2022-03-19","0.12","0.0","52","36"
"USC00106152","MOSCOW U OF I, ID US","2022-03-20","0.10","0.0","45","29"
"USC00106152","MOSCOW U OF I, ID US","2022-03-21","0.03","0.0","42","28"
"USC00106152","MOSCOW U OF I, ID US","2022-03-22","0.02","0.0","55","37"
"USC00106152","MOSCOW U OF I, ID US","2022-03-23","0.00","0.0","65","39"
"USC00106152","MOSCOW U OF I, ID US","2022-03-24","0.00","0.0","58","33"
"USC00106152","MOSCOW U OF I, ID US","2022-03-25","0.00","0.0","58","37"
"USC00106152","MOSCOW U OF I, ID US","2022-03-26","0.00","0.0","63","35"
"USC00106152","MOSCOW U OF I, ID US","2022-03-27","0.00","0.0","67","42"
"USC00106152","MOSCOW U OF I, ID US","2022-03-28","0.03","0.0","62","38"
"USC00106152","MOSCOW U OF I, ID US","2022-03-29","0.00","0.0","58","36"
"USC00106152","MOSCOW U OF I, ID US","2022-03-30","0.00","0.0","56","33"
"USC00106152","MOSCOW U OF I, ID US","2022-03-31","0.00","0.0","47","26"
"USC00106152","MOSCOW U OF I, ID US","2022-04-01","0.00","0.0","55","24"
"USC00106152","MOSCOW U OF I, ID US","2022-04-02","0.21","0.0","53","33"
"USC00106152","MOSCOW U OF I, ID US","2022-04-03","0.00","0.0","56","30"
"USC00106152","MOSCOW U OF I, ID US","2022-04-04","0.89","0.0","49","37"
"USC00106152","MOSCOW U OF I, ID US","2022-04-05","0.02","0.0","47","27"
"USC00106152","MOSCOW U OF I, ID US","2022-04-06","0.00","0.0","53","24"
"USC00106152","MOSCOW U OF I, ID US","2022-04-07","0.00","0.0","68","33"
"USC00106152","MOSCOW U OF I, ID US","2022-04-08","0.00","0.0","66","42"
"USC00106152","MOSCOW U OF I, ID US","2022-04-09","0.00","0.0","50","30"
"USC00106152","MOSCOW U OF I, ID US","2022-04-10","0.25","3.0","45","24"
"USC00106152","MOSCOW U OF I, ID US","2022-04-11","0.17","1.0","36","23"
"USC00106152","MOSCOW U OF I, ID US","2022-04-12","0.10","0.5","38","26"
"USC00106152","MOSCOW U OF I, ID US","2022-04-13","0.00","0.0","45","25"
"USC00106152","MOSCOW U OF I, ID US","2022-04-14","0.28","2.0","41","23"
"USC00106152","MOSCOW U OF I, ID US","2022-04-15","0.00","0.0","42","25"
"USC00106152","MOSCOW U OF I, ID US","2022-04-16","0.13","1.0","38","27"
"USC00106152","MOSCOW U OF I, ID US","2022-04-17","0.05","0.5","47","23"
"USC00106152","MOSCOW U OF I, ID US","2022-04-18","0.00","0.0","55","33"
"USC00106152","MOSCOW U OF I, ID US","2022-04-19","0.17","0.0","53","30"
"USC00106152","MOSCOW U OF I, ID US","2022-04-20","0.17","0.0","54","31"
"USC00106152","MOSCOW U OF I, ID US","2022-04-21","0.01","0.0","53","39"
"USC00106152","MOSCOW U OF I, ID US","2022-04-22","0.00","0.0","56","29"
"USC00106152","MOSCOW U OF I, ID US","2022-04-23","0.00","0.0","58","29"
"USC00106152","MOSCOW U OF I, ID US","2022-04-24","0.00","0.0","63","32"
"USC00106152","MOSCOW U OF I, ID US","2022-04-25","0.00","0.0","67","41"
"USC00106152","MOSCOW U OF I, ID US","2022-04-26","0.62","0.0","61","38"
"USC00106152","MOSCOW U OF I, ID US","2022-04-27","0.00","0.0","52","30"
"USC00106152","MOSCOW U OF I, ID US","2022-04-28","0.00","0.0","55","31"
"USC00106152","MOSCOW U OF I, ID US","2022-04-29","0.02","0.0","55","35"
"USC00106152","MOSCOW U OF I, ID US","2022-04-30","0.08","0.0","52","37"
"USC00106152","MOSCOW U OF I, ID US","2022-05-01","0.00","0.0","57","41"
"USC00106152","MOSCOW U OF I, ID US","2022-05-02","0.00","0.0","60","36"
"USC00106152","MOSCOW U OF I, ID US","2022-05-03","0.00","0.0","57","40"
"USC00106152","MOSCOW U OF I, ID US","2022-05-04","0.00","0.0","70","38"
"USC00106152","MOSCOW U OF I, ID US","2022-05-05","0.42","0.0","65","50"
"USC00106152","MOSCOW U OF I, ID US","2022-05-06","0.69","0.0","56","44"
"USC00106152","MOSCOW U OF I, ID US","2022-05-07","0.30","0.0","53","40"
"USC00106152","MOSCOW U OF I, ID US","2022-05-08","0.02","0.0","48","29"
"USC00106152","MOSCOW U OF I, ID US","2022-05-09","0.00","0.0","51","25"
"USC00106152","MOSCOW U OF I, ID US","2022-05-10","0.00","0.0","55","25"
"USC00106152","MOSCOW U OF I, ID US","2022-05-11","0.00","0.0","58","31"
"USC00106152","MOSCOW U OF I, ID US","2022-05-12","0.00","0.0","61","28"
"USC00106152","MOSCOW U OF I, ID US","2022-05-13","0.52","0.0","55","32"
"USC00106152","MOSCOW U OF I, ID US","2022-05-14","0.24","0.0","56","39"
"USC00106152","MOSCOW U OF I, ID US","2022-05-15","0.00","0.0","70","43"
"USC00106152","MOSCOW U OF I, ID US","2022-05-16","0.37","0.0","69","49"
"USC00106152","MOSCOW U OF I, ID US","2022-05-17","0.00","0.0","62","35"
"USC00106152","MOSCOW U OF I, ID US","2022-05-18","0.09","0.0","57","39"
"USC00106152","MOSCOW U OF I, ID US","2022-05-19","0.00","0.0","53","36"
"USC00106152","MOSCOW U OF I, ID US","2022-05-20","0.00","0.0","58","30"
"USC00106152","MOSCOW U OF I, ID US","2022-05-21","0.02","0.0","60","32"
"USC00106152","MOSCOW U OF I, ID US","2022-05-22","0.00","0.0","65","31"
"USC00106152","MOSCOW U OF I, ID US","2022-05-23","0.00","0.0","65","35"
"USC00106152","MOSCOW U OF I, ID US","2022-05-24","0.00","0.0","69","34"
"USC00106152","MOSCOW U OF I, ID US","2022-05-25","0.02","0.0","67","50"
"USC00106152","MOSCOW U OF I, ID US","2022-05-26","0.00","0.0","76","48"
"USC00106152","MOSCOW U OF I, ID US","2022-05-27","0.44","0.0","72","48"
"USC00106152","MOSCOW U OF I, ID US","2022-05-28","0.11","0.0","58","45"
"USC00106152","MOSCOW U OF I, ID US","2022-05-29","0.04","0.0","54","45"
"USC00106152","MOSCOW U OF I, ID US","2022-05-30","0.10","0.0","48","38"
"USC00106152","MOSCOW U OF I, ID US","2022-05-31","0.00","0.0","68","39"
"USC00106152","MOSCOW U OF I, ID US","2022-06-01","0.00","0.0","73","46"
"USC00106152","MOSCOW U OF I, ID US","2022-06-02","0.00","0.0","78","52"
"USC00106152","MOSCOW U OF I, ID US","2022-06-03","0.16","0.0","75","51"
"USC00106152","MOSCOW U OF I, ID US","2022-06-04","0.97","0.0","65","47"
"USC00106152","MOSCOW U OF I, ID US","2022-06-05","0.16","0.0","70","49"
"USC00106152","MOSCOW U OF I, ID US","2022-06-06","0.03","0.0","65","46"
"USC00106152","MOSCOW U OF I, ID US","2022-06-07","0.00","0.0","71","38"
"USC00106152","MOSCOW U OF I, ID US","2022-06-08","0.00","0.0","73","55"
"USC00106152","MOSCOW U OF I, ID US","2022-06-09","0.00","0.0","76","46"
"USC00106152","MOSCOW U OF I, ID US","2022-06-10","0.17","0.0","73","58"
"USC00106152","MOSCOW U OF I, ID US","2022-06-11","1.22","0.0","69","53"
"USC00106152","MOSCOW U OF I, ID US","2022-06-12","0.28","0.0","62","46"
"USC00106152","MOSCOW U OF I, ID US","2022-06-13","1.19","0.0","55","39"
"USC00106152","MOSCOW U OF I, ID US","2022-06-14","0.14","0.0","55","40"
"USC00106152","MOSCOW U OF I, ID US","2022-06-15","0.00","0.0","70","38"
"USC00106152","MOSCOW U OF I, ID US","2022-06-16","0.00","0.0","71","53"
"USC00106152","MOSCOW U OF I, ID US","2022-06-17","0.00","0.0","68","50"
"USC00106152","MOSCOW U OF I, ID US","2022-06-18","0.28","0.0","64","46"
"USC00106152","MOSCOW U OF I, ID US","2022-06-19","0.09","0.0","61","41"
"USC00106152","MOSCOW U OF I, ID US","2022-06-20","0.12","0.0","66","43"
"USC00106152","MOSCOW U OF I, ID US","2022-06-21","0.00","0.0","75","48"
"USC00106152","MOSCOW U OF I, ID US","2022-06-22","0.00","0.0","78","48"
"USC00106152","MOSCOW U OF I, ID US","2022-06-23","0.00","0.0","76","50"
"USC00106152","MOSCOW U OF I, ID US","2022-06-24","0.00","0.0","70","37"
"USC00106152","MOSCOW U OF I, ID US","2022-06-25","0.00","0.0","79","42"
"USC00106152","MOSCOW U OF I, ID US","2022-06-26","0.00","0.0","85","47"
"USC00106152","MOSCOW U OF I, ID US","2022-06-27","0.00","0.0","91","50"
"USC00106152","MOSCOW U OF I, ID US","2022-06-28","0.00","0.0","89","54"
"USC00106152","MOSCOW U OF I, ID US","2022-06-29","0.00","0.0","72","43"
"USC00106152","MOSCOW U OF I, ID US","2022-06-30","0.00","0.0","81","48"
"USC00106152","MOSCOW U OF I, ID US","2022-07-01","0.00","0.0","82","45"
"USC00106152","MOSCOW U OF I, ID US","2022-07-02","0.00","0.0","84","46"
"USC00106152","MOSCOW U OF I, ID US","2022-07-03","0.54","0.0","75","45"
"USC00106152","MOSCOW U OF I, ID US","2022-07-04","0.06","0.0","68","51"
"USC00106152","MOSCOW U OF I, ID US","2022-07-05","0.00","0.0","82","45"
"USC00106152","MOSCOW U OF I, ID US","2022-07-06","0.00","0.0","78","53"
"USC00106152","MOSCOW U OF I, ID US","2022-07-07","0.03","0.0","77","53"
"USC00106152","MOSCOW U OF I, ID US","2022-07-08","0.00","0.0","79","50"
"USC00106152","MOSCOW U OF I, ID US","2022-07-09","0.00","0.0","79","50"
"USC00106152","MOSCOW U OF I, ID US","2022-07-10","0.00","0.0","77","52"
"USC00106152","MOSCOW U OF I, ID US","2022-07-11","0.00","0.0","83","47"
"USC00106152","MOSCOW U OF I, ID US","2022-07-12","0.00","0.0","90","50"
"USC00106152","MOSCOW U OF I, ID US","2022-07-13","0.02","0.0","87","60"
"USC00106152","MOSCOW U OF I, ID US","2022-07-14","0.00","0.0","85","45"
"USC00106152","MOSCOW U OF I, ID US","2022-07-15","0.00","0.0","85","48"
"USC00106152","MOSCOW U OF I, ID US","2022-07-16","0.00","0.0","83","46"
"USC00106152","MOSCOW U OF I, ID US","2022-07-17","0.00","0.0","81","48"
"USC00106152","MOSCOW U OF I, ID US","2022-07-18","0.03","0.0","77","49"
"USC00106152","MOSCOW U OF I, ID US","2022-07-19","0.00","0.0","85","49"
"USC00106152","MOSCOW U OF I, ID US","2022-07-20","0.00","0.0","89","48"
"USC00106152","MOSCOW U OF I, ID US","2022-07-21","0.00","0.0","90","48"
"USC00106152","MOSCOW U OF I, ID US","2022-07-22","0.00","0.0","87","45"
"USC00106152","MOSCOW U OF I, ID US","2022-07-23","0.00","0.0","85","43"
"USC00106152","MOSCOW U OF I, ID US","2022-07-24","0.00","0.0","87","52"
"USC00106152","MOSCOW U OF I, ID US","2022-07-25","0.00","0.0","92","50"
"USC00106152","MOSCOW U OF I, ID US","2022-07-26","0.00","0.0","95","55"
"USC00106152","MOSCOW U OF I, ID US","2022-07-27","0.00","0.0","95","57"
"USC00106152","MOSCOW U OF I, ID US","2022-07-28","0.00","0.0","97","56"
"USC00106152","MOSCOW U OF I, ID US","2022-07-29","0.00","0.0","99","57"
"USC00106152","MOSCOW U OF I, ID US","2022-07-30","0.00","0.0","98","56"
"USC00106152","MOSCOW U OF I, ID US","2022-07-31","0.00","0.0","98","55"
"USC00106152","MOSCOW U OF I, ID US","2022-08-01","0.00","0.0","95","56"
"USC00106152","MOSCOW U OF I, ID US","2022-08-02","0.00","0.0","88","54"
"USC00106152","MOSCOW U OF I, ID US","2022-08-03","0.00","0.0","93","44"
"USC00106152","MOSCOW U OF I, ID US","2022-08-04","0.00","0.0","89","49"
"USC00106152","MOSCOW U OF I, ID US","2022-08-05","0.00","0.0","81","38"
"USC00106152","MOSCOW U OF I, ID US","2022-08-06","0.00","0.0","83","38"
"USC00106152","MOSCOW U OF I, ID US","2022-08-07","0.00","0.0","88","43"
"USC00106152","MOSCOW U OF I, ID US","2022-08-08","0.00","0.0","95","48"
"USC00106152","MOSCOW U OF I, ID US","2022-08-09","0.00","0.0","97","55"
"USC00106152","MOSCOW U OF I, ID US","2022-08-10","0.00","0.0","95","65"
"USC00106152","MOSCOW U OF I, ID US","2022-08-11","0.04","0.0","82","54"
"USC00106152","MOSCOW U OF I, ID US","2022-08-12","0.07","0.0","88","54"
"USC00106152","MOSCOW U OF I, ID US","2022-08-13","0.00","0.0","86","51"
"USC00106152","MOSCOW U OF I, ID US","2022-08-14","0.00","0.0","87","42"
"USC00106152","MOSCOW U OF I, ID US","2022-08-15","0.00","0.0","91","43"
"USC00106152","MOSCOW U OF I, ID US","2022-08-16","0.00","0.0","95","46"
"USC00106152","MOSCOW U OF I, ID US","2022-08-17","0.00","0.0","99","50"
"USC00106152","MOSCOW U OF I, ID US","2022-08-18","0.00","0.0","100","51"
"USC00106152","MOSCOW U OF I, ID US","2022-08-19","0.00","0.0","97","56"
"USC00106152","MOSCOW U OF I, ID US","2022-08-20","0.00","0.0","92","62"
"USC00106152","MOSCOW U OF I, ID US","2022-08-21","0.00","0.0","95","55"
"USC00106152","MOSCOW U OF I, ID US","2022-08-22","0.04","0.0","91","50"
"USC00106152","MOSCOW U OF I, ID US","2022-08-23","0.00","0.0","90","50"
"USC00106152","MOSCOW U OF I, ID US","2022-08-24","0.00","0.0","89","51"
"USC00106152","MOSCOW U OF I, ID US","2022-08-25","0.00","0.0","88","52"
"USC00106152","MOSCOW U OF I, ID US","2022-08-26","0.00","0.0","88","51"
"USC00106152","MOSCOW U OF I, ID US","2022-08-27","0.00","0.0","85","57"
"USC00106152","MOSCOW U OF I, ID US","2022-08-28","0.00","0.0","77","39"
"USC00106152","MOSCOW U OF I, ID US","2022-08-29","0.00","0.0","88","43"
"USC00106152","MOSCOW U OF I, ID US","2022-08-30","0.00","0.0","97","49"
"USC00106152","MOSCOW U OF I, ID US","2022-08-31","0.00","0.0","103","57"
"USC00106152","MOSCOW U OF I, ID US","2022-09-01","0.00","0.0","95","50"
"USC00106152","MOSCOW U OF I, ID US","2022-09-02","0.00","0.0","97","54"
"USC00106152","MOSCOW U OF I, ID US","2022-09-03","0.01","0.0","93","64"
"USC00106152","MOSCOW U OF I, ID US","2022-09-04","0.00","0.0","86","41"
"USC00106152","MOSCOW U OF I, ID US","2022-09-05","0.00","0.0","83","46"
"USC00106152","MOSCOW U OF I, ID US","2022-09-06","0.00","0.0","92","42"
"USC00106152","MOSCOW U OF I, ID US","2022-09-07","0.00","0.0","90","49"
"USC00106152","MOSCOW U OF I, ID US","2022-09-08","0.00","0.0","83","38"
"USC00106152","MOSCOW U OF I, ID US","2022-09-09","0.00","0.0","78","35"
"USC00106152","MOSCOW U OF I, ID US","2022-09-10","0.00","0.0","81","47"
"USC00106152","MOSCOW U OF I, ID US","2022-09-11","0.00","0.0","81","51"
"USC00106152","MOSCOW U OF I, ID US","2022-09-12","0.00","0.0","79","46"
"USC00106152","MOSCOW U OF I, ID US","2022-09-13","0.00","0.0","78","47"
"USC00106152","MOSCOW U OF I, ID US","2022-09-14","0.03","0.0","73","44"
"USC00106152","MOSCOW U OF I, ID US","2022-09-15","0.00","0.0","76","40"
"USC00106152","MOSCOW U OF I, ID US","2022-09-16","0.00","0.0","71","41"
"USC00106152","MOSCOW U OF I, ID US","2022-09-17","0.00","0.0","76","32"
"USC00106152","MOSCOW U OF I, ID US","2022-09-18","0.00","0.0","72","42"
"USC00106152","MOSCOW U OF I, ID US","2022-09-19","0.00","0.0","77","40"
"USC00106152","MOSCOW U OF I, ID US","2022-09-20","0.00","0.0","79","36"
"USC00106152","MOSCOW U OF I, ID US","2022-09-21","0.00","0.0","80","49"
"USC00106152","MOSCOW U OF I, ID US","2022-09-22","0.66","0.0","65","46"
"USC00106152","MOSCOW U OF I, ID US","2022-09-23","0.00","0.0","69","41"
"USC00106152","MOSCOW U OF I, ID US","2022-09-24","0.00","0.0","77","46"
"USC00106152","MOSCOW U OF I, ID US","2022-09-25","0.00","0.0","82","44"
"USC00106152","MOSCOW U OF I, ID US","2022-09-26","0.00","0.0","85","48"
"USC00106152","MOSCOW U OF I, ID US","2022-09-27","0.00","0.0","90","55"
"USC00106152","MOSCOW U OF I, ID US","2022-09-28","0.00","0.0","86","46"
"USC00106152","MOSCOW U OF I, ID US","2022-09-29","1.22","0.0","72","49"
"USC00106152","MOSCOW U OF I, ID US","2022-09-30","0.43","0.0","67","50"
"USC00106152","MOSCOW U OF I, ID US","2022-10-01","0.00","0.0","74","43"
"USC00106152","MOSCOW U OF I, ID US","2022-10-02","0.00","0.0","75","46"
"USC00106152","MOSCOW U OF I, ID US","2022-10-03","0.00","0.0","77","45"
"USC00106152","MOSCOW U OF I, ID US","2022-10-04","0.00","0.0","80","48"
"USC00106152","MOSCOW U OF I, ID US","2022-10-05","0.00","0.0","81","47"
"USC00106152","MOSCOW U OF I, ID US","2022-10-06","0.00","0.0","80","46"
"USC00106152","MOSCOW U OF I, ID US","2022-10-07","0.00","0.0","79","46"
"USC00106152","MOSCOW U OF I, ID US","2022-10-08","0.00","0.0","75","43"
"USC00106152","MOSCOW U OF I, ID US","2022-10-09","0.00","0.0","76","42"
"USC00106152","MOSCOW U OF I, ID US","2022-10-10","0.00","0.0","76","41"
"USC00106152","MOSCOW U OF I, ID US","2022-10-11","0.00","0.0","72","38"
"USC00106152","MOSCOW U OF I, ID US","2022-10-12","0.00","0.0","74","39"
"USC00106152","MOSCOW U OF I, ID US","2022-10-13","0.00","0.0","75","40"
"USC00106152","MOSCOW U OF I, ID US","2022-10-14","0.00","0.0","74","39"
"USC00106152","MOSCOW U OF I, ID US","2022-10-15","0.00","0.0","77","40"
"USC00106152","MOSCOW U OF I, ID US","2022-10-16","0.00","0.0","76","42"
"USC00106152","MOSCOW U OF I, ID US","2022-10-17","0.00","0.0","77","44"
"USC00106152","MOSCOW U OF I, ID US","2022-10-18","0.00","0.0","77","39"
"USC00106152","MOSCOW U OF I, ID US","2022-10-19","0.00","0.0","73","36"
"USC00106152","MOSCOW U OF I, ID US","2022-10-20","0.00","0.0","68","39"
"USC00106152","MOSCOW U OF I, ID US","2022-10-21","0.13","0.0","56","38"
"USC00106152","MOSCOW U OF I, ID US","2022-10-22","0.59","0.0","46","34"
"USC00106152","MOSCOW U OF I, ID US","2022-10-23","0.00","0.0","44","32"
"USC00106152","MOSCOW U OF I, ID US","2022-10-24","0.32","0.0","42","32"
"USC00106152","MOSCOW U OF I, ID US","2022-10-25","0.00","0.0","50","33"
"USC00106152","MOSCOW U OF I, ID US","2022-10-26","0.34","0.0","47","36"
"USC00106152","MOSCOW U OF I, ID US","2022-10-27","0.00","0.0","51","30"
"USC00106152","MOSCOW U OF I, ID US","2022-10-28","0.00","0.0","55","36"
"USC00106152","MOSCOW U OF I, ID US","2022-10-29","0.00","0.0","58","43"
"USC00106152","MOSCOW U OF I, ID US","2022-10-30","0.00","0.0","56","38"
"USC00106152","MOSCOW U OF I, ID US","2022-10-31","0.55","0.0","53","44"
"USC00106152","MOSCOW U OF I, ID US","2022-11-01","0.77","0.0","49","35"
"USC00106152","MOSCOW U OF I, ID US","2022-11-02","0.42","2.5","43","30"
"USC00106152","MOSCOW U OF I, ID US","2022-11-03","0.06","0.5","38","30"
"USC00106152","MOSCOW U OF I, ID US","2022-11-04","1.92","2.2","49","29"
"USC00106152","MOSCOW U OF I, ID US","2022-11-05","0.79","0.0","53","30"
"USC00106152","MOSCOW U OF I, ID US","2022-11-06","0.03","0.0","44","28"
"USC00106152","MOSCOW U OF I, ID US","2022-11-07","0.38","2.5","42","32"
"USC00106152","MOSCOW U OF I, ID US","2022-11-08","0.00","0.0","45","28"
"USC00106152","MOSCOW U OF I, ID US","2022-11-09","0.00","0.0","38","17"
"USC00106152","MOSCOW U OF I, ID US","2022-11-10","0.00","0.0","39","20"
"USC00106152","MOSCOW U OF I, ID US","2022-11-11","0.00","0.0","36","24"
"USC00106152","MOSCOW U OF I, ID US","2022-11-12","0.00","0.0","42","26"
"USC00106152","MOSCOW U OF I, ID US","2022-11-13","0.00","0.0","32","26"
"USC00106152","MOSCOW U OF I, ID US","2022-11-14","0.00","0.0","34","28"
"USC00106152","MOSCOW U OF I, ID US","2022-11-15","0.00","0.0","37","18"
"USC00106152","MOSCOW U OF I, ID US","2022-11-16","0.00","0.0","28","15"
"USC00106152","MOSCOW U OF I, ID US","2022-11-17","0.00","0.0","39","25"
"USC00106152","MOSCOW U OF I, ID US","2022-11-18","0.00","0.0","35","12"
"USC00106152","MOSCOW U OF I, ID US","2022-11-19","0.00","0.0","35","15"
"USC00106152","MOSCOW U OF I, ID US","2022-11-20","0.00","0.0","37","20"
"USC00106152","MOSCOW U OF I, ID US","2022-11-21","0.00","0.0","39","20"
"USC00106152","MOSCOW U OF I, ID US","2022-11-22","0.03","0.0","40","28"
"USC00106152","MOSCOW U OF I, ID US","2022-11-23","0.50","1.3","42","28"
"USC00106152","MOSCOW U OF I, ID US","2022-11-24","0.00","0.0","45","31"
"USC00106152","MOSCOW U OF I, ID US","2022-11-25","0.00","0.0","43","34"
"USC00106152","MOSCOW U OF I, ID US","2022-11-26","0.18","0.5","40","29"
"USC00106152","MOSCOW U OF I, ID US","2022-11-27","0.12","0.0","40","24"
"USC00106152","MOSCOW U OF I, ID US","2022-11-28","0.23","3.5","34","22"
"USC00106152","MOSCOW U OF I, ID US","2022-11-29","0.00","0.0","26",
"USC00106152","MOSCOW U OF I, ID US","2022-11-30","0.31","4.0","35","13"
"USC00106152","MOSCOW U OF I, ID US","2022-12-01","0.27","2.0","35","23"
"USC00106152","MOSCOW U OF I, ID US","2022-12-02","0.01","0.0","32","21"
"USC00106152","MOSCOW U OF I, ID US","2022-12-03","0.00","0.0","28","11"
"USC00106152","MOSCOW U OF I, ID US","2022-12-04","0.03","0.3","28","15"
"USC00106152","MOSCOW U OF I, ID US","2022-12-05","0.07","1.6","28","18"
"USC00106152","MOSCOW U OF I, ID US","2022-12-06","0.00","0.0","33","23"
"USC00106152","MOSCOW U OF I, ID US","2022-12-07","0.00","0.0","36","25"
"USC00106152","MOSCOW U OF I, ID US","2022-12-08","0.00","0.0","32","18"
"USC00106152","MOSCOW U OF I, ID US","2022-12-09","0.13","1.5","36","27"
"USC00106152","MOSCOW U OF I, ID US","2022-12-10","0.08","0.5","37","23"
"USC00106152","MOSCOW U OF I, ID US","2022-12-11","0.00","0.0","40","30"
"USC00106152","MOSCOW U OF I, ID US","2022-12-12","0.01","0.0","35","21"
"USC00106152","MOSCOW U OF I, ID US","2022-12-13","0.00","0.0","30","21"
"USC00106152","MOSCOW U OF I, ID US","2022-12-14","0.15","1.5","32","25"
"USC00106152","MOSCOW U OF I, ID US","2022-12-15","0.01","0.0","27","23"
"USC00106152","MOSCOW U OF I, ID US","2022-12-16","0.00","0.0","26","22"
"USC00106152","MOSCOW U OF I, ID US","2022-12-17","0.00","0.0","26","15"
"USC00106152","MOSCOW U OF I, ID US","2022-12-18","0.00","0.0","34","17"
"USC00106152","MOSCOW U OF I, ID US","2022-12-19","0.20","3.5","31","20"
"USC00106152","MOSCOW U OF I, ID US","2022-12-20","0.26","4.0","30","19"
"USC00106152","MOSCOW U OF I, ID US","2022-12-21","0.12","1.2","27","1"
"USC00106152","MOSCOW U OF I, ID US","2022-12-22","0.00","0.0","7","-22"
"USC00106152","MOSCOW U OF I, ID US","2022-12-23","0.16","2.0","20","-3"
"USC00106152","MOSCOW U OF I, ID US","2022-12-24","0.42","2.0","36","11"
"USC00106152","MOSCOW U OF I, ID US","2022-12-25","0.09","0.0","40","34"
"USC00106152","MOSCOW U OF I, ID US","2022-12-26","0.01","0.0","45","36"
"USC00106152","MOSCOW U OF I, ID US","2022-12-27","1.08","0.0","47","37"
"USC00106152","MOSCOW U OF I, ID US","2022-12-28","0.62","0.0","41","32"
"USC00106152","MOSCOW U OF I, ID US","2022-12-29","0.00","0.0","36","26"
"USC00106152","MOSCOW U OF I, ID US","2022-12-30","0.24","2.3","40","31"
"USC00106152","MOSCOW U OF I, ID US","2022-12-31","0.18","0.0","41","32"
"USC00106152","MOSCOW U OF I, ID US","2023-01-01","0.00","0.0","38","28"
"USC00106152","MOSCOW U OF I, ID US","2023-01-02","0.00","0.0","34","25"
"USC00106152","MOSCOW U OF I, ID US","2023-01-03","0.01","0.0","30","20"
"USC00106152","MOSCOW U OF I, ID US","2023-01-04","0.00","0.0","36","21"
"USC00106152","MOSCOW U OF I, ID US","2023-01-05","0.00","0.0","42","29"
"USC00106152","MOSCOW U OF I, ID US","2023-01-06","0.04","0.0","44","33"
"USC00106152","MOSCOW U OF I, ID US","2023-01-07","0.00","0.0","40","30"
"USC00106152","MOSCOW U OF I, ID US","2023-01-08","0.13","0.0","40","34"
"USC00106152","MOSCOW U OF I, ID US","2023-01-09","0.13","0.0","39","31"
"USC00106152","MOSCOW U OF I, ID US","2023-01-10","0.00","0.0","40","29"
"USC00106152","MOSCOW U OF I, ID US","2023-01-11","0.15","0.0","40","30"
"USC00106152","MOSCOW U OF I, ID US","2023-01-12","0.30","0.0","39","32"
"USC00106152","MOSCOW U OF I, ID US","2023-01-13","0.12","0.0","45","37"
"USC00106152","MOSCOW U OF I, ID US","2023-01-14","0.03","0.0","48","38"
"USC00106152","MOSCOW U OF I, ID US","2023-01-15","0.00","0.0","50","35"
"USC00106152","MOSCOW U OF I, ID US","2023-01-16","0.05","0.0","45","33"
"USC00106152","MOSCOW U OF I, ID US","2023-01-17","0.00","0.0","39","24"
"USC00106152","MOSCOW U OF I, ID US","2023-01-18","0.00","0.0","38","27"
"USC00106152","MOSCOW U OF I, ID US","2023-01-19","0.20","1.5","35","29"
"USC00106152","MOSCOW U OF I, ID US","2023-01-20","0.00","0.0","37","22"
"USC00106152","MOSCOW U OF I, ID US","2023-01-21","0.00","0.0","36","23"
"USC00106152","MOSCOW U OF I, ID US","2023-01-22","0.10","1.0","33","26"
"USC00106152","MOSCOW U OF I, ID US","2023-01-23","0.00","0.0","32","18"
"USC00106152","MOSCOW U OF I, ID US","2023-01-24","0.00","0.0","37","22"
"USC00106152","MOSCOW U OF I, ID US","2023-01-25","0.00","0.0","35","29"
"USC00106152","MOSCOW U OF I, ID US","2023-01-26","0.00","0.0","40","31"
"USC00106152","MOSCOW U OF I, ID US","2023-01-27","0.17","0.0","40","32"
"USC00106152","MOSCOW U OF I, ID US","2023-01-28","0.02","0.0","39","23"
"USC00106152","MOSCOW U OF I, ID US","2023-01-29","0.00","0.0","23","7"
"USC00106152","MOSCOW U OF I, ID US","2023-01-30","0.00","0.0","20","4"
"USC00106152","MOSCOW U OF I, ID US","2023-01-31","0.00","0.0","29","15"
"USC00106152","MOSCOW U OF I, ID US","2023-02-01","0.00","0.0","35","21"
"USC00106152","MOSCOW U OF I, ID US","2023-02-02","0.00","0.0","41","24"
"USC00106152","MOSCOW U OF I, ID US","2023-02-03","0.00","0.0","42","27"
"USC00106152","MOSCOW U OF I, ID US","2023-02-04","0.04","0.0","47","33"
"USC00106152","MOSCOW U OF I, ID US","2023-02-05","0.33","0.0","40","33"
"USC00106152","MOSCOW U OF I, ID US","2023-02-06","0.10","0.0","44","32"
"USC00106152","MOSCOW U OF I, ID US","2023-02-07","0.07","0.0","45","30"
"USC00106152","MOSCOW U OF I, ID US","2023-02-08","0.17","0.0","42","31"
"USC00106152","MOSCOW U OF I, ID US","2023-02-09","0.00","0.0","41","25"
"USC00106152","MOSCOW U OF I, ID US","2023-02-10","0.00","0.0","46","30"
"USC00106152","MOSCOW U OF I, ID US","2023-02-11","0.00","0.0","45","24"
"USC00106152","MOSCOW U OF I, ID US","2023-02-12","0.00","0.0","45","26"
"USC00106152","MOSCOW U OF I, ID US","2023-02-13","0.00","0.0","43","34"
"USC00106152","MOSCOW U OF I, ID US","2023-02-14","0.06","0.2","34","26"
"USC00106152","MOSCOW U OF I, ID US","2023-02-15","0.00","0.0","39","20"
"USC00106152","MOSCOW U OF I, ID US","2023-02-16","0.00","0.0","40","24"
"USC00106152","MOSCOW U OF I, ID US","2023-02-17","0.00","0.0","41","30"
"USC00106152","MOSCOW U OF I, ID US","2023-02-18","0.00","0.0","41","33"
"USC00106152","MOSCOW U OF I, ID US","2023-02-19","0.00","0.0","43","28"
"USC00106152","MOSCOW U OF I, ID US","2023-02-20","0.00","0.0","48","37"
"USC00106152","MOSCOW U OF I, ID US","2023-02-21","0.04","0.0","45","30"
"USC00106152","MOSCOW U OF I, ID US","2023-02-22","0.08","1.0","30","16"
"USC00106152","MOSCOW U OF I, ID US","2023-02-23","0.00","0.0","25","6"
"USC00106152","MOSCOW U OF I, ID US","2023-02-24","0.00","0.0","30","2"
"USC00106152","MOSCOW U OF I, ID US","2023-02-25","0.00","0.0","40","8"
"USC00106152","MOSCOW U OF I, ID US","2023-02-26","0.01","0.0","37","29"
"USC00106152","MOSCOW U OF I, ID US","2023-02-27","0.00","0.0","40","21"
"USC00106152","MOSCOW U OF I, ID US","2023-02-28","0.10","2.0","40","26"
"USC00106152","MOSCOW U OF I, ID US","2023-03-01","0.09","1.5","35","9"
"USC00106152","MOSCOW U OF I, ID US","2023-03-02","0.15","2.2","38","26"
"USC00106152","MOSCOW U OF I, ID US","2023-03-03","0.02","0.0","39","25"
"USC00106152","MOSCOW U OF I, ID US","2023-03-04","0.00","0.0","42","24"
"USC00106152","MOSCOW U OF I, ID US","2023-03-05","0.19","2.5","40","28"
"USC00106152","MOSCOW U OF I, ID US","2023-03-06","0.00","0.0","41","28"
"USC00106152","MOSCOW U OF I, ID US","2023-03-07","0.00","0.0","43","23"
"USC00106152","MOSCOW U OF I, ID US","2023-03-08","0.00","0.0","45","26"
"USC00106152","MOSCOW U OF I, ID US","2023-03-09","0.15","3.2","45","24"
"USC00106152","MOSCOW U OF I, ID US","2023-03-10","0.29","3.0","40","30"
"USC00106152","MOSCOW U OF I, ID US","2023-03-11","0.01","0.0","43","20"
"USC00106152","MOSCOW U OF I, ID US","2023-03-12","0.00","0.0","51","29"
"USC00106152","MOSCOW U OF I, ID US","2023-03-13","0.06","0.0","48","37"
"USC00106152","MOSCOW U OF I, ID US","2023-03-14","0.42","0.5","44","24"
"USC00106152","MOSCOW U OF I, ID US","2023-03-15","0.04","0.0","44","29"
"USC00106152","MOSCOW U OF I, ID US","2023-03-16","0.00","0.0","46","24"
"USC00106152","MOSCOW U OF I, ID US","2023-03-17","0.00","0.0","50","27"
"USC00106152","MOSCOW U OF I, ID US","2023-03-18","0.00","0.0","55","30"
"USC00106152","MOSCOW U OF I, ID US","2023-03-19","0.00","0.0","57","29"
"USC00106152","MOSCOW U OF I, ID US","2023-03-20","0.11","0.0","54","36"
"USC00106152","MOSCOW U OF I, ID US","2023-03-21","0.06","0.0","55","36"
"USC00106152","MOSCOW U OF I, ID US","2023-03-22","0.00","0.0","56","27"
"USC00106152","MOSCOW U OF I, ID US","2023-03-23","0.08","0.0","53","28"
"USC00106152","MOSCOW U OF I, ID US","2023-03-24","0.11","0.5","47","27"
"USC00106152","MOSCOW U OF I, ID US","2023-03-25","0.00","0.0","40","25"
"USC00106152","MOSCOW U OF I, ID US","2023-03-26","0.00","0.0","42","25"
"USC00106152","MOSCOW U OF I, ID US","2023-03-27","0.00","0.0","47","24"
"USC00106152","MOSCOW U OF I, ID US","2023-03-28","0.00","0.0","48","31"
"USC00106152","MOSCOW U OF I, ID US","2023-03-29","0.00","0.0","48","34"
"USC00106152","MOSCOW U OF I, ID US","2023-03-30","0.15","0.0","48","35"
"USC00106152","MOSCOW U OF I, ID US","2023-03-31","0.00","0.0","50","31"
"USC00106152","MOSCOW U OF I, ID US","2023-04-01","0.37","0.0","45","31"
"USC00106152","MOSCOW U OF I, ID US","2023-04-02","0.18","1.0","45","22"
"USC00106152","MOSCOW U OF I, ID US","2023-04-03","0.17","2.0","35","28"
"USC00106152","MOSCOW U OF I, ID US","2023-04-04","0.03","0.5","42","29"
"USC00106152","MOSCOW U OF I, ID US","2023-04-05","0.00","0.0","48","22"
"USC00106152","MOSCOW U OF I, ID US","2023-04-06","0.00","0.0","57","28"
"USC00106152","MOSCOW U OF I, ID US","2023-04-07","0.00","0.0","53","41"
"USC00106152","MOSCOW U OF I, ID US","2023-04-08","0.03","0.0","56","30"
"USC00106152","MOSCOW U OF I, ID US","2023-04-09","0.00","0.0","62","36"
"USC00106152","MOSCOW U OF I, ID US","2023-04-10","0.17","0.0","72","45"
"USC00106152","MOSCOW U OF I, ID US","2023-04-11","0.42","0.0","64","39"
"USC00106152","MOSCOW U OF I, ID US","2023-04-12","0.00","0.0","47","25"
"USC00106152","MOSCOW U OF I, ID US","2023-04-13","0.00","0.0","47","24"
"USC00106152","MOSCOW U OF I, ID US","2023-04-14","0.00","0.0","51","26"
"USC00106152","MOSCOW U OF I, ID US","2023-04-15","0.00","0.0","59","30"
"USC00106152","MOSCOW U OF I, ID US","2023-04-16","0.00","0.0","65","40"
"USC00106152","MOSCOW U OF I, ID US","2023-04-17","0.35","0.0","45","34"
"USC00106152","MOSCOW U OF I, ID US","2023-04-18","0.24","0.0","44","32"
"USC00106152","MOSCOW U OF I, ID US","2023-04-19","0.00","0.0","51","24"
"USC00106152","MOSCOW U OF I, ID US","2023-04-20","0.00","0.0","49","23"
"USC00106152","MOSCOW U OF I, ID US","2023-04-21","0.38","0.5","46","32"
"USC00106152","MOSCOW U OF I, ID US","2023-04-22","0.00","0.0","57","32"
"USC00106152","MOSCOW U OF I, ID US","2023-04-23","0.04","0.0","54","35"
"USC00106152","MOSCOW U OF I, ID US","2023-04-24","0.04","0.0","53","39"
"USC00106152","MOSCOW U OF I, ID US","2023-04-25","0.00","0.0","61","39"
"USC00106152","MOSCOW U OF I, ID US","2023-04-26","0.00","0.0","68","36"
"USC00106152","MOSCOW U OF I, ID US","2023-04-27","0.00","0.0","68","39"
"USC00106152","MOSCOW U OF I, ID US","2023-04-28","0.00","0.0","77","36"
"USC00106152","MOSCOW U OF I, ID US","2023-04-29","0.00","0.0","83","45"
"USC00106152","MOSCOW U OF I, ID US","2023-04-30","0.00","0.0","84","52"
"USC00106152","MOSCOW U OF I, ID US","2023-05-01","0.00","0.0","76","46"
"USC00106152","MOSCOW U OF I, ID US","2023-05-02","0.00","0.0","82","38"
"USC00106152","MOSCOW U OF I, ID US","2023-05-03","0.06","0.0","84","48"
"USC00106152","MOSCOW U OF I, ID US","2023-05-04","0.00","0.0","83","46"
"USC00106152","MOSCOW U OF I, ID US","2023-05-05","0.39","0.0","71","44"
"USC00106152","MOSCOW U OF I, ID US","2023-05-06","0.03","0.0","56","42"
"USC00106152","MOSCOW U OF I, ID US","2023-05-07","0.00","0.0","62","42"
"USC00106152","MOSCOW U OF I, ID US","2023-05-08","0.00","0.0","65","40"
"USC00106152","MOSCOW U OF I, ID US","2023-05-09","0.00","0.0","60","39"
"USC00106152","MOSCOW U OF I, ID US","2023-05-10","0.58","0.0","66","38"
"USC00106152","MOSCOW U OF I, ID US","2023-05-11","0.00","0.0","71","36"
"USC00106152","MOSCOW U OF I, ID US","2023-05-12","0.00","0.0","77","39"
"USC00106152","MOSCOW U OF I, ID US","2023-05-13","0.00","0.0","80","45"
"USC00106152","MOSCOW U OF I, ID US","2023-05-14","0.00","0.0","83","54"
"USC00106152","MOSCOW U OF I, ID US","2023-05-15","0.00","0.0","83","58"
"USC00106152","MOSCOW U OF I, ID US","2023-05-16","0.02","0.0","79","52"
"USC00106152","MOSCOW U OF I, ID US","2023-05-17","0.00","0.0","77","49"
"USC00106152","MOSCOW U OF I, ID US","2023-05-18","0.00","0.0","83","52"
"USC00106152","MOSCOW U OF I, ID US","2023-05-19","0.00","0.0","86","50"
"USC00106152","MOSCOW U OF I, ID US","2023-05-20","0.00","0.0","88","51"
"USC00106152","MOSCOW U OF I, ID US","2023-05-21","0.00","0.0","86","56"
"USC00106152","MOSCOW U OF I, ID US","2023-05-22","0.67","0.0","75","43"
"USC00106152","MOSCOW U OF I, ID US","2023-05-23","0.00","0.0","68","34"
"USC00106152","MOSCOW U OF I, ID US","2023-05-24","0.01","0.0","70","42"
"USC00106152","MOSCOW U OF I, ID US","2023-05-25","0.00","0.0","73","41"
"USC00106152","MOSCOW U OF I, ID US","2023-05-26","0.00","0.0","76","43"
"USC00106152","MOSCOW U OF I, ID US","2023-05-27","0.00","0.0","75","51"
"USC00106152","MOSCOW U OF I, ID US","2023-05-28","0.84","0.0","71","49"
"USC00106152","MOSCOW U OF I, ID US","2023-05-29","0.00","0.0","78","51"
"USC00106152","MOSCOW U OF I, ID US","2023-05-30","0.00","0.0","77","41"
"USC00106152","MOSCOW U OF I, ID US","2023-05-31","0.00","0.0","73","42"
"USC00106152","MOSCOW U OF I, ID US","2023-06-01","0.00","0.0","72","40"
"USC00106152","MOSCOW U OF I, ID US","2023-06-02","0.00","0.0","75","39"
"USC00106152","MOSCOW U OF I, ID US","2023-06-03","0.00","0.0","78","44"
"USC00106152","MOSCOW U OF I, ID US","2023-06-04","0.00","0.0","80","49"
"USC00106152","MOSCOW U OF I, ID US","2023-06-05","0.00","0.0","80","49"
"USC00106152","MOSCOW U OF I, ID US","2023-06-06","0.00","0.0","84","48"
"USC00106152","MOSCOW U OF I, ID US","2023-06-07","0.00","0.0","87","48"
"USC00106152","MOSCOW U OF I, ID US","2023-06-08","0.00","0.0","85","58"
"USC00106152","MOSCOW U OF I, ID US","2023-06-09","0.59","0.0","72","58"
"USC00106152","MOSCOW U OF I, ID US","2023-06-10","0.07","0.0","73","53"
"USC00106152","MOSCOW U OF I, ID US","2023-06-11","0.00","0.0","76","45"
"USC00106152","MOSCOW U OF I, ID US","2023-06-12","0.17","0.0","82","51"
"USC00106152","MOSCOW U OF I, ID US","2023-06-13","0.00","0.0","83","55"
"USC00106152","MOSCOW U OF I, ID US","2023-06-14","0.00","0.0","81","37"
"USC00106152","MOSCOW U OF I, ID US","2023-06-15","0.00","0.0","69","45"
"USC00106152","MOSCOW U OF I, ID US","2023-06-16","0.00","0.0","77","44"
"USC00106152","MOSCOW U OF I, ID US","2023-06-17","0.02","0.0","74","56"
"USC00106152","MOSCOW U OF I, ID US","2023-06-18","0.00","0.0","70","45"
"USC00106152","MOSCOW U OF I, ID US","2023-06-19","0.00","0.0","59","36"
"USC00106152","MOSCOW U OF I, ID US","2023-06-20","0.00","0.0","57","42"
"USC00106152","MOSCOW U OF I, ID US","2023-06-21","0.00","0.0","69","35"
"USC00106152","MOSCOW U OF I, ID US","2023-06-22","0.00","0.0","76","38"
"USC00106152","MOSCOW U OF I, ID US","2023-06-23","0.00","0.0","79","36"
"USC00106152","MOSCOW U OF I, ID US","2023-06-24","0.00","0.0","82","44"
"USC00106152","MOSCOW U OF I, ID US","2023-06-25","0.00","0.0","80","48"
"USC00106152","MOSCOW U OF I, ID US","2023-06-26","0.07","0.0","80","46"
"USC00106152","MOSCOW U OF I, ID US","2023-06-27","0.00","0.0","78","53"
"USC00106152","MOSCOW U OF I, ID US","2023-06-28","0.00","0.0","83","56"
"USC00106152","MOSCOW U OF I, ID US","2023-06-29","0.00","0.0","87","56"
"USC00106152","MOSCOW U OF I, ID US","2023-06-30","0.00","0.0","89","50"
"USC00106152","MOSCOW U OF I, ID US","2023-07-01","0.00","0.0","87","49"
"USC00106152","MOSCOW U OF I, ID US","2023-07-02","0.00","0.0","81","44"
"USC00106152","MOSCOW U OF I, ID US","2023-07-03","0.00","0.0","82","37"
"USC00106152","MOSCOW U OF I, ID US","2023-07-04","0.00","0.0","84","38"
"USC00106152","MOSCOW U OF I, ID US","2023-07-05","0.00","0.0","87","40"
"USC00106152","MOSCOW U OF I, ID US","2023-07-06","0.00","0.0","90","45"
"USC00106152","MOSCOW U OF I, ID US","2023-07-07","0.00","0.0","91","48"
"USC00106152","MOSCOW U OF I, ID US","2023-07-08","0.00","0.0","92","50"
"USC00106152","MOSCOW U OF I, ID US","2023-07-09","0.00","0.0","96","50"
"USC00106152","MOSCOW U OF I, ID US","2023-07-10","0.02","0.0","93","54"
"USC00106152","MOSCOW U OF I, ID US","2023-07-11","0.00","0.0","82","44"
"USC00106152","MOSCOW U OF I, ID US","2023-07-12","0.00","0.0","87","42"
"USC00106152","MOSCOW U OF I, ID US","2023-07-13","0.00","0.0","84","51"
"USC00106152","MOSCOW U OF I, ID US","2023-07-14","0.00","0.0","89","46"
"USC00106152","MOSCOW U OF I, ID US","2023-07-15","0.00","0.0","93","50"
"USC00106152","MOSCOW U OF I, ID US","2023-07-16","0.00","0.0","97","51"
"USC00106152","MOSCOW U OF I, ID US","2023-07-17","0.00","0.0","93","42"
"USC00106152","MOSCOW U OF I, ID US","2023-07-18","0.00","0.0","82","41"
"USC00106152","MOSCOW U OF I, ID US","2023-07-19","0.00","0.0","92","42"
"USC00106152","MOSCOW U OF I, ID US","2023-07-20","0.00","0.0","96","47"
"USC00106152","MOSCOW U OF I, ID US","2023-07-21","0.00","0.0","97","52"
"USC00106152","MOSCOW U OF I, ID US","2023-07-22","0.00","0.0","96","48"
"USC00106152","MOSCOW U OF I, ID US","2023-07-23","0.00","0.0","97","47"
"USC00106152","MOSCOW U OF I, ID US","2023-07-24","0.00","0.0","94","57"
"USC00106152","MOSCOW U OF I, ID US","2023-07-25","0.05","0.0","83","52"
"USC00106152","MOSCOW U OF I, ID US","2023-07-26","0.00","0.0","80","38"
"USC00106152","MOSCOW U OF I, ID US","2023-07-27","0.00","0.0","85","40"
"USC00106152","MOSCOW U OF I, ID US","2023-07-28","0.00","0.0","90","41"
"USC00106152","MOSCOW U OF I, ID US","2023-07-29","0.00","0.0","91","45"
"USC00106152","MOSCOW U OF I, ID US","2023-07-30","0.00","0.0","85","50"
"USC00106152","MOSCOW U OF I, ID US","2023-07-31","0.00","0.0","86","43"
"USC00106152","MOSCOW U OF I, ID US","2023-08-01","0.00","0.0","91","43"
"USC00106152","MOSCOW U OF I, ID US","2023-08-02","0.00","0.0","92","43"
"USC00106152","MOSCOW U OF I, ID US","2023-08-03","0.00","0.0","89","46"
"USC00106152","MOSCOW U OF I, ID US","2023-08-04","0.02","0.0","88","51"
"USC00106152","MOSCOW U OF I, ID US","2023-08-05","0.01","0.0","80","56"
"USC00106152","MOSCOW U OF I, ID US","2023-08-06","0.00","0.0","77","58"
"USC00106152","MOSCOW U OF I, ID US","2023-08-07","0.03","0.0","74","54"
"USC00106152","MOSCOW U OF I, ID US","2023-08-08","0.00","0.0","81","53"
"USC00106152","MOSCOW U OF I, ID US","2023-08-09","0.05","0.0","77","56"
"USC00106152","MOSCOW U OF I, ID US","2023-08-10","0.00","0.0","80","46"
"USC00106152","MOSCOW U OF I, ID US","2023-08-11","0.00","0.0","85","41"
"USC00106152","MOSCOW U OF I, ID US","2023-08-12","0.00","0.0","85","43"
"USC00106152","MOSCOW U OF I, ID US","2023-08-13","0.00","0.0","93","47"
"USC00106152","MOSCOW U OF I, ID US","2023-08-14","0.00","0.0","99","53"
"USC00106152","MOSCOW U OF I, ID US","2023-08-15","0.00","0.0","103","56"
"USC00106152","MOSCOW U OF I, ID US","2023-08-16","0.00","0.0","99","55"
"USC00106152","MOSCOW U OF I, ID US","2023-08-17","0.00","0.0","99","54"
"USC00106152","MOSCOW U OF I, ID US","2023-08-18","0.00","0.0","95","64"
"USC00106152","MOSCOW U OF I, ID US","2023-08-19","0.00","0.0","83","35"
"USC00106152","MOSCOW U OF I, ID US","2023-08-20","0.00","0.0","82","44"
"USC00106152","MOSCOW U OF I, ID US","2023-08-21","0.18","0.0","76","64"
"USC00106152","MOSCOW U OF I, ID US","2023-08-22","0.31","0.0","67","53"
"USC00106152","MOSCOW U OF I, ID US","2023-08-23","0.11","0.0","73","48"
"USC00106152","MOSCOW U OF I, ID US","2023-08-24","0.00","0.0","83","38"
"USC00106152","MOSCOW U OF I, ID US","2023-08-25","0.08","0.0","81","46"
"USC00106152","MOSCOW U OF I, ID US","2023-08-26","0.00","0.0","94","53"
"USC00106152","MOSCOW U OF I, ID US","2023-08-27","0.00","0.0","95","54"
"USC00106152","MOSCOW U OF I, ID US","2023-08-28","0.00","0.0","97","53"
"USC00106152","MOSCOW U OF I, ID US","2023-08-29","0.00","0.0","94","42"
"USC00106152","MOSCOW U OF I, ID US","2023-08-30","0.09","0.0","66","52"
"USC00106152","MOSCOW U OF I, ID US","2023-08-31","0.00","0.0","70","48"
"USC00106152","MOSCOW U OF I, ID US","2023-09-01","0.00","0.0","76","42"
"USC00106152","MOSCOW U OF I, ID US","2023-09-02","0.00","0.0","83","43"
"USC00106152","MOSCOW U OF I, ID US","2023-09-03","0.01","0.0","79","56"
"USC00106152","MOSCOW U OF I, ID US","2023-09-04","0.00","0.0","75","54"
"USC00106152","MOSCOW U OF I, ID US","2023-09-05","0.00","0.0","78","41"
"USC00106152","MOSCOW U OF I, ID US","2023-09-06","0.00","0.0","79","41"
"USC00106152","MOSCOW U OF I, ID US","2023-09-07","0.00","0.0","82","41"
"USC00106152","MOSCOW U OF I, ID US","2023-09-08","0.17","0.0","78","50"
"USC00106152","MOSCOW U OF I, ID US","2023-09-09","0.00","0.0","85","47"
"USC00106152","MOSCOW U OF I, ID US","2023-09-10","0.00","0.0","89","50"
"USC00106152","MOSCOW U OF I, ID US","2023-09-11","0.00","0.0","88","47"
"USC00106152","MOSCOW U OF I, ID US","2023-09-12","0.00","0.0","80","50"
"USC00106152","MOSCOW U OF I, ID US","2023-09-13","0.00","0.0","75","45"
"USC00106152","MOSCOW U OF I, ID US","2023-09-14","0.00","0.0","82","38"
"USC00106152","MOSCOW U OF I, ID US","2023-09-15","0.00","0.0","87","45"
"USC00106152","MOSCOW U OF I, ID US","2023-09-16","0.00","0.0","91","48"
"USC00106152","MOSCOW U OF I, ID US","2023-09-17","0.00","0.0","88","47"
"USC00106152","MOSCOW U OF I, ID US","2023-09-18","0.00","0.0","74","47"
"USC00106152","MOSCOW U OF I, ID US","2023-09-19","0.00","0.0","68","35"
"USC00106152","MOSCOW U OF I, ID US","2023-09-20","0.04","0.0","63","36"
"USC00106152","MOSCOW U OF I, ID US","2023-09-21","0.24","0.0","58","41"
"USC00106152","MOSCOW U OF I, ID US","2023-09-22","0.04","0.0","55","41"
"USC00106152","MOSCOW U OF I, ID US","2023-09-23","0.00","0.0","71","42"
"USC00106152","MOSCOW U OF I, ID US","2023-09-24","0.00","0.0","70","44"
"USC00106152","MOSCOW U OF I, ID US","2023-09-25","0.00","0.0","78","52"
"USC00106152","MOSCOW U OF I, ID US","2023-09-26","0.28","0.0","73","48"
"USC00106152","MOSCOW U OF I, ID US","2023-09-27","0.10","0.0","60","44"
"USC00106152","MOSCOW U OF I, ID US","2023-09-28","0.01","0.0","61","35"
"USC00106152","MOSCOW U OF I, ID US","2023-09-29","0.08","0.0","59","38"
"USC00106152","MOSCOW U OF I, ID US","2023-09-30","0.07","0.0","54","42"
"USC00106152","MOSCOW U OF I, ID US","2023-10-01","0.00","0.0","58","34"
"USC00106152","MOSCOW U OF I, ID US","2023-10-02","0.00","0.0","65","45"
"USC00106152","MOSCOW U OF I, ID US","2023-10-03","0.50","0.0","62","48"
"USC00106152","MOSCOW U OF I, ID US","2023-10-04","0.00","0.0","68","40"
"USC00106152","MOSCOW U OF I, ID US","2023-10-05","0.00","0.0","73","42"
"USC00106152","MOSCOW U OF I, ID US","2023-10-06","0.00","0.0","75","40"
"USC00106152","MOSCOW U OF I, ID US","2023-10-07","0.00","0.0","80","42"
"USC00106152","MOSCOW U OF I, ID US","2023-10-08","0.00","0.0","82","50"
"USC00106152","MOSCOW U OF I, ID US","2023-10-09","0.00","0.0","82","50"
"USC00106152","MOSCOW U OF I, ID US","2023-10-10","0.21","0.0","68","46"
"USC00106152","MOSCOW U OF I, ID US","2023-10-11","0.20","0.0","52","41"
"USC00106152","MOSCOW U OF I, ID US","2023-10-12","0.05","0.0","58","35"
"USC00106152","MOSCOW U OF I, ID US","2023-10-13","0.00","0.0","66","35"
"USC00106152","MOSCOW U OF I, ID US","2023-10-14","0.01","0.0","67","42"
"USC00106152","MOSCOW U OF I, ID US","2023-10-15","0.00","0.0","70","49"
"USC00106152","MOSCOW U OF I, ID US","2023-10-16","0.00","0.0","70","53"
"USC00106152","MOSCOW U OF I, ID US","2023-10-17","0.06","0.0","61","45"
"USC00106152","MOSCOW U OF I, ID US","2023-10-18","0.00","0.0","71","41"
"USC00106152","MOSCOW U OF I, ID US","2023-10-19","0.00","0.0","80","48"
"USC00106152","MOSCOW U OF I, ID US","2023-10-20","0.00","0.0","78","47"
"USC00106152","MOSCOW U OF I, ID US","2023-10-21","0.00","0.0","75","42"
"USC00106152","MOSCOW U OF I, ID US","2023-10-22","0.00","0.0","64","42"
"USC00106152","MOSCOW U OF I, ID US","2023-10-23","0.00","0.0","58","33"
"USC00106152","MOSCOW U OF I, ID US","2023-10-24","0.00","0.0","57","30"
"USC00106152","MOSCOW U OF I, ID US","2023-10-25","0.45","0.0","43","34"
"USC00106152","MOSCOW U OF I, ID US","2023-10-26","0.00","0.0","40","29"
"USC00106152","MOSCOW U OF I, ID US","2023-10-27","0.07","1.2","36","26"
"USC00106152","MOSCOW U OF I, ID US","2023-10-28","0.00","0.0","40","14"
"USC00106152","MOSCOW U OF I, ID US","2023-10-29","0.00","0.0","40","18"
"USC00106152","MOSCOW U OF I, ID US","2023-10-30","0.00","0.0","45","22"
"USC00106152","MOSCOW U OF I, ID US","2023-10-31","0.00","0.0","51","28"
"USC00106152","MOSCOW U OF I, ID US","2023-11-01","0.00","0.0","49","29"
"USC00106152","MOSCOW U OF I, ID US","2023-11-02","0.89","0.0","50","39"
"USC00106152","MOSCOW U OF I, ID US","2023-11-03","0.00","0.0","56","35"
"USC00106152","MOSCOW U OF I, ID US","2023-11-04","0.43","0.0","51","34"
"USC00106152","MOSCOW U OF I, ID US","2023-11-05","0.35","0.0","55","40"
"USC00106152","MOSCOW U OF I, ID US","2023-11-06","0.24","0.0","53","38"
"USC00106152","MOSCOW U OF I, ID US","2023-11-07","0.31","0.0","47","41"
"USC00106152","MOSCOW U OF I, ID US","2023-11-08","0.00","0.0","44","27"
"USC00106152","MOSCOW U OF I, ID US","2023-11-09","0.00","0.0","45","29"
"USC00106152","MOSCOW U OF I, ID US","2023-11-10","0.04","0.0","49","32"
"USC00106152","MOSCOW U OF I, ID US","2023-11-11","0.06","0.0","53","35"
"USC00106152","MOSCOW U OF I, ID US","2023-11-12","0.00","0.0","52","34"
"USC00106152","MOSCOW U OF I, ID US","2023-11-13","0.04","0.0","51","40"
"USC00106152","MOSCOW U OF I, ID US","2023-11-14","0.00","0.0","51","30"
"USC00106152","MOSCOW U OF I, ID US","2023-11-15","0.12","0.0","46","35"
"USC00106152","MOSCOW U OF I, ID US","2023-11-16","0.38","0.0","42","31"
"USC00106152","MOSCOW U OF I, ID US","2023-11-17","0.00","0.0","41","27"
"USC00106152","MOSCOW U OF I, ID US","2023-11-18","0.00","0.0","48","29"
"USC00106152","MOSCOW U OF I, ID US","2023-11-19","0.19","0.0","46","26"
"USC00106152","MOSCOW U OF I, ID US","2023-11-20","0.00","0.0","46","25"
"USC00106152","MOSCOW U OF I, ID US","2023-11-21","0.00","0.0","46","32"
"USC00106152","MOSCOW U OF I, ID US","2023-11-22","0.08","0.0","42","37"
"USC00106152","MOSCOW U OF I, ID US","2023-11-23","0.00","0.0","42","26"
"USC00106152","MOSCOW U OF I, ID US","2023-11-24","0.00","0.0","35","18"
"USC00106152","MOSCOW U OF I, ID US","2023-11-25","0.00","0.0","32","22"
"USC00106152","MOSCOW U OF I, ID US","2023-11-26","0.00","0.0","39","18"
"USC00106152","MOSCOW U OF I, ID US","2023-11-27","0.00","0.0","39","21"
"USC00106152","MOSCOW U OF I, ID US","2023-11-28","0.00","0.0","41","22"
"USC00106152","MOSCOW U OF I, ID US","2023-11-29","0.00","0.0","27","19"
"USC00106152","MOSCOW U OF I, ID US","2023-11-30","0.00","0.0","28","20"
"USC00106152","MOSCOW U OF I, ID US","2023-12-01","0.18","2.0","33","22"
"USC00106152","MOSCOW U OF I, ID US","2023-12-02","0.45","1.5","41","29"
"USC00106152","MOSCOW U OF I, ID US","2023-12-03","0.12","0.0","37","24"
"USC00106152","MOSCOW U OF I, ID US","2023-12-04","0.10","0.0","43","33"
"USC00106152","MOSCOW U OF I, ID US","2023-12-05","0.21","0.0","48","40"
"USC00106152","MOSCOW U OF I, ID US","2023-12-06","0.02","0.0","51","40"
"USC00106152","MOSCOW U OF I, ID US","2023-12-07","0.18","0.0","51","36"
"USC00106152","MOSCOW U OF I, ID US","2023-12-08","0.02","0.0","41","31"
"USC00106152","MOSCOW U OF I, ID US","2023-12-09","0.01","0.0","36","24"
"USC00106152","MOSCOW U OF I, ID US","2023-12-10","0.97","5.1","35","30"
"USC00106152","MOSCOW U OF I, ID US","2023-12-11","0.26","0.0","40","33"
"USC00106152","MOSCOW U OF I, ID US","2023-12-12","0.00","0.0","40","33"
"USC00106152","MOSCOW U OF I, ID US","2023-12-13","0.00","0.0","39","31"
"USC00106152","MOSCOW U OF I, ID US","2023-12-14","0.00","0.0","36","28"
"USC00106152","MOSCOW U OF I, ID US","2023-12-15","0.00","0.0","40","28"
"USC00106152","MOSCOW U OF I, ID US","2023-12-16","0.00","0.0","40","29"
"USC00106152","MOSCOW U OF I, ID US","2023-12-17","0.00","0.0","41","26"
"USC00106152","MOSCOW U OF I, ID US","2023-12-18","0.00","0.0","42","31"
"USC00106152","MOSCOW U OF I, ID US","2023-12-19","0.20","0.0","46","34"
"USC00106152","MOSCOW U OF I, ID US","2023-12-20","0.00","0.0","52","38"
"USC00106152","MOSCOW U OF I, ID US","2023-12-21","0.00","0.0","47","32"
"USC00106152","MOSCOW U OF I, ID US","2023-12-22","0.05","0.0","42","31"
"USC00106152","MOSCOW U OF I, ID US","2023-12-23","0.15","1.0","36","25"
"USC00106152","MOSCOW U OF I, ID US","2023-12-24","0.00","0.0","32","20"
"USC00106152","MOSCOW U OF I, ID US","2023-12-25","0.00","0.0","35","22"
"USC00106152","MOSCOW U OF I, ID US","2023-12-26","0.13","0.0","36","28"
"USC00106152","MOSCOW U OF I, ID US","2023-12-27","0.00","0.0","40","30"
"USC00106152","MOSCOW U OF I, ID US","2023-12-28","0.00","0.0","45","34"
"USC00106152","MOSCOW U OF I, ID US","2023-12-29","0.00","0.0","51","35"
"USC00106152","MOSCOW U OF I, ID US","2023-12-30","0.00","0.0","46","34"
"USC00106152","MOSCOW U OF I, ID US","2023-12-31","0.08","0.0","43","28"
"USC00106152","MOSCOW U OF I, ID US","2024-01-01","0.00","0.0","42","31"
"USC00106152","MOSCOW U OF I, ID US","2024-01-02","0.00","0.0","38","27"
"USC00106152","MOSCOW U OF I, ID US","2024-01-03","0.07","0.0","38","32"
"USC00106152","MOSCOW U OF I, ID US","2024-01-04","0.07","0.0","41","31"
"USC00106152","MOSCOW U OF I, ID US","2024-01-05","0.04","0.0","39","31"
"USC00106152","MOSCOW U OF I, ID US","2024-01-06","0.20","2.5","36","30"
"USC00106152","MOSCOW U OF I, ID US","2024-01-07","0.00","0.0","34","18"
"USC00106152","MOSCOW U OF I, ID US","2024-01-08","0.02","0.0","32","14"
"USC00106152","MOSCOW U OF I, ID US","2024-01-09","0.57","4.0","38","28"
"USC00106152","MOSCOW U OF I, ID US","2024-01-10","0.04","0.0","35","25"
"USC00106152","MOSCOW U OF I, ID US","2024-01-11","0.03","1.0","31","15"
"USC00106152","MOSCOW U OF I, ID US","2024-01-12","0.09","3.0","23","-4"
"USC00106152","MOSCOW U OF I, ID US","2024-01-13","0.00","0.0","2","-25"
"USC00106152","MOSCOW U OF I, ID US","2024-01-14","0.00","0.0","6","-14"
"USC00106152","MOSCOW U OF I, ID US","2024-01-15","0.00","0.0","14","-12"
"USC00106152","MOSCOW U OF I, ID US","2024-01-16","0.00","0.0","20","-5"
"USC00106152","MOSCOW U OF I, ID US","2024-01-17","0.31","1.7","31","13"
"USC00106152","MOSCOW U OF I, ID US","2024-01-18","0.11","0.5","31","1"
"USC00106152","MOSCOW U OF I, ID US","2024-01-19","0.08","1.5","31","18"
"USC00106152","MOSCOW U OF I, ID US","2024-01-20","0.11","0.0","37","20"
"USC00106152","MOSCOW U OF I, ID US","2024-01-21","0.27","0.0","41","33"
"USC00106152","MOSCOW U OF I, ID US","2024-01-22","0.08","0.0","42","37"
"USC00106152","MOSCOW U OF I, ID US","2024-01-23","0.14","0.0","42","36"
"USC00106152","MOSCOW U OF I, ID US","2024-01-24","0.09","0.0","37","31"
"USC00106152","MOSCOW U OF I, ID US","2024-01-25","0.00","0.0","44","32"
"USC00106152","MOSCOW U OF I, ID US","2024-01-26","0.00","0.0","45","33"
"USC00106152","MOSCOW U OF I, ID US","2024-01-27","0.49","0.0","42","35"
"USC00106152","MOSCOW U OF I, ID US","2024-01-28","0.09","0.0","47","40"
"USC00106152","MOSCOW U OF I, ID US","2024-01-29","0.00","0.0","56","36"
"USC00106152","MOSCOW U OF I, ID US","2024-01-30","0.00","0.0","52","39"
"USC00106152","MOSCOW U OF I, ID US","2024-01-31","0.00","0.0","54","38"
"USC00106152","MOSCOW U OF I, ID US","2024-02-01","0.00","0.0","54","42"
"USC00106152","MOSCOW U OF I, ID US","2024-02-02","0.16","0.0","54","39"
"USC00106152","MOSCOW U OF I, ID US","2024-02-03","0.01","0.0","42","34"
"USC00106152","MOSCOW U OF I, ID US","2024-02-04","0.24","0.0","44","32"
"USC00106152","MOSCOW U OF I, ID US","2024-02-05","0.09","0.0","47","34"
"USC00106152","MOSCOW U OF I, ID US","2024-02-06","0.04","0.0","54","35"
"USC00106152","MOSCOW U OF I, ID US","2024-02-07","0.14","0.0","41","35"
"USC00106152","MOSCOW U OF I, ID US","2024-02-08","0.04","0.0","37","32"
"USC00106152","MOSCOW U OF I, ID US","2024-02-09","0.11","1.0","37","30"
"USC00106152","MOSCOW U OF I, ID US","2024-02-10","0.02","0.0","40","24"
"USC00106152","MOSCOW U OF I, ID US","2024-02-11","0.03","0.0","40","31"
"USC00106152","MOSCOW U OF I, ID US","2024-02-12","0.16","0.0","41","35"
"USC00106152","MOSCOW U OF I, ID US","2024-02-13","0.05","0.0","45","30"
"USC00106152","MOSCOW U OF I, ID US","2024-02-14","0.00","0.0","40","21"
"USC00106152","MOSCOW U OF I, ID US","2024-02-15","0.17","1.0","38","28"
"USC00106152","MOSCOW U OF I, ID US","2024-02-16","0.03","0.0","34","25"
"USC00106152","MOSCOW U OF I, ID US","2024-02-17","0.00","0.0","39","21"
"USC00106152","MOSCOW U OF I, ID US","2024-02-18","0.11","0.0","39","32"
"USC00106152","MOSCOW U OF I, ID US","2024-02-19","0.02","0.0","44","32"
"USC00106152","MOSCOW U OF I, ID US","2024-02-20","0.18","0.0","45","37"
"USC00106152","MOSCOW U OF I, ID US","2024-02-21","0.02","0.0","50","33"
"USC00106152","MOSCOW U OF I, ID US","2024-02-22","0.03","0.0","50","33"
"USC00106152","MOSCOW U OF I, ID US","2024-02-23","0.00","0.0","55","29"
"USC00106152","MOSCOW U OF I, ID US","2024-02-24","0.00","0.0","51","28"
"USC00106152","MOSCOW U OF I, ID US","2024-02-25","0.12","0.0","49","34"
"USC00106152","MOSCOW U OF I, ID US","2024-02-26","0.44","0.0","45","29"
"USC00106152","MOSCOW U OF I, ID US","2024-02-27","0.03","0.5","35","24"
"USC00106152","MOSCOW U OF I, ID US","2024-02-28","0.35","1.7","39","27"
"USC00106152","MOSCOW U OF I, ID US","2024-02-29","0.32","0.0","49","30"
"USC00106152","MOSCOW U OF I, ID US","2024-03-01","0.05","0.0","43","28"
"USC00106152","MOSCOW U OF I, ID US","2024-03-02","0.28","1.7","38","25"
"USC00106152","MOSCOW U OF I, ID US","2024-03-03","0.02","0.0","39","23"
"USC00106152","MOSCOW U OF I, ID US","2024-03-04","0.08","0.6","36","26"
"USC00106152","MOSCOW U OF I, ID US","2024-03-05","0.00","0.0","39","23"
"USC00106152","MOSCOW U OF I, ID US","2024-03-06","0.00","0.0","41","20"
"USC00106152","MOSCOW U OF I, ID US","2024-03-07","0.00","0.0","42","20"
"USC00106152","MOSCOW U OF I, ID US","2024-03-08","0.00","0.0","46","25"
"USC00106152","MOSCOW U OF I, ID US","2024-03-09","0.00","0.0","52","29"
"USC00106152","MOSCOW U OF I, ID US","2024-03-10","0.28","0.0","46","35"
"USC00106152","MOSCOW U OF I, ID US","2024-03-11","0.02","0.0","50","32"
"USC00106152","MOSCOW U OF I, ID US","2024-03-12","0.31","0.0","50","34"
"USC00106152","MOSCOW U OF I, ID US","2024-03-13","0.08","0.0","46","29"
"USC00106152","MOSCOW U OF I, ID US","2024-03-14","0.00","0.0","51","27"
"USC00106152","MOSCOW U OF I, ID US","2024-03-15","0.00","0.0","57","28"
"USC00106152","MOSCOW U OF I, ID US","2024-03-16","0.00","0.0","67","32"
"USC00106152","MOSCOW U OF I, ID US","2024-03-17","0.00","0.0","71","35"
"USC00106152","MOSCOW U OF I, ID US","2024-03-18","0.00","0.0","71","34"
"USC00106152","MOSCOW U OF I, ID US","2024-03-19","0.00","0.0","70","38"
"USC00106152","MOSCOW U OF I, ID US","2024-03-20","0.00","0.0","69","35"
"USC00106152","MOSCOW U OF I, ID US","2024-03-21","0.00","0.0","61","39"
"USC00106152","MOSCOW U OF I, ID US","2024-03-22","0.00","0.0","59","36"
"USC00106152","MOSCOW U OF I, ID US","2024-03-23","0.13","0.0","58","40"
"USC00106152","MOSCOW U OF I, ID US","2024-03-24","0.36","0.0","47","36"
"USC00106152","MOSCOW U OF I, ID US","2024-03-25","0.07","0.0","46","24"
"USC00106152","MOSCOW U OF I, ID US","2024-03-26","0.04","0.0","50","33"
"USC00106152","MOSCOW U OF I, ID US","2024-03-27","0.16","0.0","50","30"
"USC00106152","MOSCOW U OF I, ID US","2024-03-28","0.09","0.0","50","33"
"USC00106152","MOSCOW U OF I, ID US","2024-03-29","0.21","0.0","51","33"
"USC00106152","MOSCOW U OF I, ID US","2024-03-30","0.00","0.0","54","24"
"USC00106152","MOSCOW U OF I, ID US","2024-03-31","0.00","0.0","55","27"
"USC00106152","MOSCOW U OF I, ID US","2024-04-01","0.00","0.0","60","27"
"USC00106152","MOSCOW U OF I, ID US","2024-04-02","0.00","0.0","71","35"
"USC00106152","MOSCOW U OF I, ID US","2024-04-03","0.15","0.0","69","41"
"USC00106152","MOSCOW U OF I, ID US","2024-04-04","0.00","0.0","48","36"
"USC00106152","MOSCOW U OF I, ID US","2024-04-05","0.77","3.0","42","31"
"USC00106152","MOSCOW U OF I, ID US","2024-04-06","0.12","0.0","45","32"
"USC00106152","MOSCOW U OF I, ID US","2024-04-07","0.00","0.0","50","31"
"USC00106152","MOSCOW U OF I, ID US","2024-04-08","0.00","0.0","52","27"
"USC00106152","MOSCOW U OF I, ID US","2024-04-09","0.31","0.0","57","40"
"USC00106152","MOSCOW U OF I, ID US","2024-04-10","0.00","0.0","58","28"
"USC00106152","MOSCOW U OF I, ID US","2024-04-11","0.00","0.0","64","33"
"USC00106152","MOSCOW U OF I, ID US","2024-04-12","0.25","0.0","68","44"
"USC00106152","MOSCOW U OF I, ID US","2024-04-13","0.05","0.0","70","41"
"USC00106152","MOSCOW U OF I, ID US","2024-04-14","0.00","0.0","71","38"
"USC00106152","MOSCOW U OF I, ID US","2024-04-15","0.00","0.0","69","42"
"USC00106152","MOSCOW U OF I, ID US","2024-04-16","0.00","0.0","52","33"
"USC00106152","MOSCOW U OF I, ID US","2024-04-17","0.00","0.0","52","21"
"USC00106152","MOSCOW U OF I, ID US","2024-04-18","0.00","0.0","49","28"
"USC00106152","MOSCOW U OF I, ID US","2024-04-19","0.00","0.0","58","29"
"USC00106152","MOSCOW U OF I, ID US","2024-04-20","0.00","0.0","67","35"
"USC00106152","MOSCOW U OF I, ID US","2024-04-21","0.00","0.0","65","35"
"USC00106152","MOSCOW U OF I, ID US","2024-04-22","0.00","0.0","58","26"
"USC00106152","MOSCOW U OF I, ID US","2024-04-23","0.00","0.0","66","26"
"USC00106152","MOSCOW U OF I, ID US","2024-04-24","0.00","0.0","63","28"
"USC00106152","MOSCOW U OF I, ID US","2024-04-25","0.00","0.0","64","34"
"USC00106152","MOSCOW U OF I, ID US","2024-04-26","0.15","0.0","61","41"
"USC00106152","MOSCOW U OF I, ID US","2024-04-27","0.02","0.0","60","39"
"USC00106152","MOSCOW U OF I, ID US","2024-04-28","0.00","0.0","58","35"
"USC00106152","MOSCOW U OF I, ID US","2024-04-29","0.03","0.0","52","36"
"USC00106152","MOSCOW U OF I, ID US","2024-04-30","0.00","0.0","51","26"
"USC00106152","MOSCOW U OF I, ID US","2024-05-01","0.00","0.0","55","28"
"USC00106152","MOSCOW U OF I, ID US","2024-05-02","0.00","0.0","61","27"
"USC00106152","MOSCOW U OF I, ID US","2024-05-03","0.00","0.0","64","29"
"USC00106152","MOSCOW U OF I, ID US","2024-05-04","0.01","0.0","65","40"
"USC00106152","MOSCOW U OF I, ID US","2024-05-05","0.22","0.0","63","40"
"USC00106152","MOSCOW U OF I, ID US","2024-05-06","0.35","0.0","56","37"
"USC00106152","MOSCOW U OF I, ID US","2024-05-07","0.01","0.0","57","31"
"USC00106152","MOSCOW U OF I, ID US","2024-05-08","0.00","0.0","58","35"
"USC00106152","MOSCOW U OF I, ID US","2024-05-09","0.00","0.0","74","35"
"USC00106152","MOSCOW U OF I, ID US","2024-05-10","0.00","0.0","78","41"
"USC00106152","MOSCOW U OF I, ID US","2024-05-11","0.00","0.0","79","40"
"USC00106152","MOSCOW U OF I, ID US","2024-05-12","0.00","0.0","79","44"
"USC00106152","MOSCOW U OF I, ID US","2024-05-13","0.00","0.0","76","40"
"USC00106152","MOSCOW U OF I, ID US","2024-05-14","0.00","0.0","78","35"
"USC00106152","MOSCOW U OF I, ID US","2024-05-15","0.00","0.0","74","38"
"USC00106152","MOSCOW U OF I, ID US","2024-05-16","0.00","0.0","75","41"
"USC00106152","MOSCOW U OF I, ID US","2024-05-17","0.37","0.0","72","32"
"USC00106152","MOSCOW U OF I, ID US","2024-05-18","0.00","0.0","62","30"
"USC00106152","MOSCOW U OF I, ID US","2024-05-19","0.00","0.0","62","37"
"USC00106152","MOSCOW U OF I, ID US","2024-05-20","0.00","0.0","62","33"
"USC00106152","MOSCOW U OF I, ID US","2024-05-21","0.00","0.0","56","31"
"USC00106152","MOSCOW U OF I, ID US","2024-05-22","0.65","0.0","54","39"
"USC00106152","MOSCOW U OF I, ID US","2024-05-23","0.01","0.0","57","39"
"USC00106152","MOSCOW U OF I, ID US","2024-05-24","0.00","0.0","67","38"
"USC00106152","MOSCOW U OF I, ID US","2024-05-25","0.00","0.0","61","44"
"USC00106152","MOSCOW U OF I, ID US","2024-05-26","0.00","0.0","64","36"
"USC00106152","MOSCOW U OF I, ID US","2024-05-27","0.00","0.0","75","41"
"USC00106152","MOSCOW U OF I, ID US","2024-05-28","0.00","0.0","72","46"
"USC00106152","MOSCOW U OF I, ID US","2024-05-29","0.00","0.0","63","42"
"USC00106152","MOSCOW U OF I, ID US","2024-05-30","0.09","0.0","62","34"
"USC00106152","MOSCOW U OF I, ID US","2024-05-31","0.00","0.0","69","28"
"USC00106152","MOSCOW U OF I, ID US","2024-06-01","0.00","0.0","71","38"
"USC00106152","MOSCOW U OF I, ID US","2024-06-02","0.00","0.0","68","42"
"USC00106152","MOSCOW U OF I, ID US","2024-06-03","1.05","0.0","58","40"
"USC00106152","MOSCOW U OF I, ID US","2024-06-04","0.03","0.0","59","38"
"USC00106152","MOSCOW U OF I, ID US","2024-06-05","0.00","0.0","68","49"
"USC00106152","MOSCOW U OF I, ID US","2024-06-06","0.00","0.0","78","39"
"USC00106152","MOSCOW U OF I, ID US","2024-06-07","0.00","0.0","75","41"
"USC00106152","MOSCOW U OF I, ID US","2024-06-08","0.00","0.0","80","38"
"USC00106152","MOSCOW U OF I, ID US","2024-06-09","0.00","0.0","76","45"
"USC00106152","MOSCOW U OF I, ID US","2024-06-10","0.00","0.0","77","43"
"USC00106152","MOSCOW U OF I, ID US","2024-06-11","0.00","0.0","78","43"
"USC00106152","MOSCOW U OF I, ID US","2024-06-12","0.00","0.0","78","34"
"USC00106152","MOSCOW U OF I, ID US","2024-06-13","0.00","0.0","80","33"
"USC00106152","MOSCOW U OF I, ID US","2024-06-14","0.00","0.0","78","44"
"USC00106152","MOSCOW U OF I, ID US","2024-06-15","0.07","0.0","64","33"
"USC00106152","MOSCOW U OF I, ID US","2024-06-16","0.03","0.0","62","30"
"USC00106152","MOSCOW U OF I, ID US","2024-06-17","0.00","0.0","62","39"
"USC00106152","MOSCOW U OF I, ID US","2024-06-18","0.07","0.0","66","42"
"USC00106152","MOSCOW U OF I, ID US","2024-06-19","0.00","0.0","77","41"
"USC00106152","MOSCOW U OF I, ID US","2024-06-20","0.00","0.0","84","38"
"USC00106152","MOSCOW U OF I, ID US","2024-06-21","0.00","0.0","82","41"
"USC00106152","MOSCOW U OF I, ID US","2024-06-22","0.00","0.0","89","45"
"USC00106152","MOSCOW U OF I, ID US","2024-06-23","0.00","0.0","83","48"
"USC00106152","MOSCOW U OF I, ID US","2024-06-24","0.00","0.0","78","38"
"USC00106152","MOSCOW U OF I, ID US","2024-06-25","0.00","0.0","85","39"
"USC00106152","MOSCOW U OF I, ID US","2024-06-26","0.00","0.0","82","51"
"USC00106152","MOSCOW U OF I, ID US","2024-06-27","0.00","0.0","80","50"
"USC00106152","MOSCOW U OF I, ID US","2024-06-28","0.00","0.0","75","48"
"USC00106152","MOSCOW U OF I, ID US","2024-06-29","0.00","0.0","81","41"
"USC00106152","MOSCOW U OF I, ID US","2024-06-30","0.05","0.0","77","56"
"USC00106152","MOSCOW U OF I, ID US","2024-07-01","0.00","0.0","75","42"
"USC00106152","MOSCOW U OF I, ID US","2024-07-02","0.00","0.0","77","43"
"USC00106152","MOSCOW U OF I, ID US","2024-07-03","0.00","0.0","79","42"
"USC00106152","MOSCOW U OF I, ID US","2024-07-04","0.00","0.0","84","43"
"USC00106152","MOSCOW U OF I, ID US","2024-07-05","0.00","0.0","89","44"
"USC00106152","MOSCOW U OF I, ID US","2024-07-06","0.00","0.0","88","46"
"USC00106152","MOSCOW U OF I, ID US","2024-07-07","0.00","0.0","93","47"
"USC00106152","MOSCOW U OF I, ID US","2024-07-08","0.00","0.0","97","51"
"USC00106152","MOSCOW U OF I, ID US","2024-07-09","0.00","0.0","100","54"
"USC00106152","MOSCOW U OF I, ID US","2024-07-10","0.00","0.0","100","54"
"USC00106152","MOSCOW U OF I, ID US","2024-07-11","0.00","0.0","97","54"
"USC00106152","MOSCOW U OF I, ID US","2024-07-12","0.00","0.0","92","45"
"USC00106152","MOSCOW U OF I, ID US","2024-07-13","0.00","0.0","97","48"
"USC00106152","MOSCOW U OF I, ID US","2024-07-14","0.00","0.0","94","49"
"USC00106152","MOSCOW U OF I, ID US","2024-07-15","0.00","0.0","91","45"
"USC00106152","MOSCOW U OF I, ID US","2024-07-16","0.00","0.0","94","45"
"USC00106152","MOSCOW U OF I, ID US","2024-07-17","0.00","0.0","91","55"
"USC00106152","MOSCOW U OF I, ID US","2024-07-18","0.02","0.0","97","56"
"USC00106152","MOSCOW U OF I, ID US","2024-07-19","0.00","0.0","96","51"
"USC00106152","MOSCOW U OF I, ID US","2024-07-20","0.00","0.0","100","48"
"USC00106152","MOSCOW U OF I, ID US","2024-07-21","0.00","0.0","105","58"
"USC00106152","MOSCOW U OF I, ID US","2024-07-22","0.00","0.0","102","55"
"USC00106152","MOSCOW U OF I, ID US","2024-07-23","0.00","0.0","98","55"
"USC00106152","MOSCOW U OF I, ID US","2024-07-24","0.00","0.0","91","47"
"USC00106152","MOSCOW U OF I, ID US","2024-07-25","0.00","0.0","86","53"
"USC00106152","MOSCOW U OF I, ID US","2024-07-26","0.00","0.0","82","37"
"USC00106152","MOSCOW U OF I, ID US","2024-07-27","0.00","0.0","84","36"
"USC00106152","MOSCOW U OF I, ID US","2024-07-28","0.00","0.0","79","51"
"USC00106152","MOSCOW U OF I, ID US","2024-07-29","0.00","0.0","83","43"
"USC00106152","MOSCOW U OF I, ID US","2024-07-30","0.05","0.0","81","57"
"USC00106152","MOSCOW U OF I, ID US","2024-07-31","0.00","0.0","91","51"
"USC00106152","MOSCOW U OF I, ID US","2024-08-01","0.00","0.0","99","58"
"USC00106152","MOSCOW U OF I, ID US","2024-08-02","0.00","0.0","105","62"
"USC00106152","MOSCOW U OF I, ID US","2024-08-03","0.00","0.0","103","61"
"USC00106152","MOSCOW U OF I, ID US","2024-08-04","0.04","0.0","87","62"
"USC00106152","MOSCOW U OF I, ID US","2024-08-05","0.16","0.0","92","60"
"USC00106152","MOSCOW U OF I, ID US","2024-08-06","0.00","0.0","92","54"
"USC00106152","MOSCOW U OF I, ID US","2024-08-07","0.00","0.0","88","45"
"USC00106152","MOSCOW U OF I, ID US","2024-08-08","0.00","0.0","92","49"
"USC00106152","MOSCOW U OF I, ID US","2024-08-09","0.00","0.0","89","62"
"USC00106152","MOSCOW U OF I, ID US","2024-08-10","0.00","0.0","89","47"
"USC00106152","MOSCOW U OF I, ID US","2024-08-11","0.00","0.0","90","56"
"USC00106152","MOSCOW U OF I, ID US","2024-08-12","0.00","0.0","85","51"
"USC00106152","MOSCOW U OF I, ID US","2024-08-13","0.08","0.0","78","51"
"USC00106152","MOSCOW U OF I, ID US","2024-08-14","0.00","0.0","83","41"
"USC00106152","MOSCOW U OF I, ID US","2024-08-15","0.00","0.0","80","42"
"USC00106152","MOSCOW U OF I, ID US","2024-08-16","0.00","0.0","83","55"
"USC00106152","MOSCOW U OF I, ID US","2024-08-17","0.00","0.0","93","48"
"USC00106152","MOSCOW U OF I, ID US","2024-08-18","0.00","0.0","90","56"
"USC00106152","MOSCOW U OF I, ID US","2024-08-19","0.00","0.0","85","43"
"USC00106152","MOSCOW U OF I, ID US","2024-08-20","0.00","0.0","83","46"
"USC00106152","MOSCOW U OF I, ID US","2024-08-21","0.05","0.0","78","51"
"USC00106152","MOSCOW U OF I, ID US","2024-08-22","0.00","0.0","93","45"
"USC00106152","MOSCOW U OF I, ID US","2024-08-23","0.17","0.0","82","48"
"USC00106152","MOSCOW U OF I, ID US","2024-08-24","0.10","0.0","71","38"
"USC00106152","MOSCOW U OF I, ID US","2024-08-25","0.00","0.0","75","48"
"USC00106152","MOSCOW U OF I, ID US","2024-08-26","0.00","0.0","81","39"
"USC00106152","MOSCOW U OF I, ID US","2024-08-27","0.00","0.0","78","45"
"USC00106152","MOSCOW U OF I, ID US","2024-08-28","0.00","0.0","70","30"
"USC00106152","MOSCOW U OF I, ID US","2024-08-29","0.00","0.0","82","36"
"USC00106152","MOSCOW U OF I, ID US","2024-08-30","0.00","0.0","90","40"
"USC00106152","MOSCOW U OF I, ID US","2024-08-31","0.00","0.0","96","43"
"USC00106152","MOSCOW U OF I, ID US","2024-09-01","0.00","0.0","97","45"
"USC00106152","MOSCOW U OF I, ID US","2024-09-02","0.00","0.0","94","52"
"USC00106152","MOSCOW U OF I, ID US","2024-09-03","0.03","0.0","86","55"
"USC00106152","MOSCOW U OF I, ID US","2024-09-04","0.00","0.0","90","46"
"USC00106152","MOSCOW U OF I, ID US","2024-09-05","0.00","0.0","95","50"
"USC00106152","MOSCOW U OF I, ID US","2024-09-06","0.00","0.0","97","53"
"USC00106152","MOSCOW U OF I, ID US","2024-09-07","0.00","0.0","92","58"
"USC00106152","MOSCOW U OF I, ID US","2024-09-08","0.00","0.0","88","47"
"USC00106152","MOSCOW U OF I, ID US","2024-09-09","0.00","0.0","87","47"
"USC00106152","MOSCOW U OF I, ID US","2024-09-10","0.00","0.0","83","46"
"USC00106152","MOSCOW U OF I, ID US","2024-09-11","0.26","0.0","76","50"
"USC00106152","MOSCOW U OF I, ID US","2024-09-12","0.84","0.0","62","49"
"USC00106152","MOSCOW U OF I, ID US","2024-09-13","0.00","0.0","74","51"
"USC00106152","MOSCOW U OF I, ID US","2024-09-14","0.01","0.0","76","51"
"USC00106152","MOSCOW U OF I, ID US","2024-09-15","0.01","0.0","70","47"
"USC00106152","MOSCOW U OF I, ID US","2024-09-16","0.00","0.0","64","46"
"USC00106152","MOSCOW U OF I, ID US","2024-09-17","0.01","0.0","68","47"
"USC00106152","MOSCOW U OF I, ID US","2024-09-18","0.00","0.0","71","49"
"USC00106152","MOSCOW U OF I, ID US","2024-09-19","0.00","0.0","77","46"
"USC00106152","MOSCOW U OF I, ID US","2024-09-20","0.00","0.0","74","40"
"USC00106152","MOSCOW U OF I, ID US","2024-09-21","0.00","0.0","70","32"
"USC00106152","MOSCOW U OF I, ID US","2024-09-22","0.00","0.0","76","35"
"USC00106152","MOSCOW U OF I, ID US","2024-09-23","0.00","0.0","77","40"
"USC00106152","MOSCOW U OF I, ID US","2024-09-24","0.00","0.0","86","50"
"USC00106152","MOSCOW U OF I, ID US","2024-09-25","0.02","0.0","88","52"
"USC00106152","MOSCOW U OF I, ID US","2024-09-26","0.01","0.0","71","39"
"USC00106152","MOSCOW U OF I, ID US","2024-09-27","0.00","0.0","76","47"
"USC00106152","MOSCOW U OF I, ID US","2024-09-28","0.00","0.0","89","45"
"USC00106152","MOSCOW U OF I, ID US","2024-09-29","0.00","0.0","78","49"
"USC00106152","MOSCOW U OF I, ID US","2024-09-30","0.00","0.0","64","23"
"USC00106152","MOSCOW U OF I, ID US","2024-10-01","0.00","0.0","78","36"
"USC00106152","MOSCOW U OF I, ID US","2024-10-02","0.00","0.0","74","45"
"USC00106152","MOSCOW U OF I, ID US","2024-10-03","0.00","0.0","69","29"
"USC00106152","MOSCOW U OF I, ID US","2024-10-04","0.00","0.0","65","40"
"USC00106152","MOSCOW U OF I, ID US","2024-10-05","0.00","0.0","67","31"
"USC00106152","MOSCOW U OF I, ID US","2024-10-06","0.00","0.0","71","42"
"USC00106152","MOSCOW U OF I, ID US","2024-10-07","0.00","0.0","80","36"
"USC00106152","MOSCOW U OF I, ID US","2024-10-08","0.00","0.0","80","43"
"USC00106152","MOSCOW U OF I, ID US","2024-10-09","0.00","0.0","74","38"
"USC00106152","MOSCOW U OF I, ID US","2024-10-10","0.00","0.0","67","36"
"USC00106152","MOSCOW U OF I, ID US","2024-10-11","0.00","0.0","67","35"
"USC00106152","MOSCOW U OF I, ID US","2024-10-12","0.00","0.0","80","38"
"USC00106152","MOSCOW U OF I, ID US","2024-10-13","0.00","0.0","74","34"
"USC00106152","MOSCOW U OF I, ID US","2024-10-14","0.00","0.0","78","44"
"USC00106152","MOSCOW U OF I, ID US","2024-10-15","0.00","0.0","74","38"
"USC00106152","MOSCOW U OF I, ID US","2024-10-16","0.40","0.0","65","47"
"USC00106152","MOSCOW U OF I, ID US","2024-10-17","0.04","0.0","51","35"
"USC00106152","MOSCOW U OF I, ID US","2024-10-18","0.00","0.0","53","27"
"USC00106152","MOSCOW U OF I, ID US","2024-10-19","0.00","0.0","65","44"
"USC00106152","MOSCOW U OF I, ID US","2024-10-20","0.00","0.0","73","44"
"USC00106152","MOSCOW U OF I, ID US","2024-10-21","0.67","0.0","68","44"
"USC00106152","MOSCOW U OF I, ID US","2024-10-22","0.00","0.0","55","29"
"USC00106152","MOSCOW U OF I, ID US","2024-10-23","0.00","0.0","53","30"
"USC00106152","MOSCOW U OF I, ID US","2024-10-24","0.00","0.0","52","25"
"USC00106152","MOSCOW U OF I, ID US","2024-10-25","0.00","0.0","58","31"
"USC00106152","MOSCOW U OF I, ID US","2024-10-26","0.00","0.0","69","41"
"USC00106152","MOSCOW U OF I, ID US","2024-10-27","0.01","0.0","66","46"
"USC00106152","MOSCOW U OF I, ID US","2024-10-28","0.00","0.0","51","31"
"USC00106152","MOSCOW U OF I, ID US","2024-10-29","0.00","0.0","50","25"
"USC00106152","MOSCOW U OF I, ID US","2024-10-30","0.00","0.0","50","30"
"USC00106152","MOSCOW U OF I, ID US","2024-10-31","0.25","0.0","45","37"
"USC00106152","MOSCOW U OF I, ID US","2024-11-01","0.04","0.0","52","35"
"USC00106152","MOSCOW U OF I, ID US","2024-11-02","0.32","0.0","48","39"
"USC00106152","MOSCOW U OF I, ID US","2024-11-03","0.01","0.0","46","31"
"USC00106152","MOSCOW U OF I, ID US","2024-11-04","0.35","0.3","46","28"
"USC00106152","MOSCOW U OF I, ID US","2024-11-05","0.11","0.0","46","34"
"USC00106152","MOSCOW U OF I, ID US","2024-11-06","0.00","0.0","46","24"
"USC00106152","MOSCOW U OF I, ID US","2024-11-07","0.00","0.0","48","29"
"USC00106152","MOSCOW U OF I, ID US","2024-11-08","0.00","0.0","54","32"
"USC00106152","MOSCOW U OF I, ID US","2024-11-09","0.00","0.0","51","34"
"USC00106152","MOSCOW U OF I, ID US","2024-11-10","0.06","0.0","46","39"
"USC00106152","MOSCOW U OF I, ID US","2024-11-11","0.05","0.0","49","41"
"USC00106152","MOSCOW U OF I, ID US","2024-11-12","0.01","0.0","50","38"
"USC00106152","MOSCOW U OF I, ID US","2024-11-13","0.49","0.0","44","34"
"USC00106152","MOSCOW U OF I, ID US","2024-11-14","0.16","0.0","51","39"
"USC00106152","MOSCOW U OF I, ID US","2024-11-15","0.00","0.0","45","26"
"USC00106152","MOSCOW U OF I, ID US","2024-11-16","0.05","0.2","39","26"
"USC00106152","MOSCOW U OF I, ID US","2024-11-17","1.02","0.0","39","32"
"USC00106152","MOSCOW U OF I, ID US","2024-11-18","0.13","0.2","40","31"
"USC00106152","MOSCOW U OF I, ID US","2024-11-19","0.02","0.0","35","26"
"USC00106152","MOSCOW U OF I, ID US","2024-11-20","0.12","0.5","39","30"
"USC00106152","MOSCOW U OF I, ID US","2024-11-21","0.11","0.0","45","37"
"USC00106152","MOSCOW U OF I, ID US","2024-11-22","0.66","0.0","50","38"
"USC00106152","MOSCOW U OF I, ID US","2024-11-23","0.89","0.0","47","36"
"USC00106152","MOSCOW U OF I, ID US","2024-11-24","0.01","0.0","45","31"
"USC00106152","MOSCOW U OF I, ID US","2024-11-25","0.00","0.0","40","31"
"USC00106152","MOSCOW U OF I, ID US","2024-11-26","0.09","0.0","38","33"
"USC00106152","MOSCOW U OF I, ID US","2024-11-27","0.01","0.0","39","31"
"USC00106152","MOSCOW U OF I, ID US","2024-11-28","0.00","0.0","40","27"
"USC00106152","MOSCOW U OF I, ID US","2024-11-29","0.00","0.0","38","28"
"USC00106152","MOSCOW U OF I, ID US","2024-11-30","0.00","0.0","40","24"
"USC00106152","MOSCOW U OF I, ID US","2024-12-01","0.00","0.0","47","29"
"USC00106152","MOSCOW U OF I, ID US","2024-12-02","0.00","0.0","35","24"
"USC00106152","MOSCOW U OF I, ID US","2024-12-03","0.00","0.0","31","26"
"USC00106152","MOSCOW U OF I, ID US","2024-12-04","0.00","0.0","30","26"
"USC00106152","MOSCOW U OF I, ID US","2024-12-05","0.00","0.0","30","26"
"USC00106152","MOSCOW U OF I, ID US","2024-12-06","0.00","0.0","30","25"
"USC00106152","MOSCOW U OF I, ID US","2024-12-07","0.18","0.0","41","29"
"USC00106152","MOSCOW U OF I, ID US","2024-12-08","0.17","0.0","40","33"
"USC00106152","MOSCOW U OF I, ID US","2024-12-09","0.01","0.0","36","31"
"USC00106152","MOSCOW U OF I, ID US","2024-12-10","0.00","0.0","38","26"
"USC00106152","MOSCOW U OF I, ID US","2024-12-11","0.00","0.0","38","30"
"USC00106152","MOSCOW U OF I, ID US","2024-12-12","0.00","0.0","37","28"
"USC00106152","MOSCOW U OF I, ID US","2024-12-13","0.27","0.5","38","28"
"USC00106152","MOSCOW U OF I, ID US","2024-12-14","0.14","0.0","48","34"
"USC00106152","MOSCOW U OF I, ID US","2024-12-15","0.00","0.0","40","33"
"USC00106152","MOSCOW U OF I, ID US","2024-12-16","0.11","1.0","34","27"
"USC00106152","MOSCOW U OF I, ID US","2024-12-17","0.43","0.0","38","29"
"USC00106152","MOSCOW U OF I, ID US","2024-12-18","0.10","0.0","50","36"
"USC00106152","MOSCOW U OF I, ID US","2024-12-19","0.00","0.0","44","32"
"USC00106152","MOSCOW U OF I, ID US","2024-12-20","0.00","0.0","50","37"
"USC00106152","MOSCOW U OF I, ID US","2024-12-21","0.19","0.0","45","34"
"USC00106152","MOSCOW U OF I, ID US","2024-12-22","0.07","0.0","45","31"
"USC00106152","MOSCOW U OF I, ID US","2024-12-23","0.30","0.0","48","38"
"USC00106152","MOSCOW U OF I, ID US","2024-12-24","0.35","0.0","40","35"
"USC00106152","MOSCOW U OF I, ID US","2024-12-25","0.04","0.0","40","32"
"USC00106152","MOSCOW U OF I, ID US","2024-12-26","0.30","0.0","45","29"
"USC00106152","MOSCOW U OF I, ID US","2024-12-27","0.06","0.0","43","32"
"USC00106152","MOSCOW U OF I, ID US","2024-12-28","0.40","0.0","46","36"
"USC00106152","MOSCOW U OF I, ID US","2024-12-29","0.49","0.0","44","31"
"USC00106152","MOSCOW U OF I, ID US","2024-12-30","0.19","0.0","40","30"
"USC00106152","MOSCOW U OF I, ID US","2024-12-31","0.11","2.0","38","30"
"USC00106152","MOSCOW U OF I, ID US","2025-01-01","0.10","1.5","33","27"
"USC00106152","MOSCOW U OF I, ID US","2025-01-02","0.09","0.0","34","29"
"USC00106152","MOSCOW U OF I, ID US","2025-01-03","0.62","0.0","36","33"
"USC00106152","MOSCOW U OF I, ID US","2025-01-04","0.34","3.9","40","26"
"USC00106152","MOSCOW U OF I, ID US","2025-01-05","0.26","0.0","36","32"
"USC00106152","MOSCOW U OF I, ID US","2025-01-06","0.01","0.0","36","30"
"USC00106152","MOSCOW U OF I, ID US","2025-01-07","0.00","0.0","34","30"
"USC00106152","MOSCOW U OF I, ID US","2025-01-08","0.05","0.5","36","29"
"USC00106152","MOSCOW U OF I, ID US","2025-01-09","0.00","0.0","36","28"
"USC00106152","MOSCOW U OF I, ID US","2025-01-10","0.24","1.5","36","30"
"USC00106152","MOSCOW U OF I, ID US","2025-01-11","0.10","1.0","37","28"
"USC00106152","MOSCOW U OF I, ID US","2025-01-12","0.00","0.0","36","30"
"USC00106152","MOSCOW U OF I, ID US","2025-01-13","0.00","0.0","37","29"
"USC00106152","MOSCOW U OF I, ID US","2025-01-14","0.00","0.0","38","24"
"USC00106152","MOSCOW U OF I, ID US","2025-01-15","0.00","0.0","42","27"
"USC00106152","MOSCOW U OF I, ID US","2025-01-16","0.00","0.0","48","30"
"USC00106152","MOSCOW U OF I, ID US","2025-01-17","0.00","0.0","38","25"
"USC00106152","MOSCOW U OF I, ID US","2025-01-18","0.00","0.0","33","16"
"USC00106152","MOSCOW U OF I, ID US","2025-01-19","0.00","0.0","32","18"
"USC00106152","MOSCOW U OF I, ID US","2025-01-20","0.00","0.0","30","11"
"USC00106152","MOSCOW U OF I, ID US","2025-01-21","0.00","0.0","31","19"
"USC00106152","MOSCOW U OF I, ID US","2025-01-22","0.00","0.0","39","11"
"USC00106152","MOSCOW U OF I, ID US","2025-01-23","0.00","0.0","37","20"
"USC00106152","MOSCOW U OF I, ID US","2025-01-24","0.00","0.0","34","20"
"USC00106152","MOSCOW U OF I, ID US","2025-01-25","0.00","0.0","38","12"
"USC00106152","MOSCOW U OF I, ID US","2025-01-26","0.00","0.0","37","12"
"USC00106152","MOSCOW U OF I, ID US","2025-01-27","0.00","0.0","38","13"
"USC00106152","MOSCOW U OF I, ID US","2025-01-28","0.00","0.0","41","13"
"USC00106152","MOSCOW U OF I, ID US","2025-01-29","0.00","0.0","42","18"
"USC00106152","MOSCOW U OF I, ID US","2025-01-30","0.00","0.0","47","24"
"USC00106152","MOSCOW U OF I, ID US","2025-01-31","0.18","0.3","41","32"
"USC00106152","MOSCOW U OF I, ID US","2025-02-01","0.29","0.0","42","33"
"USC00106152","MOSCOW U OF I, ID US","2025-02-02","0.00","0.0","33","28"
"USC00106152","MOSCOW U OF I, ID US","2025-02-03","0.00","0.0","36","26"
"USC00106152","MOSCOW U OF I, ID US","2025-02-04","0.15","1.0","34","28"
"USC00106152","MOSCOW U OF I, ID US","2025-02-05","0.24","4.0","30","16"
"USC00106152","MOSCOW U OF I, ID US","2025-02-06","0.01","0.0","35","21"
"USC00106152","MOSCOW U OF I, ID US","2025-02-07","0.01","0.0","35","19"
"USC00106152","MOSCOW U OF I, ID US","2025-02-08","0.13","3.0","29","15"
"USC00106152","MOSCOW U OF I, ID US","2025-02-09","0.01","0.5","33","24"
"USC00106152","MOSCOW U OF I, ID US","2025-02-10","0.00","0.0","30","0"
"USC00106152","MOSCOW U OF I, ID US","2025-02-11","0.01","1.0","18","-2"
"USC00106152","MOSCOW U OF I, ID US","2025-02-12","0.00","0.0","12","-14"
"USC00106152","MOSCOW U OF I, ID US","2025-02-13","0.01","0.1","24","1"
"USC00106152","MOSCOW U OF I, ID US","2025-02-14","0.09","2.0","27","18"
"USC00106152","MOSCOW U OF I, ID US","2025-02-15","0.02","0.2","36","19"
"USC00106152","MOSCOW U OF I, ID US","2025-02-16","0.34","4.2","36","28"
"USC00106152","MOSCOW U OF I, ID US","2025-02-17","0.37","2.1","38","30"
"USC00106152","MOSCOW U OF I, ID US","2025-02-18","0.04","0.2","41","29"
"USC00106152","MOSCOW U OF I, ID US","2025-02-19","0.24","0.3","36","28"
"USC00106152","MOSCOW U OF I, ID US","2025-02-20","0.17","0.0","44","31"
"USC00106152","MOSCOW U OF I, ID US","2025-02-21","0.00","0.0","41","23"
"USC00106152","MOSCOW U OF I, ID US","2025-02-22","0.05","0.0","44","33"
"USC00106152","MOSCOW U OF I, ID US","2025-02-23","1.10","0.0","47","36"
"USC00106152","MOSCOW U OF I, ID US","2025-02-24","0.40","0.0","50","33"
"USC00106152","MOSCOW U OF I, ID US","2025-02-25","0.15","0.0","47","35"
"USC00106152","MOSCOW U OF I, ID US","2025-02-26","0.00","0.0","50","29"
"USC00106152","MOSCOW U OF I, ID US","2025-02-27","0.00","0.0","56","34"
"USC00106152","MOSCOW U OF I, ID US","2025-02-28","0.00","0.0","59","32"
"USC00106152","MOSCOW U OF I, ID US","2025-03-01","0.00","0.0","58","34"
"USC00106152","MOSCOW U OF I, ID US","2025-03-02","0.00","0.0","53","32"
"USC00106152","MOSCOW U OF I, ID US","2025-03-03","0.00","0.0","57","39"
"USC00106152","MOSCOW U OF I, ID US","2025-03-04","0.02","0.0","50","31"
"USC00106152","MOSCOW U OF I, ID US","2025-03-05","0.00","0.0","50","26"
"USC00106152","MOSCOW U OF I, ID US","2025-03-06","0.00","0.0","48","22"
"USC00106152","MOSCOW U OF I, ID US","2025-03-07","0.00","0.0","49","21"
"USC00106152","MOSCOW U OF I, ID US","2025-03-08","0.00","0.0","58","30"
"USC00106152","MOSCOW U OF I, ID US","2025-03-09","0.00","0.0","58","36"
"USC00106152","MOSCOW U OF I, ID US","2025-03-10","0.15","0.0","53","34"
"USC00106152","MOSCOW U OF I, ID US","2025-03-11","0.06","0.0","49","37"
"USC00106152","MOSCOW U OF I, ID US","2025-03-12","0.30","0.0","51","37"
"USC00106152","MOSCOW U OF I, ID US","2025-03-13","0.02","0.0","48","36"
"USC00106152","MOSCOW U OF I, ID US","2025-03-14","0.00","0.0","46","23"
"USC00106152","MOSCOW U OF I, ID US","2025-03-15","0.30","1.6","42","31"
"USC00106152","MOSCOW U OF I, ID US","2025-03-16","0.23","0.0","45","32"
"USC00106152","MOSCOW U OF I, ID US","2025-03-17","0.27","2.0","40","29"
"USC00106152","MOSCOW U OF I, ID US","2025-03-18","0.00","0.0","42","28"
"USC00106152","MOSCOW U OF I, ID US","2025-03-19","0.00","0.0","48","25"
"USC00106152","MOSCOW U OF I, ID US","2025-03-20","0.05","0.0","46","35"
"USC00106152","MOSCOW U OF I, ID US","2025-03-21","0.28","0.0","51","35"
"USC00106152","MOSCOW U OF I, ID US","2025-03-22","0.29","0.0","47","33"
"USC00106152","MOSCOW U OF I, ID US","2025-03-23","0.34","0.0","46","32"
"USC00106152","MOSCOW U OF I, ID US","2025-03-24","0.02","0.0","62","41"
"USC00106152","MOSCOW U OF I, ID US","2025-03-25","0.00","0.0","73","43"
"USC00106152","MOSCOW U OF I, ID US","2025-03-26","0.00","0.0","75","45"
"USC00106152","MOSCOW U OF I, ID US","2025-03-27","0.02","0.0","72","47"
"USC00106152","MOSCOW U OF I, ID US","2025-03-28","0.17","0.0","52","40"
"USC00106152","MOSCOW U OF I, ID US","2025-03-29","0.00","0.0","52","29"
"USC00106152","MOSCOW U OF I, ID US","2025-03-30","0.00","0.0","57","27"
"USC00106152","MOSCOW U OF I, ID US","2025-03-31","0.37","0.0","54","33"
"USC00106152","MOSCOW U OF I, ID US","2025-04-01","0.01","0.0","46","31"
"USC00106152","MOSCOW U OF I, ID US","2025-04-02","0.00","0.0","50","28"
"USC00106152","MOSCOW U OF I, ID US","2025-04-03","0.08","0.0","46","29"
"USC00106152","MOSCOW U OF I, ID US","2025-04-04","0.00","0.0","54","29"
"USC00106152","MOSCOW U OF I, ID US","2025-04-05","0.00","0.0","63","27"
"USC00106152","MOSCOW U OF I, ID US","2025-04-06","0.00","0.0","69","33"
"USC00106152","MOSCOW U OF I, ID US","2025-04-07","0.18","0.0","67","40"
"USC00106152","MOSCOW U OF I, ID US","2025-04-08","0.28","0.0","57","34"
"USC00106152","MOSCOW U OF I, ID US","2025-04-09","0.05","0.0","57","33"
"USC00106152","MOSCOW U OF I, ID US","2025-04-10","0.00","0.0","73","40"
"USC00106152","MOSCOW U OF I, ID US","2025-04-11","0.00","0.0","67","42"
"USC00106152","MOSCOW U OF I, ID US","2025-04-12","0.00","0.0","55","30"
"USC00106152","MOSCOW U OF I, ID US","2025-04-13","0.00","0.0","54","23"
"USC00106152","MOSCOW U OF I, ID US","2025-04-14","0.00","0.0","67","29"
"USC00106152","MOSCOW U OF I, ID US","2025-04-15","0.00","0.0","68","35"
"USC00106152","MOSCOW U OF I, ID US","2025-04-16","0.00","0.0","64","36"
"USC00106152","MOSCOW U OF I, ID US","2025-04-17","0.00","0.0","57","26"
"USC00106152","MOSCOW U OF I, ID US","2025-04-18","0.00","0.0","60","28"
"USC00106152","MOSCOW U OF I, ID US","2025-04-19","0.02","0.0","64","30"
"USC00106152","MOSCOW U OF I, ID US","2025-04-20","0.00","0.0","59","27"
"USC00106152","MOSCOW U OF I, ID US","2025-04-21","0.00","0.0","55","35"
"USC00106152","MOSCOW U OF I, ID US","2025-04-22","0.00","0.0","56","25"
"USC00106152","MOSCOW U OF I, ID US","2025-04-23","0.00","0.0","62","23"
"USC00106152","MOSCOW U OF I, ID US","2025-04-24","0.00","0.0","69","25"
"USC00106152","MOSCOW U OF I, ID US","2025-04-25","0.00","0.0","73","35"
"USC00106152","MOSCOW U OF I, ID US","2025-04-26","0.00","0.0","70","34"
"USC00106152","MOSCOW U OF I, ID US","2025-04-27","0.00","0.0","66","32"
"USC00106152","MOSCOW U OF I, ID US","2025-04-28","0.00","0.0","66","35"
"USC00106152","MOSCOW U OF I, ID US","2025-04-29","0.22","0.0","61","43"
"USC00106152","MOSCOW U OF I, ID US","2025-04-30","0.02","0.0","63","30"
"USC00106152","MOSCOW U OF I, ID US","2025-05-01","0.00","0.0","71","34"
"USC00106152","MOSCOW U OF I, ID US","2025-05-02","0.00","0.0","80","41"
"USC00106152","MOSCOW U OF I, ID US","2025-05-03","0.00","0.0","77","40"
"USC00106152","MOSCOW U OF I, ID US","2025-05-04","0.02","0.0","60","39"
"USC00106152","MOSCOW U OF I, ID US","2025-05-05","0.00","0.0","65","25"
"USC00106152","MOSCOW U OF I, ID US","2025-05-06","0.00","0.0","70","28"
"USC00106152","MOSCOW U OF I, ID US","2025-05-07","0.00","0.0","76","38"
"USC00106152","MOSCOW U OF I, ID US","2025-05-08","0.00","0.0","72","45"
"USC00106152","MOSCOW U OF I, ID US","2025-05-09","0.00","0.0","80","37"
"USC00106152","MOSCOW U OF I, ID US","2025-05-10","0.00","0.0","80","38"
"USC00106152","MOSCOW U OF I, ID US","2025-05-11","0.01","0.0","72","43"
"USC00106152","MOSCOW U OF I, ID US","2025-05-12","0.46","0.0","63","32"
"USC00106152","MOSCOW U OF I, ID US","2025-05-13","0.23","0.0","59","38"
"USC00106152","MOSCOW U OF I, ID US","2025-05-14","0.00","0.0","60","42"
"USC00106152","MOSCOW U OF I, ID US","2025-05-15","0.03","0.0","61","34"
"USC00106152","MOSCOW U OF I, ID US","2025-05-16","0.35","0.0","59","41"
"USC00106152","MOSCOW U OF I, ID US","2025-05-17","0.00","0.0","65","40"
"USC00106152","MOSCOW U OF I, ID US","2025-05-18","0.20","0.0","54","39"
"USC00106152","MOSCOW U OF I, ID US","2025-05-19","0.08","0.0","55","33"
"USC00106152","MOSCOW U OF I, ID US","2025-05-20","0.28","0.0","59","40"
"USC00106152","MOSCOW U OF I, ID US","2025-05-21","0.00","0.0","64","31"
"USC00106152","MOSCOW U OF I, ID US","2025-05-22","0.00","0.0","63","40"
"USC00106152","MOSCOW U OF I, ID US","2025-05-23","0.00","0.0","70","36"
"USC00106152","MOSCOW U OF I, ID US","2025-05-24","0.00","0.0","75","37"
"USC00106152","MOSCOW U OF I, ID US","2025-05-25","0.00","0.0","84","48"
"USC00106152","MOSCOW U OF I, ID US","2025-05-26","0.00","0.0","79","37"
"USC00106152","MOSCOW U OF I, ID US","2025-05-27","0.00","0.0","75","39"
"USC00106152","MOSCOW U OF I, ID US","2025-05-28","0.00","0.0","85","42"
"USC00106152","MOSCOW U OF I, ID US","2025-05-29","0.00","0.0","84","44"
"USC00106152","MOSCOW U OF I, ID US","2025-05-30","0.00","0.0","82","37"
"USC00106152","MOSCOW U OF I, ID US","2025-05-31","0.00","0.0","84","46"
"USC00106152","MOSCOW U OF I, ID US","2025-06-01","0.00","0.0","78","40"
"USC00106152","MOSCOW U OF I, ID US","2025-06-02","0.00","0.0","69","29"
"USC00106152","MOSCOW U OF I, ID US","2025-06-03","0.00","0.0","72","28"
"USC00106152","MOSCOW U OF I, ID US","2025-06-04","0.00","0.0","75","40"
"USC00106152","MOSCOW U OF I, ID US","2025-06-05","0.00","0.0","80","30"
"USC00106152","MOSCOW U OF I, ID US","2025-06-06","0.00","0.0","81","40"
"USC00106152","MOSCOW U OF I, ID US","2025-06-07","0.00","0.0","83","46"
"USC00106152","MOSCOW U OF I, ID US","2025-06-08","0.00","0.0","87","45"
"USC00106152","MOSCOW U OF I, ID US","2025-06-09","0.00","0.0","92","46"
"USC00106152","MOSCOW U OF I, ID US","2025-06-10","0.00","0.0","90","49"
"USC00106152","MOSCOW U OF I, ID US","2025-06-11","0.00","0.0","88","45"
"USC00106152","MOSCOW U OF I, ID US","2025-06-12","0.00","0.0","78","43"
"USC00106152","MOSCOW U OF I, ID US","2025-06-13","0.00","0.0","77","44"
"USC00106152","MOSCOW U OF I, ID US","2025-06-14","0.00","0.0","74","36"
"USC00106152","MOSCOW U OF I, ID US","2025-06-15","0.00","0.0","80","32"
"USC00106152","MOSCOW U OF I, ID US","2025-06-16","0.00","0.0","83","37"
"USC00106152","MOSCOW U OF I, ID US","2025-06-17","0.00","0.0","80","40"
"USC00106152","MOSCOW U OF I, ID US","2025-06-18","0.00","0.0","80","42"
"USC00106152","MOSCOW U OF I, ID US","2025-06-19","0.00","0.0","80","35"
"USC00106152","MOSCOW U OF I, ID US","2025-06-20","0.01","0.0","72","44"
"USC00106152","MOSCOW U OF I, ID US","2025-06-21","0.00","0.0","68","33"
"USC00106152","MOSCOW U OF I, ID US","2025-06-22","0.09","0.0","66","39"
"USC00106152","MOSCOW U OF I, ID US","2025-06-23","0.00","0.0","76","32"
"USC00106152","MOSCOW U OF I, ID US","2025-06-24","0.00","0.0","85","46"
"USC00106152","MOSCOW U OF I, ID US","2025-06-25","0.00","0.0","83","44"
"USC00106152","MOSCOW U OF I, ID US","2025-06-26","0.00","0.0","79","47"
"USC00106152","MOSCOW U OF I, ID US","2025-06-27","0.00","0.0","78","57"
"USC00106152","MOSCOW U OF I, ID US","2025-06-28","0.00","0.0","74","45"
"USC00106152","MOSCOW U OF I, ID US","2025-06-29","0.00","0.0","85","41"
"USC00106152","MOSCOW U OF I, ID US","2025-06-30","0.00","0.0","92","45"
"USC00106152","MOSCOW U OF I, ID US","2025-07-01","0.00","0.0","95","46"
"USC00106152","MOSCOW U OF I, ID US","2025-07-02","0.00","0.0","93","49"
"USC00106152","MOSCOW U OF I, ID US","2025-07-03","0.00","0.0","86","41"
"USC00106152","MOSCOW U OF I, ID US","2025-07-04","0.00","0.0","79","35"
"USC00106152","MOSCOW U OF I, ID US","2025-07-05","0.00","0.0","79","41"
"USC00106152","MOSCOW U OF I, ID US","2025-07-06","0.00","0.0","85","42"
"USC00106152","MOSCOW U OF I, ID US","2025-07-07","0.00","0.0","91","44"
"USC00106152","MOSCOW U OF I, ID US","2025-07-08","0.00","0.0","97","46"
"USC00106152","MOSCOW U OF I, ID US","2025-07-09","0.00","0.0","94","45"
"USC00106152","MOSCOW U OF I, ID US","2025-07-10","0.00","0.0","85","49"
"USC00106152","MOSCOW U OF I, ID US","2025-07-11","0.00","0.0","87","42"
"USC00106152","MOSCOW U OF I, ID US","2025-07-12","0.00","0.0","90","41"
"USC00106152","MOSCOW U OF I, ID US","2025-07-13","0.00","0.0","96","46"
"USC00106152","MOSCOW U OF I, ID US","2025-07-14","0.00","0.0","96","51"
"USC00106152","MOSCOW U OF I, ID US","2025-07-15","0.00","0.0","89","54"
"USC00106152","MOSCOW U OF I, ID US","2025-07-16","0.00","0.0","86","50"
"USC00106152","MOSCOW U OF I, ID US","2025-07-17","0.00","0.0","90","44"
"USC00106152","MOSCOW U OF I, ID US","2025-07-18","0.00","0.0","92","49"
"USC00106152","MOSCOW U OF I, ID US","2025-07-19","0.00","0.0","85","51"
"USC00106152","MOSCOW U OF I, ID US","2025-07-20","0.00","0.0","78","49"
"USC00106152","MOSCOW U OF I, ID US","2025-07-21","0.08","0.0","73","54"
"USC00106152","MOSCOW U OF I, ID US","2025-07-22","0.00","0.0","79","43"
"USC00106152","MOSCOW U OF I, ID US","2025-07-23","0.00","0.0","87","49"
"USC00106152","MOSCOW U OF I, ID US","2025-07-24","0.00","0.0","91","47"
"USC00106152","MOSCOW U OF I, ID US","2025-07-25","0.00","0.0","89","46"
"USC00106152","MOSCOW U OF I, ID US","2025-07-26","0.00","0.0","84","49"
"USC00106152","MOSCOW U OF I, ID US","2025-07-27","0.00","0.0","88","46"
"USC00106152","MOSCOW U OF I, ID US","2025-07-28","0.03","0.0","93","45"
"USC00106152","MOSCOW U OF I, ID US","2025-07-29","0.00","0.0","96","49"
"USC00106152","MOSCOW U OF I, ID US","2025-07-30","0.00","0.0","100","56"
"USC00106152","MOSCOW U OF I, ID US","2025-07-31","0.00","0.0","93","56"
"USC00106152","MOSCOW U OF I, ID US","2025-08-01","0.03","0.0","87","57"
"USC00106152","MOSCOW U OF I, ID US","2025-08-02","0.03","0.0","88","58"
"USC00106152","MOSCOW U OF I, ID US","2025-08-03","0.00","0.0","83","46"
"USC00106152","MOSCOW U OF I, ID US","2025-08-04","0.00","0.0","81","40"
"USC00106152","MOSCOW U OF I, ID US","2025-08-05","0.00","0.0","85","43"
"USC00106152","MOSCOW U OF I, ID US","2025-08-06","0.00","0.0","80","47"
"USC00106152","MOSCOW U OF I, ID US","2025-08-07","0.08","0.0","82","45"
"USC00106152","MOSCOW U OF I, ID US","2025-08-08","0.01","0.0","78","42"
"USC00106152","MOSCOW U OF I, ID US","2025-08-09","0.00","0.0","86","48"
"USC00106152","MOSCOW U OF I, ID US","2025-08-10","0.00","0.0","92","45"
"USC00106152","MOSCOW U OF I, ID US","2025-08-11","0.00","0.0","96","55"
"USC00106152","MOSCOW U OF I, ID US","2025-08-12","0.00","0.0","96","50"
"USC00106152","MOSCOW U OF I, ID US","2025-08-13","0.00","0.0","94","54"
"USC00106152","MOSCOW U OF I, ID US","2025-08-14","0.00","0.0","88","55"
"USC00106152","MOSCOW U OF I, ID US","2025-08-15","0.00","0.0","84","41"
"USC00106152","MOSCOW U OF I, ID US","2025-08-16","0.08","0.0","79","59"
"USC00106152","MOSCOW U OF I, ID US","2025-08-17","0.00","0.0","80","49"
"USC00106152","MOSCOW U OF I, ID US","2025-08-18","0.00","0.0","85","49"
"USC00106152","MOSCOW U OF I, ID US","2025-08-19","0.00","0.0","86","47"
"USC00106152","MOSCOW U OF I, ID US","2025-08-20","0.00","0.0","82","41"
"USC00106152","MOSCOW U OF I, ID US","2025-08-21","0.00","0.0","88","44"
"USC00106152","MOSCOW U OF I, ID US","2025-08-22","0.00","0.0","93","43"
"USC00106152","MOSCOW U OF I, ID US","2025-08-23","0.00","0.0","97","52"
"USC00106152","MOSCOW U OF I, ID US","2025-08-24","0.00","0.0","96","51"
"USC00106152","MOSCOW U OF I, ID US","2025-08-25","0.00","0.0","99","51"
"USC00106152","MOSCOW U OF I, ID US","2025-08-26","0.00","0.0","95","56"
"USC00106152","MOSCOW U OF I, ID US","2025-08-27","0.03","0.0","88","65"
"USC00106152","MOSCOW U OF I, ID US","2025-08-28","0.03","0.0","82","59"
"USC00106152","MOSCOW U OF I, ID US","2025-08-29","0.00","0.0","90","56"
"USC00106152","MOSCOW U OF I, ID US","2025-08-30","0.00","0.0","93","54"
"USC00106152","MOSCOW U OF I, ID US","2025-08-31","0.00","0.0","99","60"
"USC00106152","MOSCOW U OF I, ID US","2025-09-01","0.00","0.0","102","58"
"USC00106152","MOSCOW U OF I, ID US","2025-09-02","0.00","0.0","100","58"
"USC00106152","MOSCOW U OF I, ID US","2025-09-03","0.00","0.0","98","54"
"USC00106152","MOSCOW U OF I, ID US","2025-09-04","0.00","0.0","95","53"
"USC00106152","MOSCOW U OF I, ID US","2025-09-05","0.00","0.0","93","56"
"USC00106152","MOSCOW U OF I, ID US","2025-09-06","0.00","0.0","89","56"
"USC00106152","MOSCOW U OF I, ID US","2025-09-07","0.00","0.0","86","49"
"USC00106152","MOSCOW U OF I, ID US","2025-09-08","0.00","0.0","86","55"
"USC00106152","MOSCOW U OF I, ID US","2025-09-09","0.00","0.0","85","51"
"USC00106152","MOSCOW U OF I, ID US","2025-09-10","0.00","0.0","81","44"
"USC00106152","MOSCOW U OF I, ID US","2025-09-11","0.03","0.0","80","52"
"USC00106152","MOSCOW U OF I, ID US","2025-09-12","0.10","0.0","77","53"
"USC00106152","MOSCOW U OF I, ID US","2025-09-13","0.00","0.0","84","50"
"USC00106152","MOSCOW U OF I, ID US","2025-09-14","0.17","0.0","77","51"
"USC00106152","MOSCOW U OF I, ID US","2025-09-15","0.26","0.0","64","49"
"USC00106152","MOSCOW U OF I, ID US","2025-09-16","0.00","0.0","80","46"
"USC00106152","MOSCOW U OF I, ID US","2025-09-17","0.00","0.0","88","54"
"USC00106152","MOSCOW U OF I, ID US","2025-09-18","0.00","0.0","88","50"
"USC00106152","MOSCOW U OF I, ID US","2025-09-19","0.00","0.0","86","50"
"USC00106152","MOSCOW U OF I, ID US","2025-09-20","0.00","0.0","87","44"
"USC00106152","MOSCOW U OF I, ID US","2025-09-21","0.23","0.0","84","49"
"USC00106152","MOSCOW U OF I, ID US","2025-09-22","0.00","0.0","71","33"
"USC00106152","MOSCOW U OF I, ID US","2025-09-23","0.00","0.0","82","39"
"USC00106152","MOSCOW U OF I, ID US","2025-09-24","0.00","0.0","88","47"
"USC00106152","MOSCOW U OF I, ID US","2025-09-25","0.00","0.0","85","49"
"USC00106152","MOSCOW U OF I, ID US","2025-09-26","0.00","0.0","77","36"
"USC00106152","MOSCOW U OF I, ID US","2025-09-27","0.00","0.0","83","40"
"USC00106152","MOSCOW U OF I, ID US","2025-09-28","0.00","0.0","85","47"
"USC00106152","MOSCOW U OF I, ID US","2025-09-29","0.00","0.0","77","47"
"USC00106152","MOSCOW U OF I, ID US","2025-09-30","0.10","0.0","71","49"
"USC00106152","MOSCOW U OF I, ID US","2025-10-01","0.03","0.0","72","50"
"USC00106152","MOSCOW U OF I, ID US","2025-10-02","0.09","0.0","63","46"
"USC00106152","MOSCOW U OF I, ID US","2025-10-03","0.01","0.0","69","47"
"USC00106152","MOSCOW U OF I, ID US","2025-10-04","0.00","0.0","64","38"
"USC00106152","MOSCOW U OF I, ID US","2025-10-05","0.01","0.0","64","33"
"USC00106152","MOSCOW U OF I, ID US","2025-10-06","0.00","0.0","66","30"
"USC00106152","MOSCOW U OF I, ID US","2025-10-07","0.00","0.0","72","36"
"USC00106152","MOSCOW U OF I, ID US","2025-10-08","0.00","0.0","77","45"
"USC00106152","MOSCOW U OF I, ID US","2025-10-09","0.00","0.0","81","52"
"USC00106152","MOSCOW U OF I, ID US","2025-10-10","0.00","0.0","76","47"
"USC00106152","MOSCOW U OF I, ID US","2025-10-11","0.18","0.0","64","42"
"USC00106152","MOSCOW U OF I, ID US","2025-10-12","0.14","0.0","44","41"
"USC00106152","MOSCOW U OF I, ID US","2025-10-13","0.10","0.0","54","37"
"USC00106152","MOSCOW U OF I, ID US","2025-10-14","0.00","0.0","55","30"
"USC00106152","MOSCOW U OF I, ID US","2025-10-15","0.00","0.0","53","24"
"USC00106152","MOSCOW U OF I, ID US","2025-10-16","0.00","0.0","59","24"
"USC00106152","MOSCOW U OF I, ID US","2025-10-17","0.00","0.0","61","34"
"USC00106152","MOSCOW U OF I, ID US","2025-10-18","0.00","0.0","57","32"
"USC00106152","MOSCOW U OF I, ID US","2025-10-19","0.32","0.0","54","40"
"USC00106152","MOSCOW U OF I, ID US","2025-10-20","0.01","0.0","52","25"
"USC00106152","MOSCOW U OF I, ID US","2025-10-21","0.00","0.0","65","36"
"USC00106152","MOSCOW U OF I, ID US","2025-10-22","0.00","0.0","69","37"
"USC00106152","MOSCOW U OF I, ID US","2025-10-23","0.00","0.0","63","29"
"USC00106152","MOSCOW U OF I, ID US","2025-10-24","0.00","0.0","63","42"
"USC00106152","MOSCOW U OF I, ID US","2025-10-25","0.20","0.0","64","32"
"USC00106152","MOSCOW U OF I, ID US","2025-10-26","0.00","0.0","54","34"
"USC00106152","MOSCOW U OF I, ID US","2025-10-27","0.16","0.0","51","30"
"USC00106152","MOSCOW U OF I, ID US","2025-10-28","0.02","0.0","47","28"
"USC00106152","MOSCOW U OF I, ID US","2025-10-29","0.06","0.0","53","39"
"USC00106152","MOSCOW U OF I, ID US","2025-10-30","0.00","0.0","55","30"
"USC00106152","MOSCOW U OF I, ID US","2025-10-31","0.00","0.0","51","30"
"USC00106152","MOSCOW U OF I, ID US","2025-11-01","0.09","0.0","58","44"
"USC00106152","MOSCOW U OF I, ID US","2025-11-02","0.25","0.0","56","31"
"USC00106152","MOSCOW U OF I, ID US","2025-11-03","0.03","0.0","49","32"
"USC00106152","MOSCOW U OF I, ID US","2025-11-04","0.45","0.0","50","38"
"USC00106152","MOSCOW U OF I, ID US","2025-11-05","0.13","0.0","51","42"
"USC00106152","MOSCOW U OF I, ID US","2025-11-06","0.04","0.0","55","42"
"USC00106152","MOSCOW U OF I, ID US","2025-11-07","0.21","0.0","52","37"
"USC00106152","MOSCOW U OF I, ID US","2025-11-08","0.00","0.0","51","31"
"USC00106152","MOSCOW U OF I, ID US","2025-11-09","0.00","0.0","55","36"
"USC00106152","MOSCOW U OF I, ID US","2025-11-10","0.01","0.0","56","41"
"USC00106152","MOSCOW U OF I, ID US","2025-11-11","0.08","0.0","58","38"
"USC00106152","MOSCOW U OF I, ID US","2025-11-12","0.00","0.0","61","41"
"USC00106152","MOSCOW U OF I, ID US","2025-11-13","0.00","0.0","60","45"
"USC00106152","MOSCOW U OF I, ID US","2025-11-14","0.10","0.0","56","44"
"USC00106152","MOSCOW U OF I, ID US","2025-11-15","0.06","0.0","57","45"
"USC00106152","MOSCOW U OF I, ID US","2025-11-16","0.22","0.0","51","44"
"USC00106152","MOSCOW U OF I, ID US","2025-11-17","0.29","0.0","52","44"
"USC00106152","MOSCOW U OF I, ID US","2025-11-18","0.09","0.0","50","37"
"USC00106152","MOSCOW U OF I, ID US","2025-11-19","0.00","0.0","46","26"
"USC00106152","MOSCOW U OF I, ID US","2025-11-20","0.02","0.0","46","32"
"USC00106152","MOSCOW U OF I, ID US","2025-11-21","0.00","0.0","45","33"
"USC00106152","MOSCOW U OF I, ID US","2025-11-22","0.00","0.0","50","34"
"USC00106152","MOSCOW U OF I, ID US","2025-11-23","0.04","0.0","47","40"
"USC00106152","MOSCOW U OF I, ID US","2025-11-24","0.40","0.0","45","32"
"USC00106152","MOSCOW U OF I, ID US","2025-11-25","0.00","0.0","40","26"
"USC00106152","MOSCOW U OF I, ID US","2025-11-26","0.35","0.0","39","32"
"USC00106152","MOSCOW U OF I, ID US","2025-11-27","0.08","0.0","41","35"
"USC00106152","MOSCOW U OF I, ID US","2025-11-28","0.39","0.0","41","34"
"USC00106152","MOSCOW U OF I, ID US","2025-11-29","0.00","0.0","37","25"
"USC00106152","MOSCOW U OF I, ID US","2025-11-30","0.00","0.0","32","27"
"USC00106152","MOSCOW U OF I, ID US","2025-12-01","0.00","0.0","32","26"
"USC00106152","MOSCOW U OF I, ID US","2025-12-02","0.18","2.8","31","28"
"USC00106152","MOSCOW U OF I, ID US","2025-12-03","0.00","0.0","33","27"
"USC00106152","MOSCOW U OF I, ID US","2025-12-04","0.39","2.5","35","31"
"USC00106152","MOSCOW U OF I, ID US","2025-12-05","0.36","0.0","45","31"
"USC00106152","MOSCOW U OF I, ID US","2025-12-06","0.08","0.0","47","38"
"USC00106152","MOSCOW U OF I, ID US","2025-12-07","0.20","0.0","44","36"
"USC00106152","MOSCOW U OF I, ID US","2025-12-08","0.56","0.0","48","40"
"USC00106152","MOSCOW U OF I, ID US","2025-12-09","0.27","0.0","55","38"
"USC00106152","MOSCOW U OF I, ID US","2025-12-10","0.51","0.0","59","37"
"USC00106152","MOSCOW U OF I, ID US","2025-12-11","0.61","0.0","57","46"
"USC00106152","MOSCOW U OF I, ID US","2025-12-12","0.49","0.0","55","45"
"USC00106152","MOSCOW U OF I, ID US","2025-12-13","0.00","0.0","53","37"
"USC00106152","MOSCOW U OF I, ID US","2025-12-14","0.00","0.0","51","37"
"USC00106152","MOSCOW U OF I, ID US","2025-12-15","0.27","0.0","50","40"
"USC00106152","MOSCOW U OF I, ID US","2025-12-16","0.14","0.0","52","39"
"USC00106152","MOSCOW U OF I, ID US","2025-12-17","0.76","0.0","45","37"
"USC00106152","MOSCOW U OF I, ID US","2025-12-18","0.49","2.5","37","30"
"USC00106152","MOSCOW U OF I, ID US","2025-12-19","1.44","0.0","49","31"
"USC00106152","MOSCOW U OF I, ID US","2025-12-20","0.00","0.0","43","29"
"USC00106152","MOSCOW U OF I, ID US","2025-12-21","0.03","0.0","38","30"
"USC00106152","MOSCOW U OF I, ID US","2025-12-22","0.09","0.0","44","29"
"USC00106152","MOSCOW U OF I, ID US","2025-12-23","0.07","0.0","43","33"
"USC00106152","MOSCOW U OF I, ID US","2025-12-24","0.02","0.0","55","37"
"USC00106152","MOSCOW U OF I, ID US","2025-12-25","0.17","0.0","51","38"
"USC00106152","MOSCOW U OF I, ID US","2025-12-26","0.43","0.0","50","32"
"USC00106152","MOSCOW U OF I, ID US","2025-12-27","0.46","0.1","38","25"
"USC00106152","MOSCOW U OF I, ID US","2025-12-28","0.00","0.0","31","15"
"USC00106152","MOSCOW U OF I, ID US","2025-12-29","0.00","0.0","35","22"
"USC00106152","MOSCOW U OF I, ID US","2025-12-30","0.00","0.0","40","24"
"USC00106152","MOSCOW U OF I, ID US","2025-12-31","0.00","0.0","43","28"
"USC00106152","MOSCOW U OF I, ID US","2026-01-01","0.00","0.0","40","28"
"USC00106152","MOSCOW U OF I, ID US","2026-01-02","0.00","0.0","45","32"
"USC00106152","MOSCOW U OF I, ID US","2026-01-03","0.46","0.0","54","37"
"USC00106152","MOSCOW U OF I, ID US","2026-01-04","0.22","0.0","46","40"
"USC00106152","MOSCOW U OF I, ID US","2026-01-05","0.06","0.0","42","34"
"USC00106152","MOSCOW U OF I, ID US","2026-01-06","0.14","0.0","36","27"
"USC00106152","MOSCOW U OF I, ID US","2026-01-07","0.98","0.0","41","29"
"USC00106152","MOSCOW U OF I, ID US","2026-01-08","0.12","3.0","36","30"
"USC00106152","MOSCOW U OF I, ID US","2026-01-09","0.00","0.0","42","29"
"USC00106152","MOSCOW U OF I, ID US","2026-01-10","0.00","0.0","39","31"
"USC00106152","MOSCOW U OF I, ID US","2026-01-11","0.00","0.0","41","33"
"USC00106152","MOSCOW U OF I, ID US","2026-01-12","0.00","0.0","48","35"
"USC00106152","MOSCOW U OF I, ID US","2026-01-13","0.00","0.0","49","35"
"USC00106152","MOSCOW U OF I, ID US","2026-01-14","0.00","0.0","51","32"
"USC00106152","MOSCOW U OF I, ID US","2026-01-15","0.00","0.0","45","26"
"USC00106152","MOSCOW U OF I, ID US","2026-01-16","0.00","0.0","37","30"
"USC00106152","MOSCOW U OF I, ID US","2026-01-17","0.00","0.0","32","27"
"USC00106152","MOSCOW U OF I, ID US","2026-01-18","0.00","0.0","30","27"
"USC00106152","MOSCOW U OF I, ID US","2026-01-19","0.00","0.0","29","26"
"USC00106152","MOSCOW U OF I, ID US","2026-01-20","0.00","0.0","29","25"
"USC00106152","MOSCOW U OF I, ID US","2026-01-21","0.00","0.0","29","25"
"USC00106152","MOSCOW U OF I, ID US","2026-01-22","0.00","0.0","28","24"
"USC00106152","MOSCOW U OF I, ID US","2026-01-23","0.00","0.0","29","24"
"USC00106152","MOSCOW U OF I, ID US","2026-01-24","0.00","0.0","28","21"
"USC00106152","MOSCOW U OF I, ID US","2026-01-25","0.00","0.0","36","16"
"USC00106152","MOSCOW U OF I, ID US","2026-01-26","0.00","0.0","37","19"
"USC00106152","MOSCOW U OF I, ID US","2026-01-27","0.00","0.0","46","25"
"USC00106152","MOSCOW U OF I, ID US","2026-01-28","0.00","0.0","46","28"
"USC00106152","MOSCOW U OF I, ID US","2026-01-29","0.07","0.0","47","32"
"USC00106152","MOSCOW U OF I, ID US","2026-01-30","0.03","0.0","47","36"
"USC00106152","MOSCOW U OF I, ID US","2026-01-31","0.00","0.0","52","36"
